Research ID,Batch ID,Medical Marijuana Center,Medical Marijuana Cultivation License,MM Manufacturer's,Manufacturer's License,Retail Marijuana Cultivation License,Retail Store,Retail Products Manufacturing
CO424171,2015-03-21-Drying Room-H,402-00242,403-00365,,,,,
CO424171,2015-05-08-Drying Room-H,402-00242,403-00365,,,,,
CO424171,2016-01-11-Drying Room-H,402-00242,403-00365,,,,,
CO424171,707-082615-8,402-00242,403-00365,,,,,
CO424171,707HB-062815-5,402-00242,403-00365,,,,,
CO424171,707HB-071315-10,402-00242,403-00365,,,,,
CO424171,707HB-071315-10,402-00242,403-00365,,,,,
CO424171,707HB-102315-6,402-00242,403-00365,,,,,
CO424171,707HB-111815-1,402-00242,403-00365,,,,,
CO424171,707HB-112915-1,402-00242,403-00365,,,,,
CO424171,707HB-120815-1,402-00242,403-00365,,,,,
CO424171,AK48-071115-2,402-00242,403-00365,,,,,
CO424171,AK48s2-092115-10,402-00242,403-00365,,,,,
CO424171,AMSD-081415-1,402-00242,403-00365,,,,,
CO424171,AmSourD-060515-4,402-00242,403-00365,,,,,
CO424171,BanK-100415-1,402-00242,403-00365,,,,,
CO424171,Bay11-060915-2,402-00242,403-00365,,,,,
CO424171,BdTah-111815-2LiveResin,402-00242,403-00365,,,,,
CO424171,BdTah-112715-2 HASHED,402-00242,403-00365,,,,,
CO424171,BdTh-013016-5,402-00242,403-00365,,,,,
CO424171,Bianca-091215-4,402-00242,403-00365,,,,,
CO424171,BiancaS1-060515-1,402-00242,403-00365,,,,,
CO424171,BiancaS1-111815-2,402-00242,403-00365,,,,,
CO424171,BK-112715-5,402-00242,403-00365,,,,,
CO424171,BlMn-050615-1HASHED,402-00242,403-00365,,,,,
CO424171,BluBld-060515-4,402-00242,403-00365,,,,,
CO424171,BluBlood-060915-1 (HASH),402-00242,403-00365,,,,,
CO424171,BluBlood-061115-4,402-00242,403-00365,,,,,
CO424171,BluBlood-061315-3,402-00242,403-00365,,,,,
CO424171,BluBlud-102315-9,402-00242,403-00365,,,,,
CO424171,BludBld(LiveResin)-062515-1,402-00242,403-00365,,,,,
CO424171,BLUEBLD-072215-6,402-00242,403-00365,,,,,
CO424171,blueblood-072315-18,402-00242,403-00365,,,,,
CO424171,BlueBlood-101415-4,402-00242,403-00365,,,,,
CO424171,BlueBloodHash-101415-1,402-00242,403-00365,,,,,
CO424171,BLWD-120815-1,402-00242,403-00365,,,,,
CO424171,BMOG-060515-1HASH,402-00242,403-00365,,,,,
CO424171,BMOG-060915-1 (live resin),402-00242,403-00365,,,,,
CO424171,BMOG-061315-5,402-00242,403-00365,,,,,
CO424171,BMOG-062415-2,402-00242,403-00365,,,,,
CO424171,BMOG-071415-1,402-00242,403-00365,,,,,
CO424171,BMOG-072215-7,402-00242,403-00365,,,,,
CO424171,BMOG-100415-6,402-00242,403-00365,,,,,
CO424171,Buddha-072315-1,402-00242,403-00365,,,,,
CO424171,BudTah-061115-6,402-00242,403-00365,,,,,
CO424171,BudTah-062315-7,402-00242,403-00365,,,,,
CO424171,BudTah-071315-1,402-00242,403-00365,,,,,
CO424171,BudTah-071615-5,402-00242,403-00365,,,,,
CO424171,BUDTAH-072215-1,402-00242,403-00365,,,,,
CO424171,BuTa-120815-1,402-00242,403-00365,,,,,
CO424171,CandyChz-060515-1,402-00242,403-00365,,,,,
CO424171,CanHz-012816-8,402-00242,403-00365,,,,,
CO424171,CBDY-012116-3,402-00242,403-00365,,,,,
CO424171,CBDY-071315-4,402-00242,403-00365,,,,,
CO424171,ChKndy-090415-6,402-00242,403-00365,,,,,
CO424171,ChKndy-092215-1,402-00242,403-00365,,,,,
CO424171,Choc-010416-7,402-00242,403-00365,,,,,
CO424171,Choc-120815-2,402-00242,403-00365,,,,,
CO424171,CHOCO-061115-3,402-00242,403-00365,,,,,
CO424171,CHOCO-061315-2,402-00242,403-00365,,,,,
CO424171,CHOCO-063015-7,402-00242,403-00365,,,,,
CO424171,Choco-070715-1,402-00242,403-00365,,,,,
CO424171,Choco-071115-4,402-00242,403-00365,,,,,
CO424171,Choco-071615-6,402-00242,403-00365,,,,,
CO424171,Choco-072315-2,402-00242,403-00365,,,,,
CO424171,Choco-082015-1,402-00242,403-00365,,,,,
CO424171,CHOCO-090115-13,402-00242,403-00365,,,,,
CO424171,Choco-091215-5,402-00242,403-00365,,,,,
CO424171,CHOCO-091415-3,402-00242,403-00365,,,,,
CO424171,CLope-091215-5,402-00242,403-00365,,,,,
CO424171,DChem-081815-7,402-00242,403-00365,,,,,
CO424171,Dchem-090415-1,402-00242,403-00365,,,,,
CO424171,DChem-091215-3,402-00242,403-00365,,,,,
CO424171,DChem-111515-1,402-00242,403-00365,,,,,
CO424171,Dchem-11815-1Hash,402-00242,403-00365,,,,,
CO424171,DChemhash-090915-001,402-00242,403-00365,,,,,
CO424171,Diesel-010216-1,402-00242,403-00365,,,,,
CO424171,DinaC-061315-3,402-00242,403-00365,,,,,
CO424171,DinaC-092215-2,402-00242,403-00365,,,,,
CO424171,DinaC-120115-1,402-00242,403-00365,,,,,
CO424171,DOG-010616-6,402-00242,403-00365,,,,,
CO424171,dog020216-13,402-00242,403-00365,,,,,
CO424171,DOG-052015-4,402-00242,403-00365,,,,,
CO424171,DOG-061015-8,402-00242,403-00365,,,,,
CO424171,DOG-070715-2,402-00242,403-00365,,,,,
CO424171,DOG-071115-10,402-00242,403-00365,,,,,
CO424171,DOG-071315-4,402-00242,403-00365,,,,,
CO424171,DOG-072215-1,402-00242,403-00365,,,,,
CO424171,DOG-083015-13,402-00242,403-00365,,,,,
CO424171,DOG-090915-9,402-00242,403-00365,,,,,
CO424171,DOG-101415-15,402-00242,403-00365,,,,,
CO424171,DOG-111015-25,402-00242,403-00365,,,,,
CO424171,Dog-111815-1Hash,402-00242,403-00365,,,,,
CO424171,DOG-111915-6,402-00242,403-00365,,,,,
CO424171,DOG-112815-2,402-00242,403-00365,,,,,
CO424171,DOG-120815-4,402-00242,403-00365,,,,,
CO424171,DOG-121815-23,402-00242,403-00365,,,,,
CO424171,DOGHASH-101415-1,402-00242,403-00365,,,,,
CO424171,DrkStr-010216-1,402-00242,403-00365,,,,,
CO424171,drkstr-012716-1,402-00242,403-00365,,,,,
CO424171,Ewe2-062415-2,402-00242,403-00365,,,,,
CO424171,Ewe2-101415-3,402-00242,403-00365,,,,,
CO424171,Ewe2-102415-3,402-00242,403-00365,,,,,
CO424171,EWE2-111515-5,402-00242,403-00365,,,,,
CO424171,EWE2-112815-1,402-00242,403-00365,,,,,
CO424171,Ewe2-120815-3,402-00242,403-00365,,,,,
CO424171,fifels2-012716-1,402-00242,403-00365,,,,,
CO424171,fifths1-012716-1,402-00242,403-00365,,,,,
CO424171,GCrack-111315-9,402-00242,403-00365,,,,,
CO424171,GGOAT-052115-4,402-00242,403-00365,,,,,
CO424171,GigB-010216-1,402-00242,403-00365,,,,,
CO424171,GldGoat-051915-01,402-00242,403-00365,,,,,
CO424171,GldGoat-060515-1HASH,402-00242,403-00365,,,,,
CO424171,GLDGOAT-061315-3,402-00242,403-00365,,,,,
CO424171,Gldlms-012716-1,402-00242,403-00365,,,,,
CO424171,GoldenGoat-051915-1,402-00242,403-00365,,,,,
CO424171,Grape13-120815-2,402-00242,403-00365,,,,,
CO424171,GrnCrk-012116-19,402-00242,403-00365,,,,,
CO424171,GRNCRK-081315-15,402-00242,403-00365,,,,,
CO424171,GrnCrk-111515-12,402-00242,403-00365,,,,,
CO424171,Grp13-013016-1,402-00242,403-00365,,,,,
CO424171,GRP13-073115-1,402-00242,403-00365,,,,,
CO424171,Grp13-112415-3,402-00242,403-00365,,,,,
CO424171,Grp13-120815-2,402-00242,403-00365,,,,,
CO424171,GSC-072215-5,402-00242,403-00365,,,,,
CO424171,GSC-081415-1,402-00242,403-00365,,,,,
CO424171,GSC-090815-1,402-00242,403-00365,,,,,
CO424171,GSC-091215-1,402-00242,403-00365,,,,,
CO424171,GSC-101315-8,402-00242,403-00365,,,,,
CO424171,GumBS1-010216-1,402-00242,403-00365,,,,,
CO424171,GumBS2-010216-1,402-00242,403-00365,,,,,
CO424171,HaBa-051615-2,402-00242,403-00365,,,,,
CO424171,HaBa-071615-9,402-00242,403-00365,,,,,
CO424171,HaBa-112415-3,402-00242,403-00365,,,,,
CO424171,Hawban011816-4,402-00242,403-00365,,,,,
CO424171,HAWBAN-061315-4,402-00242,403-00365,,,,,
CO424171,HawBan-072315-2,402-00242,403-00365,,,,,
CO424171,HawBan-111815-2,402-00242,403-00365,,,,,
CO424171,hdbnd-010816-3,402-00242,403-00365,,,,,
CO424171,JediK-071415-6,402-00242,403-00365,,,,,
CO424171,JediKush-072215-5,402-00242,403-00365,,,,,
CO424171,Jedis3-082215-2,402-00242,403-00365,,,,,
CO424171,JedS1-120815-1,402-00242,403-00365,,,,,
CO424171,JEDs3-070915-2,402-00242,403-00365,,,,,
CO424171,KandyK-051615-1,402-00242,403-00365,,,,,
CO424171,KandyK-070215-6,402-00242,403-00365,,,,,
CO424171,KANDYK-090115-9,402-00242,403-00365,,,,,
CO424171,KandyKush-060515-8,402-00242,403-00365,,,,,
CO424171,KandyKush-111815-2,402-00242,403-00365,,,,,
CO424171,KndyK-013016-5,402-00242,403-00365,,,,,
CO424171,KndyK-082215-2,402-00242,403-00365,,,,,
CO424171,KndyK-111015-12,402-00242,403-00365,,,,,
CO424171,Kosh-010616-4,402-00242,403-00365,,,,,
CO424171,Kosh-120815-1,402-00242,403-00365,,,,,
CO424171,KosherK-012016-9,402-00242,403-00365,,,,,
CO424171,KosherTangie-100515-6,402-00242,403-00365,,,,,
CO424171,KosherTangie-101415-8,402-00242,403-00365,,,,,
CO424171,KoshK011816-9,402-00242,403-00365,,,,,
CO424171,KoshK-090415-4,402-00242,403-00365,,,,,
CO424171,KoshK-112815-3,402-00242,403-00365,,,,,
CO424171,KoshKush-060515-5,402-00242,403-00365,,,,,
CO424171,Koshkush-061115-2,402-00242,403-00365,,,,,
CO424171,KoshTang-072215-7,402-00242,403-00365,,,,,
CO424171,KoshTng-111515-1,402-00242,403-00365,,,,,
CO424171,KTang-010316-11,402-00242,403-00365,,,,,
CO424171,KTang-070215-9,402-00242,403-00365,,,,,
CO424171,KTang-071615-6,402-00242,403-00365,,,,,
CO424171,KTang-092515-6,402-00242,403-00365,,,,,
CO424171,Ktang-111815-1,402-00242,403-00365,,,,,
CO424171,LemKushHB-072215-5,402-00242,403-00365,,,,,
CO424171,LemonKushHB-060515-4,402-00242,403-00365,,,,,
CO424171,LemonKushHB-072815-7,402-00242,403-00365,,,,,
CO424171,lemonskunk-061315-1,402-00242,403-00365,,,,,
CO424171,LKHB-082015-3,402-00242,403-00365,,,,,
CO424171,LKHB-101415-2,402-00242,403-00365,,,,,
CO424171,LKHB-111915-4,402-00242,403-00365,,,,,
CO424171,LKHB-120815-1,402-00242,403-00365,,,,,
CO424171,LmSk-011216-12,402-00242,403-00365,,,,,
CO424171,LMSK-061115-9,402-00242,403-00365,,,,,
CO424171,LmSk-070915-10,402-00242,403-00365,,,,,
CO424171,LMSK-081715-4,402-00242,403-00365,,,,,
CO424171,LmSk-102315-9,402-00242,403-00365,,,,,
CO424171,LmSk-111515-10,402-00242,403-00365,,,,,
CO424171,LOG-092515-5,402-00242,403-00365,,,,,
CO424171,LOG-100415-4,402-00242,403-00365,,,,,
CO424171,LSK-091415-17,402-00242,403-00365,,,,,
CO424171,Maku-111515-3,402-00242,403-00365,,,,,
CO424171,MasterK-072315-2,402-00242,403-00365,,,,,
CO424171,MasterKush-062315-6,402-00242,403-00365,,,,,
CO424171,MaTaS1-011516-1,402-00242,403-00365,,,,,
CO424171,Mystery-051915-001,402-00242,403-00365,,,,,
CO424171,Mystery-051915-01,402-00242,403-00365,,,,,
CO424171,OG#18-072215-4,402-00242,403-00365,,,,,
CO424171,OG18-081415-1,402-00242,403-00365,,,,,
CO424171,pcook-111815-1,402-00242,403-00365,,,,,
CO424171,PhanC-102415-4,402-00242,403-00365,,,,,
CO424171,phant-120115-1,402-00242,403-00365,,,,,
CO424171,Phant-120815-1,402-00242,403-00365,,,,,
CO424171,PhantCookie081815-14,402-00242,403-00365,,,,,
CO424171,PhantCookies-060515-11,402-00242,403-00365,,,,,
CO424171,PhantmnC-061915-9,402-00242,403-00365,,,,,
CO424171,PhantomC-051915-1,402-00242,403-00365,,,,,
CO424171,PHANTOMC-052015-2,402-00242,403-00365,,,,,
CO424171,PhantomC-062415-2,402-00242,403-00365,,,,,
CO424171,PhatC-071415-6,402-00242,403-00365,,,,,
CO424171,PhatC-102315-2,402-00242,403-00365,,,,,
CO424171,Phntm-090315-15,402-00242,403-00365,,,,,
CO424171,PinEx-092215-1,402-00242,403-00365,,,,,
CO424171,PlushBurry-091215-11,402-00242,403-00365,,,,,
CO424171,PPberryS2-100515-1,402-00242,403-00365,,,,,
CO424171,PPBerryS3(LiveResin)0625151,402-00242,403-00365,,,,,
CO424171,prpsk-012716-1,402-00242,403-00365,,,,,
CO424171,PRPSK-081415-2-LiveResin,402-00242,403-00365,,,,,
CO424171,PRPSK-091415-2,402-00242,403-00365,,,,,
CO424171,PrpSk-120815-10,402-00242,403-00365,,,,,
CO424171,PrpWk x BlWdo-080615-2,402-00242,403-00365,,,,,
CO424171,PrpWk-01115-2,402-00242,403-00365,,,,,
CO424171,PrpWk-080615-8,402-00242,403-00365,,,,,
CO424171,PrpWrk-120815-1,402-00242,403-00365,,,,,
CO424171,PurPBerryS1(LiveResin)-062515-1,402-00242,403-00365,,,,,
CO424171,PurpOG18-011516-1,402-00242,403-00365,,,,,
CO424171,PurpPine-060915-1,402-00242,403-00365,,,,,
CO424171,PurpPine-061315-8,402-00242,403-00365,,,,,
CO424171,PurpPineBerryS2-062515-3,402-00242,403-00365,,,,,
CO424171,PurpSkunk-052115-1,402-00242,403-00365,,,,,
CO424171,purpskunk-061315-2,402-00242,403-00365,,,,,
CO424171,PushBs2-071115-2,402-00242,403-00365,,,,,
CO424171,Pxp-010216-1,402-00242,403-00365,,,,,
CO424171,PXP-091215-7,402-00242,403-00365,,,,,
CO424171,Qrkl-010816-14,402-00242,403-00365,,,,,
CO424171,Qrkl-082515-7,402-00242,403-00365,,,,,
CO424171,Qrkl-090415-3,402-00242,403-00365,,,,,
CO424171,Qrkl-092215-1,402-00242,403-00365,,,,,
CO424171,Qrkl-101615-12,402-00242,403-00365,,,,,
CO424171,Querk-091215-3,402-00242,403-00365,,,,,
CO424171,Querkle-062515-1,402-00242,403-00365,,,,,
CO424171,Querkle-070130-10,402-00242,403-00365,,,,,
CO424171,SD-083015-5,402-00242,403-00365,,,,,
CO424171,shrksk-012716-1,402-00242,403-00365,,,,,
CO424171,Snow-091315-9,402-00242,403-00365,,,,,
CO424171,SnoWt-070715-6,402-00242,403-00365,,,,,
CO424171,SnoWt-071115-3,402-00242,403-00365,,,,,
CO424171,SnowWhite-061315-8,402-00242,403-00365,,,,,
CO424171,SourD-012816-6,402-00242,403-00365,,,,,
CO424171,SourD-111815-1Hash,402-00242,403-00365,,,,,
CO424171,SourD-111815-2,402-00242,403-00365,,,,,
CO424171,SRD-112415-2,402-00242,403-00365,,,,,
CO424171,SRD-120815-4,402-00242,403-00365,,,,,
CO424171,StraBanS2-091315-8,402-00242,403-00365,,,,,
CO424171,StraBanS3-091315-5,402-00242,403-00365,,,,,
CO424171,StrawBanS2-061615-1,402-00242,403-00365,,,,,
CO424171,StrawBanS3-062815-3,402-00242,403-00365,,,,,
CO424171,StrawBanS6-061615-1,402-00242,403-00365,,,,,
CO424171,StrawCoughS2-061615-2,402-00242,403-00365,,,,,
CO424171,tangilope-072815-10,402-00242,403-00365,,,,,
CO424171,Tangilope-100515-10,402-00242,403-00365,,,,,
CO424171,Snow-091315-9,402-00242,403-00365,,,,,
CO424171,SnoWt-070715-6,402-00242,403-00365,,,,,
CO424171,SnoWt-071115-3,402-00242,403-00365,,,,,
CO424171,SnowWhite-061315-8,402-00242,403-00365,,,,,
CO424171,SourD-012816-6,402-00242,403-00365,,,,,
CO424171,SourD-111815-1Hash,402-00242,403-00365,,,,,
CO424171,SourD-111815-2,402-00242,403-00365,,,,,
CO424171,SRD-112415-2,402-00242,403-00365,,,,,
CO424171,SRD-120815-4,402-00242,403-00365,,,,,
CO424171,StraBanS2-091315-8,402-00242,403-00365,,,,,
CO424171,StraBanS3-091315-5,402-00242,403-00365,,,,,
CO424171,StrawBanS2-061615-1,402-00242,403-00365,,,,,
CO424171,StrawBanS3-062815-3,402-00242,403-00365,,,,,
CO424171,StrawBanS6-061615-1,402-00242,403-00365,,,,,
CO424171,StrawCoughS2-061615-2,402-00242,403-00365,,,,,
CO424171,tangilope-072815-10,402-00242,403-00365,,,,,
CO424171,Tangilope-100515-10,402-00242,403-00365,,,,,
CO424172,012016 tanq1,,403-01366,,404-00352,,,
CO424172,012016 tranq1,,403-01366,,404-00352,,,
CO424172,012016 Tranq2,,403-01366,,404-00352,,,
CO424172,1/25/16 Purple Dream (PD012516),,403-01366,,404-00352,,,
CO424172,1/25/16 Ruskin Chronic (RC012516),,403-01366,,404-00352,,,
CO424172,1/25/16 Shoreline #4 (S4012516),,403-01366,,404-00352,,,
CO424172,1/25/16 Special Sour Diesel (SS012516),,403-01366,,404-00352,,,
CO424172,1/25/16 Sugar Black Rose (SB012516),,403-01366,,404-00352,,,
CO424172,1/26/16 Sugar Black Rose (SB012616),,403-01366,,404-00352,,,
CO424172,1/26/2016 Shoreline #1 (S1012616),,403-01366,,404-00352,,,
CO424172,1/28/16 Chem Dawg (CD012516),,403-01366,,404-00352,,,
CO424172,1-26-15 Shoreline #3 (SH012615),,403-01366,,404-00352,,,
CO424172,1-27-16 Blue Dream Sandee (BD012716),,403-01366,,404-00352,,,
CO424172,1-27-16 Jonesberry (JB012716),,403-01366,,404-00352,,,
CO424172,1-27-16 Purple Dream (PD012716),,403-01366,,404-00352,,,
CO424172,1-27-16 Special Sour Diesel (SS012716),,403-01366,,404-00352,,,
CO424172,1-27-16 Sugar Black Rose (SB012716),,403-01366,,404-00352,,,
CO424172,1-28-16 Jonesberry (JB012816),,403-01366,,404-00352,,,
CO424172,1-28-16 Maui (MA012816),,403-01366,,404-00352,,,
CO424172,1-29-16 Buddha's Sister (BS012916),,403-01366,,404-00352,,,
CO424172,1-29-16 Chem Dawg (CD012916),,403-01366,,404-00352,,,
CO424172,1-29-16 Maui (MA012916),,403-01366,,404-00352,,,
CO424172,2015-06-10-6-8-15 Flower Zone 6-H,,403-01366,,404-00352,,,
CO424172,2015-06-18-Drying Room-H,,403-01366,,404-00352,,,
CO424172,2016-02-08-Harvest-H,,403-01366,,404-00352,,,
CO424172,2016-02-09-Drying Room-H,,403-01366,,404-00352,,,
CO424172,2-10-16 Sugar Black Rose (SB021016),,403-01366,,404-00352,,,
CO424172,2-8-16 Orange Juice (Oj020816),,403-01366,,404-00352,,,
CO424172,2-9-16 Sugar Black Rose (SB020916),,403-01366,,404-00352,,,
CO424172,5-4-15 Ruskin Chronic,,403-01366,,404-00352,,,
CO424172,6-23-15 Pineapple Skunk,,403-01366,,404-00352,,,
CO424172,6-9-15 Chiesel,,403-01366,,404-00352,,,
CO424172,7-16-15 Pine Express,,403-01366,,404-00352,,,
CO424172,7-8-15 Early,,403-01366,,404-00352,,,
CO424172,8-10-15 Bubblr Bomb,,403-01366,,404-00352,,,
CO424172,8-10-15 Chem Dawg,,403-01366,,404-00352,,,
CO424172,8-10-15 Exodus Cheese,,403-01366,,404-00352,,,
CO424172,8-10-15 Obsession,,403-01366,,404-00352,,,
CO424172,8-10-15 OG-18,,403-01366,,404-00352,,,
CO424172,8-10-15 OJ,,403-01366,,404-00352,,,
CO424172,8-11-15 Blue Dream,,403-01366,,404-00352,,,
CO424172,8-11-15 JB -– WF,,403-01366,,404-00352,,,
CO424172,8-11-15 Shoreline,,403-01366,,404-00352,,,
CO424172,8-21-15 Sour Diesel,,403-01366,,404-00352,,,
CO424172,8-5-15 Shoreline,,403-01366,,404-00352,,,
CO424172,1-29-16 Buddha's Sister (BS012916),402-00875,"403-01367, 403-01571",,,,,
CO424172,1-29-16 Chem Dawg (CD012916),402-00875,"403-01367, 403-01571",,,,,
CO424172,1/4/16 Grape Ape,402-00875,"403-01367, 403-01571",,,,,
CO424172,1/4/16 NYCD Blast,402-00875,"403-01367, 403-01571",,,,,
CO424172,10-28-15 OJ Blast,402-00875,"403-01367, 403-01571",,,,,
CO424172,1-12-16 Grape Ape(R),402-00875,"403-01367, 403-01571",,,,,
CO424172,1-13-16 OJ,402-00875,"403-01367, 403-01571",,,,,
CO424172,1-19-16 Shoreline #3,402-00875,"403-01367, 403-01571",,,,,
CO424172,12-22-15 AK-47,402-00875,"403-01367, 403-01571",,,,,
CO424172,12-22-15 Lost Coast OG,402-00875,"403-01367, 403-01571",,,,,
CO424172,12-22-15 NYCD,402-00875,"403-01367, 403-01571",,,,,
CO424172,12-23 & 24-15 AK-47,402-00875,"403-01367, 403-01571",,,,,
CO424172,12-23-15 Girl Scout Cookies,402-00875,"403-01367, 403-01571",,,,,
CO424172,12-23-15 Sugar Blk Rose,402-00875,"403-01367, 403-01571",,,,,
CO424172,12-23-15 White Dragon,402-00875,"403-01367, 403-01571",,,,,
CO424172,12-28-15 AK-47,402-00875,"403-01367, 403-01571",,,,,
CO424172,1-29-16 Buddha's Sister (BS012916),402-00875,"403-01367, 403-01571",,,,,
CO424172,1-29-16 Chem Dawg (CD012916),402-00875,"403-01367, 403-01571",,,,,
CO424172,1/4/16 Grape Ape,402-00875,"403-01367, 403-01571",,,,,
CO424172,1/4/16 NYCD Blast,402-00875,"403-01367, 403-01571",,,,,
CO424172,10-28-15 OJ Blast,402-00875,"403-01367, 403-01571",,,,,
CO424172,1-12-16 Grape Ape(R),402-00875,"403-01367, 403-01571",,,,,
CO424172,1-13-16 OJ,402-00875,"403-01367, 403-01571",,,,,
CO424172,1-19-16 Shoreline #3,402-00875,"403-01367, 403-01571",,,,,
CO424172,12-22-15 AK-47,402-00875,"403-01367, 403-01571",,,,,
CO424172,12-22-15 Lost Coast OG,402-00875,"403-01367, 403-01571",,,,,
CO424172,12-22-15 NYCD,402-00875,"403-01367, 403-01571",,,,,
CO424172,12-23 & 24-15 AK-47,402-00875,"403-01367, 403-01571",,,,,
CO424172,12-23-15 Girl Scout Cookies,402-00875,"403-01367, 403-01571",,,,,
CO424172,12-23-15 Sugar Blk Rose,402-00875,"403-01367, 403-01571",,,,,
CO424172,12-23-15 White Dragon,402-00875,"403-01367, 403-01571",,,,,
CO424172,12-28-15 AK-47,402-00875,"403-01367, 403-01571",,,,,
CO424172,12-28-15 Cogniac Kush,402-00875,"403-01367, 403-01571",,,,,
CO424172,12-28-15 Golden Goat,402-00875,"403-01367, 403-01571",,,,,
CO424172,12-28-15 NYCD,402-00875,"403-01367, 403-01571",,,,,
CO424172,12-29-15 Lost Coast OG,402-00875,"403-01367, 403-01571",,,,,
CO424172,12-29-15 NYCD,402-00875,"403-01367, 403-01571",,,,,
CO424172,12-30-15 AK-47,402-00875,"403-01367, 403-01571",,,,,
CO424172,12-30-15 Chem Dawg,402-00875,"403-01367, 403-01571",,,,,
CO424172,12-30-15 Golden Goat,402-00875,"403-01367, 403-01571",,,,,
CO424172,12-30-15 Grape Ape,402-00875,"403-01367, 403-01571",,,,,
CO424172,12-30-15 Sugar Black Rose,402-00875,"403-01367, 403-01571",,,,,
CO424172,12-31-15 Jonesberry,402-00875,"403-01367, 403-01571",,,,,
CO424172,12-31-15 OJ,402-00875,"403-01367, 403-01571",,,,,
CO424172,12-31-15 Rocky Mountain Tangerine,402-00875,"403-01367, 403-01571",,,,,
CO424172,12-31-15 Skywalker OG,402-00875,"403-01367, 403-01571",,,,,
CO424172,1-4 Chem Dawg,402-00875,"403-01367, 403-01571",,,,,
CO424172,1-4-16 Shoreline #1,402-00875,"403-01367, 403-01571",,,,,
CO424172,1-5-15 Chem Dog,402-00875,"403-01367, 403-01571",,,,,
CO424172,1-5-15 Grape Ape,402-00875,"403-01367, 403-01571",,,,,
CO424172,1-5-16 Jonesberry,402-00875,"403-01367, 403-01571",,,,,
CO424172,1-5-16 Wimauma Funk,402-00875,"403-01367, 403-01571",,,,,
CO424172,1-6-15 Blue Dream #1,402-00875,"403-01367, 403-01571",,,,,
CO424172,1-6-15 Chem Dog,402-00875,"403-01367, 403-01571",,,,,
CO424172,1-6-16 Golden Goat,402-00875,"403-01367, 403-01571",,,,,
CO424172,1-6-16 Shoreline 4,402-00875,"403-01367, 403-01571",,,,,
CO424172,1-6-16 Sour D,402-00875,"403-01367, 403-01571",,,,,
CO424172,2015-12-24-Harvest-H,402-00875,"403-01367, 403-01571",,,,,
CO424172,2-1-16 Purple Dream (PD020116),402-00875,"403-01367, 403-01571",,,,,
CO424172,2-1-16 Special Sour Diesel (SS020116),402-00875,"403-01367, 403-01571",,,,,
CO424172,2-2-16 Special Sour Diesel (SS020216),402-00875,"403-01367, 403-01571",,,,,
CO424172,2-3-16 Maui (MA020316),402-00875,"403-01367, 403-01571",,,,,
CO424172,1-11-15 Heavenly Mountain,402-01078,403-01676,,,,,
CO424172,1-11-16 Critical Sensi Star,402-01078,403-01676,,,,,
CO424172,1-11-16 Jonesberry,402-01078,403-01676,,,,,
CO424172,1-11-16 Sugar Black Rose,402-01078,403-01676,,,,,
CO424172,1-12-15 Maui,402-01078,403-01676,,,,,
CO424172,1-12-16 Chiesel,402-01078,403-01676,,,,,
CO424172,1-12-16 Special Sour Diesel,402-01078,403-01676,,,,,
CO424172,1-13-16 Buddha's Sister,402-01078,403-01676,,,,,
CO424172,1-13-16 Chiesel,402-01078,403-01676,,,,,
CO424172,1-13-16 Sensi Star,402-01078,403-01676,,,,,
CO424172,1-14-16 Tranquility #1,402-01078,403-01676,,,,,
CO424172,1-14-16 Tranquility #2,402-01078,403-01676,,,,,
CO424172,1-18-16 Critical Sensi Star (C011816),402-01078,403-01676,,,,,
CO424172,1-18-16 Jonesberry (J011816),402-01078,403-01676,,,,,
CO424172,1-18-16 Maui (M011816),402-01078,403-01676,,,,,
CO424172,1-18-16 Sugar Black Rose,402-01078,403-01676,,,,,
CO424172,1-19-16 Jonesberry,402-01078,403-01676,,,,,
CO424172,1-19-16 Maui,402-01078,403-01676,,,,,
CO424172,1-19-16 Sensi Star,402-01078,403-01676,,,,,
CO424172,1-19-16 Shoreline #1,402-01078,403-01676,,,,,
CO424172,1-19-16 Special Sour Diesel,402-01078,403-01676,,,,,
CO424172,1-20-16 Maui,402-01078,403-01676,,,,,
CO424172,1-4-16 Maui,402-01078,403-01676,,,,,
CO424172,1-5-16 Maui,402-01078,403-01676,,,,,
CO424172,1-6-16 Chiesel,402-01078,403-01676,,,,,
CO424172,1-6-16 Heaven Mtn,402-01078,403-01676,,,,,
CO424172,2/1/16 Purple Drem (PD020116),402-01078,403-01676,,,,,
CO424172,2016-01-19-Dry Room-H,402-01078,403-01676,,,,,
CO424172,2-1-16 Sugar Black Rose (SB020116),402-01078,403-01676,,,,,
CO424172,2-2-16 Chem Dawg (CD020216),402-01078,403-01676,,,,,
CO424172,2-3-16 Chem Dawg (CD020316),402-01078,403-01676,,,,,
CO424172,2-3-16 Jonesberry (JB020316),402-01078,403-01676,,,,,
CO424172,2-3-16 Maui (MA020316),402-01078,403-01676,,,,,
CO424172,2-3-16 Rocky Mountain Tangerine,402-01078,403-01676,,,,,
CO424172,(RM020316),402-01078,403-01676,,,,,
CO424172,Bud- Tranquility #1 (T1012116),402-01078,403-01676,,,,,
CO424172,Bud- Tranquility #2 (T2012116),402-01078,403-01676,,,,,
CO424172,Chiesel (TQAD),402-01078,403-01676,,,,,
CO424233,2016-01-11-Harvest/Dry Room-H,,,,,403R-00160,,
CO424244,2016-02-12-GD,402-00251,403-00375,,,,,
CO424244,2016-02-12-GG,402-00251,403-00375,,,,,
CO424244,2016-02-12-CH,402-00251,403-00375,,,,,
CO424244,2016-02-12-DW,402-00251,403-00375,,,,,
CO424244,2016-02-12-DP,402-00251,403-00375,,,,,
CO424244,2016-02-12-DRY ROOM-H,402-00251,403-00375,,,,,
CO424244,2016-02-12-HB,402-00251,403-00375,,,,,
CO424244,2016-02-12-HG,402-00251,403-00375,,,,,
CO424244,2016-02-12-PG,402-00251,403-00375,,,,,
CO424244,2016-02-12-RE,402-00251,403-00375,,,,,
CO424244,2016-02-12-TP,402-00251,403-00375,,,,,
CO424244,2016-02-12-SZ,402-00251,403-00375,,,,,
CO424244,2016-02-04-DW,402-00251,403-00375,,,,,
CO424244,2016-02-04-GG,402-00251,403-00375,,,,,
CO424244,2016-02-04-GU,402-00251,403-00375,,,,,
CO424244,2016-02-04-PG,402-00251,403-00375,,,,,
CO424244,2016-02-04-SD,402-00251,403-00375,,,,,
CO424244,2016-02-04-WF,402-00251,403-00375,,,,,
CO424244,2016-01-29-XX,402-00251,403-00375,,,,,
CO424244,2016-01-29-CO,402-00251,403-00375,,,,,
CO424244,2016-01-29-DW,402-00251,403-00375,,,,,
CO424244,2016-01-29-FO,402-00251,403-00375,,,,,
CO424244,2016-01-29-GD,402-00251,403-00375,,,,,
CO424244,2016-01-29-GA,402-00251,403-00375,,,,,
CO424244,2016-01-29-GX,402-00251,403-00375,,,,,
CO424244,2016-01-29-TP,402-00251,403-00375,,,,,
CO424244,2016-01-29-MK,402-00251,403-00375,,,,,
CO424244,2016-01-29-NY,402-00251,403-00375,,,,,
CO424244,2016-01-29-P1,402-00251,403-00375,,,,,
CO424244,2016-01-29-RE,402-00251,403-00375,,,,,
CO424244,2016-01-29-SZ,402-00251,403-00375,,,,,
CO424244,2016-01-29-SD,402-00251,403-00375,,,,,
CO424244,2016-01-29-BD,402-00251,403-00375,,,,,
CO424244,2016-01-26-CO,402-00251,403-00375,,,,,
CO424244,2016-01-26-CP,402-00251,403-00375,,,,,
CO424244,2016-01-26-GD,402-00251,403-00375,,,,,
CO424244,2016-01-26-GA,402-00251,403-00375,,,,,
CO424244,2016-01-26-GU,402-00251,403-00375,,,,,
CO424244,2016-01-26-DRY ROOM-H,402-00251,403-00375,,,,,
CO424244,2016-01-26-HG,402-00251,403-00375,,,,,
CO424244,2016-01-26-NY,402-00251,403-00375,,,,,
CO424244,2016-01-26-RE,402-00251,403-00375,,,,,
CO424244,2016-01-26-TP,402-00251,403-00375,,,,,
CO424244,2016-01-25-CP,402-00251,403-00375,,,,,
CO424244,2016-01-25-DS,402-00251,403-00375,,,,,
CO424244,2016-01-25-NY,402-00251,403-00375,,,,,
CO424244,2016-01-25-SL,402-00251,403-00375,,,,,
CO424244,2016-01-25-TR,402-00251,403-00375,,,,,
CO424244,2016-01-25-XX,402-00251,403-00375,,,,,
CO424244,2016-01-25-PA,402-00251,403-00375,,,,,
CO424244,2016-01-25-RE,402-00251,403-00375,,,,,
CO424244,2016-01-18-DW,402-00251,403-00375,,,,,
CO424244,2016-01-18-DRY ROOM-H,402-00251,403-00375,,,,,
CO424244,2016-01-14-TP,402-00251,403-00375,,,,,
CO424244,2016-01-14-DW,402-00251,403-00375,,,,,
CO424244,2016-01-08-C4,402-00251,403-00375,,,,,
CO424244,2016-01-08-CQ,402-00251,403-00375,,,,,
CO424244,2016-01-08-RE,402-00251,403-00375,,,,,
CO424244,2016-01-08-DW,402-00251,403-00375,,,,,
CO424244,2016-01-08-GA,402-00251,403-00375,,,,,
CO424244,2016-01-08-P1,402-00251,403-00375,,,,,
CO424244,2016-01-08-GX,402-00251,403-00375,,,,,
CO424244,2016-01-08-GD,402-00251,403-00375,,,,,
CO424244,2015-12-29-DW,402-00251,403-00375,,,,,
CO424244,2015-12-29-GU,402-00251,403-00375,,,,,
CO424244,2015-12-29-PT,402-00251,403-00375,,,,,
CO424244,2015-12-29-MK,402-00251,403-00375,,,,,
CO424244,2015-12-29-PP,402-00251,403-00375,,,,,
CO424255,AK 1016,402-00583,403-00865,,,,,
CO424255,AK 1307,402-00583,403-00865,,,,,
CO424255,AK 9360,402-00583,403-00865,,,,,
CO424255,AK 9721,402-00583,403-00865,,,,,
CO424255,BBK 4170,402-00583,403-00865,,,,,
CO424255,BBK 4361,402-00583,403-00865,,,,,
CO424255,BD 1628,402-00583,403-00865,,,,,
CO424255,BD 2037,402-00583,403-00865,,,,,
CO424255,BK 3568,402-00583,403-00865,,,,,
CO424255,BK 4312,402-00583,403-00865,,,,,
CO424255,BK6380,402-00583,403-00865,,,,,
CO424255,BTG 4828,402-00583,403-00865,,,,,
CO424255,BTG 6957,402-00583,403-00865,,,,,
CO424255,BTG 7407,402-00583,403-00865,,,,,
CO424255,C2.0 0525,402-00583,403-00865,,,,,
CO424255,C2.0 4413,402-00583,403-00865,,,,,
CO424255,c2.0 5344,402-00583,403-00865,,,,,
CO424255,C2.0 9795,402-00583,403-00865,,,,,
CO424255,CD 0086,402-00583,403-00865,,,,,
CO424255,CD 1029,402-00583,403-00865,,,,,
CO424255,CD 1945,402-00583,403-00865,,,,,
CO424255,CD 2507,402-00583,403-00865,,,,,
CO424255,CD 2825,402-00583,403-00865,,,,,
CO424255,CD 4483,402-00583,403-00865,,,,,
CO424255,CD 4990,402-00583,403-00865,,,,,
CO424255,CD 6415,402-00583,403-00865,,,,,
CO424255,CD 6996,402-00583,403-00865,,,,,
CO424255,CD 7652,402-00583,403-00865,,,,,
CO424255,CD3373,402-00583,403-00865,,,,,
CO424255,CT 2095,402-00583,403-00865,,,,,
CO424255,CT 6146,402-00583,403-00865,,,,,
CO424255,CT 6987,402-00583,403-00865,,,,,
CO424255,CT 9969,402-00583,403-00865,,,,,
CO424255,Flo 1130,402-00583,403-00865,,,,,
CO424255,Flo 3861,402-00583,403-00865,,,,,
CO424255,FLO 4148,402-00583,403-00865,,,,,
CO424255,FLO 5473,402-00583,403-00865,,,,,
CO424255,FLO 6860,402-00583,403-00865,,,,,
CO424255,Flo 7380,402-00583,403-00865,,,,,
CO424255,FLO 8444,402-00583,403-00865,,,,,
CO424255,Flo 9665,402-00583,403-00865,,,,,
CO424255,GA 2904,402-00583,403-00865,,,,,
CO424255,GA 8144,402-00583,403-00865,,,,,
CO424255,GA 8672,402-00583,403-00865,,,,,
CO424255,GA 9358,402-00583,403-00865,,,,,
CO424255,GA 9765,402-00583,403-00865,,,,,
CO424255,GC 3172,402-00583,403-00865,,,,,
CO424255,GC 4951,402-00583,403-00865,,,,,
CO424255,GC 5478,402-00583,403-00865,,,,,
CO424255,GC 6118,402-00583,403-00865,,,,,
CO424255,GC 6330,402-00583,403-00865,,,,,
CO424255,GC 6767,402-00583,403-00865,,,,,
CO424255,GD 0017,402-00583,403-00865,,,,,
CO424255,GD 1362,402-00583,403-00865,,,,,
CO424255,GD 4271,402-00583,403-00865,,,,,
CO424255,GD 5773,402-00583,403-00865,,,,,
CO424255,GD 6101,402-00583,403-00865,,,,,
CO424255,GD 6711,402-00583,403-00865,,,,,
CO424255,GD 8925,402-00583,403-00865,,,,,
CO424255,GD4106,402-00583,403-00865,,,,,
CO424255,GG 1454,402-00583,403-00865,,,,,
CO424255,GG 1834,402-00583,403-00865,,,,,
CO424255,GG 3108,402-00583,403-00865,,,,,
CO424255,GG 4687,402-00583,403-00865,,,,,
CO424255,GG 6385,402-00583,403-00865,,,,,
CO424255,GG 9548,402-00583,403-00865,,,,,
CO424255,GG 9981,402-00583,403-00865,,,,,
CO424255,GG6971,402-00583,403-00865,,,,,
CO424255,IGF 3261,402-00583,403-00865,,,,,
CO424255,IGF 5184,402-00583,403-00865,,,,,
CO424255,IGF 5682,402-00583,403-00865,,,,,
CO424255,IGF 6270,402-00583,403-00865,,,,,
CO424255,IGF 6485,402-00583,403-00865,,,,,
CO424255,KB 0126,402-00583,403-00865,,,,,
CO424255,KB 5440,402-00583,403-00865,,,,,
CO424255,KB 7782,402-00583,403-00865,,,,,
CO424255,KB5272,402-00583,403-00865,,,,,
CO424255,LAV 1810,402-00583,403-00865,,,,,
CO424255,Lav 8786,402-00583,403-00865,,,,,
CO424255,MB 0865,402-00583,403-00865,,,,,
CO424255,MB 4678,402-00583,403-00865,,,,,
CO424255,MB 4785,402-00583,403-00865,,,,,
CO424255,MB 5521,402-00583,403-00865,,,,,
CO424255,P98 6604,402-00583,403-00865,,,,,
CO424255,P98 6742,402-00583,403-00865,,,,,
CO424255,P98 7762,402-00583,403-00865,,,,,
CO424255,SB 3821,402-00583,403-00865,,,,,
CO424255,SB 5756,402-00583,403-00865,,,,,
CO424255,SB 6441,402-00583,403-00865,,,,,
CO424255,SD 2531,402-00583,403-00865,,,,,
CO424255,SD 2603,402-00583,403-00865,,,,,
CO424255,SD 3304,402-00583,403-00865,,,,,
CO424255,SD 4940,402-00583,403-00865,,,,,
CO424255,SD 6586,402-00583,403-00865,,,,,
CO424255,SD 7828,402-00583,403-00865,,,,,
CO424255,SS 0425,402-00583,403-00865,,,,,
CO424255,SS 2503,402-00583,403-00865,,,,,
CO424255,SS 5221,402-00583,403-00865,,,,,
CO424255,SS 5386,402-00583,403-00865,,,,,
CO424255,SS 9141,402-00583,403-00865,,,,,
CO424255,01-0-16-GG 9880,,,,,403R-00216,,
CO424255,01-04-16-BK 9171,,,,,403R-00216,,
CO424255,R0-2-8-16-BD 6359,,,,,403R-00216,,
CO424255,R0-2-8-16-BTG 9043,,,,,403R-00216,,
CO424255,R0-2-8-16-CD 6413,,,,,403R-00216,,
CO424255,R0-2-8-16-GA 5950,,,,,403R-00216,,
CO424255,R0-2-8-16-GC 9420,,,,,403R-00216,,
CO424255,R0-2-8-16-GD 4737,,,,,403R-00216,,
CO424255,R0-2-8-16-MB 1301,,,,,403R-00216,,
CO424255,R1-15-16-GG 3074,,,,,403R-00216,,
CO424255,R1-2-15-16-AK 1686,,,,,403R-00216,,
CO424255,R1-2-15-16-AK 2611,,,,,403R-00216,,
CO424255,R1-2-15-16-AK 3702,,,,,403R-00216,,
CO424255,R1-2-15-16-CD 4612,,,,,403R-00216,,
CO424255,R1-2-15-16-CD 5218,,,,,403R-00216,,
CO424255,R1-2-15-16-CD 5526,,,,,403R-00216,,
CO424255,R1-2-15-16-CD 6930,,,,,403R-00216,,
CO424255,R1-2-15-16-FLO 1605,,,,,403R-00216,,
CO424255,R1-2-15-16-GC 1593,,,,,403R-00216,,
CO424255,R1-2-15-16-GC 4371,,,,,403R-00216,,
CO424255,R1-2-15-16-GD 1127,,,,,403R-00216,,
CO424255,R1-2-15-16-GD 6569,,,,,403R-00216,,
CO424255,R1-2-15-16-GD 9790,,,,,403R-00216,,
CO424255,R1-2-15-16-LAV 2510,,,,,403R-00216,,
CO424255,R1-2-15-16-MB 2798,,,,,403R-00216,,
CO424255,R1-2-15-16-SD 6332,,,,,403R-00216,,
CO424255,R1-2-8-16-SB 7786,,,,,403R-00216,,
CO424255,R2-2-22-16-AK 1617,,,,,403R-00216,,
CO424255,R2-2-22-16-BD 6307,,,,,403R-00216,,
CO424255,R2-2-22-16-BK 5964,,,,,403R-00216,,
CO424255,R2-2-22-16-BTG 6224,,,,,403R-00216,,
CO424255,R2-2-22-16-CD 7391,,,,,403R-00216,,
CO424255,R2-2-22-16-Flo 1364,,,,,403R-00216,,
CO424255,R2-2-22-16-Flo 9357,,,,,403R-00216,,
CO424255,R2-2-22-16-KB 4906,,,,,403R-00216,,
CO424255,R2-2-22-16-MB 4827,,,,,403R-00216,,
CO424255,R2-2-22-16-MB 5768,,,,,403R-00216,,
CO424255,R2-2-22-16-MB 7779,,,,,403R-00216,,
CO424255,R2-2-22-16-P98 3089,,,,,403R-00216,,
CO424255,R2-2-22-16-P98 9496,,,,,403R-00216,,
CO424255,R2-2-22-16-SB 8046,,,,,403R-00216,,
CO424255,R2-2-22-16-SD 0566,,,,,403R-00216,,
CO424255,R2-2-22-16-SD 3842,,,,,403R-00216,,
CO424255,R3-12-12-15 SS5149,,,,,403R-00216,,
CO424255,R3-12-21-15-BBK 5614,,,,,403R-00216,,
CO424255,R3-12-21-15-BD 8054,,,,,403R-00216,,
CO424255,R3-12-21-15-CD 3421,,,,,403R-00216,,
CO424255,R3-12-21-15-FLO 9451,,,,,403R-00216,,
CO424255,R3-12-21-15-IGF 5107,,,,,403R-00216,,
CO424255,R3-12-21-15-KB 1874,,,,,403R-00216,,
CO424255,R3-12-21-15-KB 5096,,,,,403R-00216,,
CO424255,R3-21-15 CD2358,,,,,403R-00216,,
CO424255,R3-2-19-16-GC 7858,,,,,403R-00216,,
CO424255,R3-2-22-16-GG 2434,,,,,403R-00216,,
CO424255,R3-2-29-16-AK 0841,,,,,403R-00216,,
CO424255,R3-2-29-16-BD 3704,,,,,403R-00216,,
CO424255,R3-2-29-16-BD 4768,,,,,403R-00216,,
CO424255,R3-2-29-16-Flo 5029,,,,,403R-00216,,
CO424255,R3-2-29-16-Flo 6578,,,,,403R-00216,,
CO424255,R3-2-29-16-GD 7096,,,,,403R-00216,,
CO424255,R3-2-29-16-GD 9168,,,,,403R-00216,,
CO424255,R3-2-29-16-GG 1970,,,,,403R-00216,,
CO424255,R3-2-29-16-IGF 2322,,,,,403R-00216,,
CO424255,R3-2-29-16-KB 1285,,,,,403R-00216,,
CO424255,R3-2-29-16-KB 5735,,,,,403R-00216,,
CO424255,R3-2-29-16-MB 2324,,,,,403R-00216,,
CO424255,R3-2-29-16-MB 7805,,,,,403R-00216,,
CO424255,R3-2-29-16-P98 9593,,,,,403R-00216,,
CO424255,R3-2-29-16-SD 3063,,,,,403R-00216,,
CO424255,R3-2-29-16-SS 7989,,,,,403R-00216,,
CO424255,R4-12-28-15-AK8687,,,,,403R-00216,,
CO424255,R4-12-28-15-BBK 2124,,,,,403R-00216,,
CO424255,R4-12-28-15-GA9894,,,,,403R-00216,,
CO424255,R4-12-28-15-GD 1803,,,,,403R-00216,,
CO424255,R4-12-28-15-GD3728,,,,,403R-00216,,
CO424255,R4-12-28-15-GG6897,,,,,403R-00216,,
CO424255,R4-12-28-15-KB 5645,,,,,403R-00216,,
CO424255,R4-12-28-15-KB 8160,,,,,403R-00216,,
CO424255,R4-12-28-15-P98,,,,,403R-00216,,
CO424255,R4-12-28-15-P980235,,,,,403R-00216,,
CO424255,R4-3-7-16-BD 6126,,,,,403R-00216,,
CO424255,R4-3-7-16-BD 8632,,,,,403R-00216,,
CO424255,R4-3-7-16-BTG 4152,,,,,403R-00216,,
CO424255,R4-3-7-16-C2.0 9272,,,,,403R-00216,,
CO424255,R4-3-7-16-CD 5093,,,,,403R-00216,,
CO424255,R4-3-7-16-Flo 6656,,,,,403R-00216,,
CO424255,R4-3-7-16-Flo 7272,,,,,403R-00216,,
CO424255,R-4-3-7-16-GG 6962,,,,,403R-00216,,
CO424255,R4-3-7-16-GG 8781,,,,,403R-00216,,
CO424255,R4-3-7-16-IGF 4060,,,,,403R-00216,,
CO424255,R4-3-7-16-KB 1318,,,,,403R-00216,,
CO424255,R4-3-7-16-Lav 0814,,,,,403R-00216,,
CO424255,R4-3-7-16-MB 6807,,,,,403R-00216,,
CO424255,R4-3-7-16-P98 5986,,,,,403R-00216,,
CO424255,R4-3-7-16-SB 1555,,,,,403R-00216,,
CO424255,R4-3-7-16-SB 9427,,,,,403R-00216,,
CO424255,R5-01-04-16-BBK 0069,,,,,403R-00216,,
CO424255,R5-01-04-16-GD 2879,,,,,403R-00216,,
CO424255,R5-01-04-16-MB 8496,,,,,403R-00216,,
CO424255,R5-1-4-15-GC3322,,,,,403R-00216,,
CO424255,R5-1-4-15-GG9842,,,,,403R-00216,,
CO424255,R5-1-4-15-IGF4338,,,,,403R-00216,,
CO424255,R5-1-4-15-SD4203,,,,,403R-00216,,
CO424255,R5-3-14-16-P98 3857,,,,,403R-00216,,
CO424255,R6-1-11-16- GC 5323,,,,,403R-00216,,
CO424255,R6-1-11-16-BD 7201,,,,,403R-00216,,
CO424255,R6-1-11-16-C2.0 9159,,,,,403R-00216,,
CO424255,R6-1-11-16-CD 3005,,,,,403R-00216,,
CO424255,R6-1-11-16-FLO 1317,,,,,403R-00216,,
CO424255,R6-1-11-16-GC 4625,,,,,403R-00216,,
CO424255,R6-1-11-16-GD 4208,,,,,403R-00216,,
CO424255,R6-1-11-16-KB 1652,,,,,403R-00216,,
CO424255,R6-1-11-16-P98 8360,,,,,403R-00216,,
CO424255,R6-1-11-16-SD 0140,,,,,403R-00216,,
CO424255,R6-1-11-16-SD 1445,,,,,403R-00216,,
CO424255,R6-1-11-16-SD 8030,,,,,403R-00216,,
CO424255,R6-1-11-16-SS 6962,,,,,403R-00216,,
CO424255,R7-11-18-16-MB 2992,,,,,403R-00216,,
CO424255,R7-1-18-16-AK 3894,,,,,403R-00216,,
CO424255,R7-1-18-16-AK 8373,,,,,403R-00216,,
CO424255,R7-1-18-16-AK 9385,,,,,403R-00216,,
CO424255,R7-1-18-16-BBK 4953,,,,,403R-00216,,
CO424255,R7-1-18-16-BBK 4966,,,,,403R-00216,,
CO424255,R7-1-18-16-BD 1939,,,,,403R-00216,,
CO424255,R7-1-18-16-BK 4346,,,,,403R-00216,,
CO424255,R7-1-18-16-BTG 9416,,,,,403R-00216,,
CO424255,R7-1-18-16-C2.0 4921,,,,,403R-00216,,
CO424255,R7-1-18-16-GA 3588,,,,,403R-00216,,
CO424255,R7-1-18-16-GA 5845,,,,,403R-00216,,
CO424255,R7-1-18-16-GC 2280,,,,,403R-00216,,
CO424255,R7-1-18-16-GC 2403,,,,,403R-00216,,
CO424255,R7-1-18-16-GD 3227,,,,,403R-00216,,
CO424255,R7-1-18-16-GD 5678,,,,,403R-00216,,
CO424255,R7-1-18-16-GG 8259,,,,,403R-00216,,
CO424255,R7-1-18-16-GG 9505,,,,,403R-00216,,
CO424255,R7-1-18-16-IGF 3782,,,,,403R-00216,,
CO424255,R7-1-18-16-IGF 4898,,,,,403R-00216,,
CO424255,R7-1-18-16-IGF 8112,,,,,403R-00216,,
CO424255,R7-1-18-16-MB 7959,,,,,403R-00216,,
CO424255,R7-1-18-16-SD 0175,,,,,403R-00216,,
CO424255,R7-1-18-16-SD 4666,,,,,403R-00216,,
CO424255,R7-1-18-16-SS 5108,,,,,403R-00216,,
CO424255,R7-1-18-16-SS 5211,,,,,403R-00216,,
CO424255,R7-1-18-16-SS 9449,,,,,403R-00216,,
CO424255,R8-1-25*-16-CD 9388,,,,,403R-00216,,
CO424255,R8-1-25-16-BBK 2035,,,,,403R-00216,,
CO424255,R8-1-25-16-BD 4729,,,,,403R-00216,,
CO424255,R8-1-25-16-BK 1681,,,,,403R-00216,,
CO424255,R8-1-25-16-BTG 9949,,,,,403R-00216,,
CO424255,R8-1-25-16-CD 3799,,,,,403R-00216,,
CO424255,R8-1-25-16-Flo 4404,,,,,403R-00216,,
CO424255,R8-1-25-16-GA 5355,,,,,403R-00216,,
CO424255,R8-1-25-16-GC 2314,,,,,403R-00216,,
CO424255,R8-1-25-16-GG 4699,,,,,403R-00216,,
CO424255,R8-1-25-16-GG 6276,,,,,403R-00216,,
CO424255,R8-1-25-16-IGF 7008,,,,,403R-00216,,
CO424255,R8-1-25-16-IGF 7841,,,,,403R-00216,,
CO424255,R8-1-25-16-P98 4103,,,,,403R-00216,,
CO424255,R8-1-25-16-P98 5531,,,,,403R-00216,,
CO424255,R8-1-25-16-P98 9300,,,,,403R-00216,,
CO424255,R8-1-25-16-SD 6928,,,,,403R-00216,,
CO424255,R8-1-25-18-GA 8059,,,,,403R-00216,,
CO424255,R8-1-28-16-BK 3811,,,,,403R-00216,,
CO424255,R9-2-1*-16-GG 0338,,,,,403R-00216,,
CO424255,R9-2-1-16-AK 7246,,,,,403R-00216,,
CO424255,R9-2-1-16-BBK 4676,,,,,403R-00216,,
CO424255,R9-2-1-16-BBK 6192,,,,,403R-00216,,
CO424255,R9-2-1-16-BTG 3681,,,,,403R-00216,,
CO424255,R9-2-1-16-BTG 9592,,,,,403R-00216,,
CO424255,R9-2-1-16-CD 0094,,,,,403R-00216,,
CO424255,R9-2-1-16-CD 1558,,,,,403R-00216,,
CO424255,R9-2-1-16-Flo 4676,,,,,403R-00216,,
CO424255,R9-2-1-16-Flo 5513,,,,,403R-00216,,
CO424255,R9-2-1-16-GA 4728,,,,,403R-00216,,
CO424255,R9-2-1-16-GC 1250,,,,,403R-00216,,
CO424255,R9-2-1-16-GC 8322,,,,,403R-00216,,
CO424255,R9-2-1-16-GC 9208,,,,,403R-00216,,
CO424255,R9-2-1-16-GG 8616,,,,,403R-00216,,
CO424255,R9-2-1-16-KB 3925,,,,,403R-00216,,
CO424255,R9-2-1-16-LAV 0126,,,,,403R-00216,,
CO424255,R9-2-1-16-MB 9129,,,,,403R-00216,,
CO424255,R9-2-1-16-P98 4313,,,,,403R-00216,,
CO424255,R9-2-1-16-SD 6389,,,,,403R-00216,,
CO424255,R9-2-1-16-SD 9159,,,,,403R-00216,,
CO424255,R9-2-1-16-SS 5741,,,,,403R-00216,,
CO424255,SOG-BK9200,,,,,403R-00216,,
CO424255,SOG-BTG 9592,,,,,403R-00216,,
CO424255,SOG-Flo 4313,,,,,403R-00216,,
CO424255,SOG-Flo 6510,,,,,403R-00216,,
CO424255,SOG-Flo 8010,,,,,403R-00216,,
CO424255,SOG-Flo1791,,,,,403R-00216,,
CO424255,SOG-GA 5800,,,,,403R-00216,,
CO424255,SOG-GA 6824,,,,,403R-00216,,
CO424255,SOG-GA9995,,,,,403R-00216,,
CO424255,SOG-GC 3142,,,,,403R-00216,,
CO424255,SOG-GD 4363,,,,,403R-00216,,
CO424255,SOG-KB4268,,,,,403R-00216,,
CO424255,SOG-MB 2725,,,,,403R-00216,,
CO424255,SOG-P982132,,,,,403R-00216,,
CO424255,SOG-SB 3311,,,,,403R-00216,,
CO424255,SOG-SD7235,,,,,403R-00216,,
CO424366,Holland's Hope 3-1,402-00576,403-00856,,,,,
CO424366,Eisbaer 3-1,402-00576,403-00856,,,,,
CO424366,UK Cheese 3-1,402-00576,403-00856,,,,,
CO424366,Kong 3-1,402-00576,403-00856,,,,,
CO424366,Appalachian Mud Squid 3-1,402-00576,403-00856,,,,,
CO424366,Hollands Hope 237,402-00576,403-00856,,,,,
CO424366,UK Cheese 228,402-00576,403-00856,,,,,
CO424366,Hollands Hope 239,402-00576,403-00856,,,,,
CO424366,Hollands Hope 235,402-00576,403-00856,,,,,
CO424366,Appalachian Mud Squid 220,402-00576,403-00856,,,,,
CO424366,Hollands Hope 234,402-00576,403-00856,,,,,
CO424366,Hollands Hope 238,402-00576,403-00856,,,,,
CO424366,Kong 243,402-00576,403-00856,,,,,
CO424366,Hollands Hope 230,402-00576,403-00856,,,,,
CO424366,Appalachian Mud Squid 222,402-00576,403-00856,,,,,
CO424366,UK Cheese 227,402-00576,403-00856,,,,,
CO424366,Appalachian Mud Squid 240,402-00576,403-00856,,,,,
CO424366,Eisbaer 244,402-00576,403-00856,,,,,
CO424366,Hollands Hope 236,402-00576,403-00856,,,,,
CO424366,Kong 225,402-00576,403-00856,,,,,
CO424366,UK Cheese 229,402-00576,403-00856,,,,,
CO424366,Kong 224,402-00576,403-00856,,,,,
CO424366,Hollands Hope 231,402-00576,403-00856,,,,,
CO424366,Appalachian Mud Squid 221,402-00576,403-00856,,,,,
CO424366,Kong 223,402-00576,403-00856,,,,,
CO424366,Hollands Hope 232,402-00576,403-00856,,,,,
CO424366,Appalachian Mud Squid 218,402-00576,403-00856,,,,,
CO424366,Kong 241,402-00576,403-00856,,,,,
CO424366,Appalachian Mud Squid 219,402-00576,403-00856,,,,,
CO424366,Kong 226,402-00576,403-00856,,,,,
CO424366,Eisbaer 217,402-00576,403-00856,,,,,
CO424387,BHB 2/27/16,402-00039,403-00339,,,,,
CO424387,Blue Headband 01/26/16,402-00039,403-00339,,,,,
CO424387,Blueberry Headband 2/3/2016,402-00039,403-00339,,,,,
CO424387,Cotton Candy 2/11/16,402-00039,403-00339,,,,,
CO424387,GC 2/27/16,402-00039,403-00339,,,,,
CO424387,GC 2/3/2016,402-00039,403-00339,,,,,
CO424387,Golden Goat 2/11/16,402-00039,403-00339,,,,,
CO424387,Gorilla Glue 4 2/6/2016,402-00039,403-00339,,,,,
CO424387,GSC 7 2/11/16,402-00039,403-00339,,,,,
CO424387,Jack Frost - 2/11/16,402-00039,403-00339,,,,,
CO424387,Jack Frost 01/26/16,402-00039,403-00339,,,,,
CO424387,JF 2/27/16,402-00039,403-00339,,,,,
CO424387,Kong 2/11/16,402-00039,403-00339,,,,,
CO424387,Kong 2/3/2016,402-00039,403-00339,,,,,
CO424387,MS010116,402-00039,403-00339,,,,,
CO424387,MS010116,402-00039,403-00339,,,,,
CO424387,MS010116 AGC 1,402-00039,403-00339,,,,,
CO424387,MS010116 BB3 1,402-00039,403-00339,,,,,
CO424387,MS010116 CC 1,402-00039,403-00339,,,,,
CO424387,MS010116 GG 1,402-00039,403-00339,,,,,
CO424387,MS010116 JF 1,402-00039,403-00339,,,,,
CO424387,MS010116 SS 1,402-00039,403-00339,,,,,
CO424387,MS010116 WOG 1,402-00039,403-00339,,,,,
CO424387,OG Bubba 01/26/16,402-00039,403-00339,,,,,
CO424387,SS 2/27/16,402-00039,403-00339,,,,,
CO424387,Super Skunk 2/11/16,402-00039,403-00339,,,,,
CO424387,Tahoe OG 2/3/2016,402-00039,403-00339,,,,,
CO424387,West Coast Diesel 01/26/16,402-00039,403-00339,,,,,
CO424387,West Coast Diesel 2/11/16,402-00039,403-00339,,,,,
CO424387,WSD 2/27/16,402-00039,403-00339,,,,,
CO424398,1-11-16 Clusterfunk,,,,,403R-00445,,
CO424398,1-11-16 Black Bubba,,,,,403R-00445,,
CO424398,1-11-16 Cali Sunset,,,,,403R-00445,,
CO424398,1-11-16 LBK,,,,,403R-00445,,
CO424398,1-11-16 A-Dub,,,,,403R-00445,,
CO424398,1-11-16 Thunderf#ck,,,,,403R-00445,,
CO424398,1-11-16 Harlequin,,,,,403R-00445,,
CO424398,1-11-16 S.A.G.E.,,,,,403R-00445,,
CO424398,1-18-16 Cali Sunset,,,,,403R-00445,,
CO424398,1-25-16 Harlequin,,,,,403R-00445,,
CO424398,1-25-16 Juanita La Lagrimosa,,,,,403R-00445,,
CO424398,2-1-16 Purple Trainwreck,,,,,403R-00445,,
CO424398,2-1-16 Kali Mist,,,,,403R-00445,,
CO424398,2-1-16 Juanita La Lagrimosa,,,,,403R-00445,,
CO424398,2-1-16 Blue Dream,,,,,403R-00445,,
CO424398,2-1-16 Sour Diesel,,,,,403R-00445,,
CO424398,2-8-16 The White,,,,,403R-00445,,
CO424398,2-10-16 Orange Deadman,,,,,403R-00445,,
CO424398,2-10-16 Black Bubba,,,,,403R-00445,,
CO424398,2-10-16 Clusterfunk,,,,,403R-00445,,
CO424398,2-15-16 Super Lemon Haze,,,,,403R-00445,,
CO424398,2-15-16 Sour Diesel,,,,,403R-00445,,
CO424398,2-15-16 Thunderf#ck,,,,,403R-00445,,
CO424398,2-15-16 Kali Mist,,,,,403R-00445,,
CO424398,2-15-16 LBK,,,,,403R-00445,,
CO424398,2-15-16 Purple Trainwreck,,,,,403R-00445,,
CO424398,2-22-16 Clusterfunk,,,,,403R-00445,,
CO424398,3-7-16 Orange Deadman,,,,,403R-00445,,
CO424398,3-10-16 Trainwreck,,,,,403R-00445,,
CO424398,3-10-16 '91 Chemdawg,,,,,403R-00445,,
CO424398,3-10-16 Ult. '91 Chem,,,,,403R-00445,,
CO424398,3-10-16 B-4,,,,,403R-00445,,
CO424398,3-10-16 Alien Bubba,,,,,403R-00445,,
CO424398,3-10-16 Jackie O,,,,,403R-00445,,
CO424398,3-10-16 Pre '98 Plat. Bubba,,,,,403R-00445,,
CO424398,3-10-16 Bruce Banner #3,,,,,403R-00445,,
CO424399,06-00-0001 Pesticide TEST,,,,,403R-00275,,
CO424399,06-01-0041 Blue Sky,,,,,403R-00275,,
CO424399,06-01-0041 Durban Poison,,,,,403R-00275,,
CO424399,06-01-0041 Moonshine Haze,,,,,403R-00275,,
CO424399,06-01-0041 Pesticide TEST,,,,,403R-00275,,
CO424399,06-01-0041Super Lemon Haze,,,,,403R-00275,,
CO424399,06-01-0041 Tangerine Haze,,,,,403R-00275,,
CO424399,06-01-0045 Pesticide TEST,,,,,403R-00275,,
CO424399,06-02-0042 Alpha Blue TEST,,,,,403R-00275,,
CO424399,06-02-0042 Blue Dream TEST,,,,,403R-00275,,
CO424399,06-04-0040 Alpha Blue,,,,,403R-00275,,
CO424399,06-04-0040 Beelzebud,,,,,403R-00275,,
CO424399,06-04-0040 Chems Sis,,,,,403R-00275,,
CO424399,06-04-0040 Chems Sis TEST,,,,,403R-00275,,
CO424399,06-04-0040 Headband,,,,,403R-00275,,
CO424399,06-04-0044 Pesticide TEST,,,,,403R-00275,,
CO4244310,Harvest 2/5/16,402-00649,403-00980,,,,,
CO4244310,2-29 DAY ROOM #1,402-00649,403-01534,,,,,
CO4244310,2-29 STAR DAWG ROOM #1,402-00649,403-01534,,,,,
CO4244310,2-29 PINE EX ROOM #1,402-00649,403-01534,,,,,
CO4244310,229 D-STAR ROOM#1-,402-00649,403-01534,,,,,
CO4244310,2-29 MOBB B ROOM#1,402-00649,403-01534,,,,,
CO4244310,2-29 GRAPE ROOM #1,402-00649,403-01534,,,,,
CO4244310,2-29 SOUR D ROOM# 1,402-00649,403-01534,,,,,
CO4244310,2-29 BBK ROOM #1,402-00649,403-01534,,,,,
CO4244310,2-29 KURPLE ROOM #1,402-00649,403-01534,,,,,
CO4244311,707 Room A 01/11/16,,,,,403R-00139,,
CO4244311,Aka Night Room B,,,,,403R-00139,,
CO4244311,Ama Night Room B,,,,,403R-00139,,
CO4244311,Blue Dream 2-16-16,,,,,403R-00139,,
CO4244311,Blue Dream Room A 01/11/16,,,,,403R-00139,,
CO4244311,C Webb 2-16-16,,,,,403R-00139,,
CO4244311,C. Webb Room A 01/11/16,,,,,403R-00139,,
CO4244311,Collin Og Room A 01/11/16,,,,,403R-00139,,
CO4244311,Durban Poison B2-16-16,,,,,403R-00139,,
CO4244311,Girl Scout Cookies Room A 1/11/16,,,,,403R-00139,,
CO4244311,Golden Goat B2-16-16,,,,,403R-00139,,
CO4244311,Golden Goat Room A 01/11/16,,,,,403R-00139,,
CO4244311,Grape Stomper B2-16-16,,,,,403R-00139,,
CO4244311,Grape Stomper B2-16-16,,,,,403R-00139,,
CO4244311,Great White Kush Room A 01/11/16,,,,,403R-00139,,
CO4244311,Harlequin B2-16-16,,,,,403R-00139,,
CO4244311,Jesus OG B2-16-16,,,,,403R-00139,,
CO4244311,Jesus Og Room A 01/11/16,,,,,403R-00139,,
CO4244311,Jet Fuel B2-16-16,,,,,403R-00139,,
CO4244311,Jet Fuel Room A 01/11/16,,,,,403R-00139,,
CO4244311,Lemon Skunk B2-16-16,,,,,403R-00139,,
CO4244311,Lemon Skunk Room A 01/11/16,,,,,403R-00139,,
CO4244311,Lindsay Lohan B2-16-16,,,,,403R-00139,,
CO4244311,Lindsay Lohan Room A 01/11/16,,,,,403R-00139,,
CO4244311,Mile High Purps Room A 01/11/16,,,,,403R-00139,,
CO4244311,Mobb Boss Room A 01/11/16,,,,,403R-00139,,
CO4244311,Og Bubba Harvest Room A 01/11/16,,,,,403R-00139,,
CO4244311,Og Bubba Room A 01/11/16,,,,,403R-00139,,
CO4244311,Ogre Kush B2-16-16,,,,,403R-00139,,
CO4244311,Range Room A 01/11/16,,,,,403R-00139,,
CO4244311,Recon B2-16-16,,,,,403R-00139,,
CO4244311,Recon Room A 01/11/16,,,,,403R-00139,,
CO4244311,SLH B2-16-16,,,,,403R-00139,,
CO4244311,Snowball B2-16-16,,,,,403R-00139,,
CO4244311,Snowball Room A 01/11/16,,,,,403R-00139,,
CO4244311,Sour Flo B2-16-16,,,,,403R-00139,,
CO4244311,Sour Flo Room A 01/11/16,,,,,403R-00139,,
CO4244311,Sour Maui B2-16-16,,,,,403R-00139,,
CO4244311,Sour Strawberry Room A 01/11/16,,,,,403R-00139,,
CO4244311,Super Lemon Haze Room A 01/11/16,,,,,403R-00139,,
CO4244311,Walter White B2-16-16,,,,,403R-00139,,
CO4244311,Walter White Room A 01/11/16,,,,,403R-00139,,
CO4244612,"PO, 1-20-15, GR 1",,,,,403R-00008,,
CO4244612,"PO 901, 12-22, GR 2",,,,,403R-00008,,
CO4244612,"PO 88, GR9, 6-30-15",,,,,403R-00008,,
CO4244612,"PO 88, GR 9, 6-30-15",,,,,403R-00008,,
CO4244612,"PO 857, 12-29-14, GR 11",,,,,403R-00008,,
CO4244612,"PO 857, 12-29-14, GR 11",,,,,403R-00008,,
CO4244612,"PO 842, 11-24, GR4",,,,,403R-00008,,
CO4244612,"PO 813, 12-15-14, GR 8",,,,,403R-00008,,
CO4244612,"PO 682, GR 9, 11-3-14",,,,,403R-00008,,
CO4244612,"PO 646, GR 12, 10-21-14",,,,,403R-00008,,
CO4244612,"PO 62, GR 7, 6-8-15",,,,,403R-00008,,
CO4244612,"PO 603, GR 7, 10-6-14",,,,,403R-00008,,
CO4244612,"PO 581, GR 5, 9-25-14",,,,,403R-00008,,
CO4244612,"PO 556, GR 1, 9-30-14",,,,,403R-00008,,
CO4244612,"PO 501, GR 2, 9-10-14",,,,,403R-00008,,
CO4244612,"PO 501, GR 2, 9-10-14",,,,,403R-00008,,
CO4244612,"PO 480. GR 11, 9-3-14",,,,,403R-00008,,
CO4244612,"PO 480, GR 11, 9-3-14",,,,,403R-00008,,
CO4244612,"PO 449, GR 4, 8-27-14",,,,,403R-00008,,
CO4244612,"PO 447, GR 10, 3/14/16",,,,,403R-00008,,
CO4244612,"PO 440, GR 4, 3-7-16",,,,,403R-00008,,
CO4244612,"PO 440, GR 4, 3-7-16",,,,,403R-00008,,
CO4244612,"PO 437, GR 8, 8-19-14",,,,,403R-00008,,
CO4244612,"PO 432, GR 2, 2-29-16",,,,,403R-00008,,
CO4244612,"PO 422, GR 3, 8-14-14",,,,,403R-00008,,
CO4244612,"PO 416, GR 3, 2-22-16",,,,,403R-00008,,
CO4244612,"PO 411, GR 6, 2-8-16",,,,,403R-00008,,
CO4244612,"PO 408, GR 11, 2-15-16",,,,,403R-00008,,
CO4244612,"PO 40, GR 5, 6-1-15",,,,,403R-00008,,
CO4244612,"PO 40, GR 5, 6-1-15",,,,,403R-00008,,
CO4244612,"PO 40, GR 5, 5-26-15",,,,,403R-00008,,
CO4244612,"PO 40, GR 5, 5-26-15",,,,,403R-00008,,
CO4244612,"PO 396, GR 6, 8-5-14",,,,,403R-00008,,
CO4244612,"PO 387, GR 9, 1-25-16",,,,,403R-00008,,
CO4244612,"PO 378, GR 7, 1-15-16",,,,,403R-00008,,
CO4244612,"PO 366, GR 12, 1-18-16",,,,,403R-00008,,
CO4244612,"PO 345, GR 5, 12-28-15",,,,,403R-00008,,
CO4244612,"PO 343, GR 2, 11-23-15",,,,,403R-00008,,
CO4244612,"PO 334, GR 8, 12-14-15",,,,,403R-00008,,
CO4244612,PO 312. GR 5. 7-16-14,,,,,403R-00008,,
CO4244612,"PO 312, GR 5, 7-16-14",,,,,403R-00008,,
CO4244612,"PO 312, GR 5, 7-16-14",,,,,403R-00008,,
CO4244612,"PO 312, GR 5, 7-15-14",,,,,403R-00008,,
CO4244612,"PO 312, GR 5, 7-15-14",,,,,403R-00008,,
CO4244612,"PO 312, GR 5, 7-14-14",,,,,403R-00008,,
CO4244612,"PO 312, GR 5, 7-14-14",,,,,403R-00008,,
CO4244612,"PO 308, GR 10, 12-7-15",,,,,403R-00008,,
CO4244612,"PO 307, GR 1, 12-9-15",,,,,403R-00008,,
CO4244612,"PO 30, GR 1, 5-11-15",,,,,403R-00008,,
CO4244612,"PO 293, GR 4, 11-30-15",,,,,403R-00008,,
CO4244612,"PO 293, GR 4, 11-30-15",,,,,403R-00008,,
CO4244612,"PO 293, GR 4, 11-30-15",,,,,403R-00008,,
CO4244612,"PO 274, GR 3, 11-9-15",,,,,403R-00008,,
CO4244612,"PO 273, GR 11, 11-2-15",,,,,403R-00008,,
CO4244612,"PO 27, GR 11, 4-15",,,,,403R-00008,,
CO4244612,"PO 263, GR 6, 11-2-15",,,,,403R-00008,,
CO4244612,"PO 25, GR 8, 5-18-15",,,,,403R-00008,,
CO4244612,"PO 24, GR 3, 4-6",,,,,403R-00008,,
CO4244612,"PO 238, GR 9, 10/19/15",,,,,403R-00008,,
CO4244612,"PO 23, GR 4, 3-30",,,,,403R-00008,,
CO4244612,"PO 220, GR 12, 10-5-15",,,,,403R-00008,,
CO4244612,"PO 22, gr6, 3-9-15",,,,,403R-00008,,
CO4244612,"PO 210, GR 7, 10-12-15",,,,,403R-00008,,
CO4244612,"PO 21, 3/2/15, GR 9",,,,,403R-00008,,
CO4244612,"PO 201, GR 5, 9/21/15",,,,,403R-00008,,
CO4244612,"PO 201, GR 5, 9/21/15",,,,,403R-00008,,
CO4244612,"PO 20, 2-23, GR 12",,,,,403R-00008,,
CO4244612,"PO 19, GR 7, 2-9-15",,,,,403R-00008,,
CO4244612,"PO 186, GR 8, 9-8-2015",,,,,403R-00008,,
CO4244612,"PO 18, GR 5, 1-26-15",,,,,403R-00008,,
CO4244612,"PO 179, GR 1, 8-24",,,,,403R-00008,,
CO4244612,"PO 179, GR 1, 8-24",,,,,403R-00008,,
CO4244612,"PO 179, G1, 8-24",,,,,403R-00008,,
CO4244612,"PO 165, GR 2, 8-3-15",,,,,403R-00008,,
CO4244612,"PO 165, GR 2, 8-13-15",,,,,403R-00008,,
CO4244612,"PO 165, GR 2, 8-13-15",,,,,403R-00008,,
CO4244612,"PO 165, GR 2, 8-1-15",,,,,403R-00008,,
CO4244612,"PO 16, 1-20-2015, GR 1",,,,,403R-00008,,
CO4244612,"PO 16, 1-20-15, GR 1",,,,,403R-00008,,
CO4244612,"PO 137, GR 11, 7-20-15",,,,,403R-00008,,
CO4244612,"PO 130, GR 3, 7-27-15",,,,,403R-00008,,
CO4244612,"PO 101, GR 6, 7-13-15",,,,,403R-00008,,
CO4244612,"P0 88, GR 9, 6-30-15",,,,,403R-00008,,
CO4244612,Groom PO 143 4-4-14,,,,,403R-00008,,
CO4244612,"GR4, PO 128, 8-10-15",,,,,403R-00008,,
CO4244612,"GR10, PO 251, 3-18-14",,,,,403R-00008,,
CO4244612,"GR10, PO 251, 3-18-14",,,,,403R-00008,,
CO4244612,"GR10, PO 251, 3-17-14",,,,,403R-00008,,
CO4244612,"GR10, PO 251, 3-17-14",,,,,403R-00008,,
CO4244612,"GR10, PO 147, 8/17/15",,,,,403R-00008,,
CO4244612,"GR 9, PO 203, 6-17-14",,,,,403R-00008,,
CO4244612,"GR 9, PO 203, 6-17-14",,,,,403R-00008,,
CO4244612,"GR 9, PO 203, 6-16-14",,,,,403R-00008,,
CO4244612,"GR 9, PO 203, 6-16-14",,,,,403R-00008,,
CO4244612,"GR 8, PO 86, 5-7-14",,,,,403R-00008,,
CO4244612,"GR 8, PO 86, 5-7-14",,,,,403R-00008,,
CO4244612,"GR 8, PO 86, 5-6-14",,,,,403R-00008,,
CO4244612,"GR 8, PO 86, 5-6-14",,,,,403R-00008,,
CO4244612,"GR 8, PO 86, 5-5-14",,,,,403R-00008,,
CO4244612,"GR 8, PO 86, 5-5-14",,,,,403R-00008,,
CO4244612,"GR 8, PO 85, 5-6-14",,,,,403R-00008,,
CO4244612,"GR 7, PO 603, 10-6-14",,,,,403R-00008,,
CO4244612,"GR 7, PO 364, JULY 28TH",,,,,403R-00008,,
CO4244612,"GR 7, PO 364, JULY 28TH",,,,,403R-00008,,
CO4244612,"GR 7, PO 354, 4-16-14",,,,,403R-00008,,
CO4244612,"GR 7, PO 354, 4-16-14",,,,,403R-00008,,
CO4244612,"GR 7, PO 354, 4-15-14",,,,,403R-00008,,
CO4244612,"GR 7, PO 354, 4-15-14",,,,,403R-00008,,
CO4244612,"GR 7, PO 354, 4-14-14",,,,,403R-00008,,
CO4244612,"GR 7, PO 354, 4-14-14",,,,,403R-00008,,
CO4244612,"GR 7, 354, 4-15-14",,,,,403R-00008,,
CO4244612,"GR 6. PO 85, 4-22-14",,,,,403R-00008,,
CO4244612,"GR 6, PO 85,4-23-14",,,,,403R-00008,,
CO4244612,"GR 6, PO 85, 4-23-14",,,,,403R-00008,,
CO4244612,"GR 6, PO 85, 4-23-14",,,,,403R-00008,,
CO4244612,"GR 6, PO 85, 4-22-14",,,,,403R-00008,,
CO4244612,"GR 6, PO 85, 4-22-14",,,,,403R-00008,,
CO4244612,"GR 6, PO 85, 4-21-14",,,,,403R-00008,,
CO4244612,"GR 6, PO 85, 4-21-14",,,,,403R-00008,,
CO4244612,"GR 6, PO 85, 4-21-14",,,,,403R-00008,,
CO4244612,"GR 6, PO 85, 4-16-14",,,,,403R-00008,,
CO4244612,"GR 6, PO 85, 4-16-14",,,,,403R-00008,,
CO4244612,"GR 6 , PO 85, 4-21-14",,,,,403R-00008,,
CO4244612,"GR 6 , PO 85, 4-21-14",,,,,403R-00008,,
CO4244612,"GR 5, PO 301, 4-2-14",,,,,403R-00008,,
CO4244612,"GR 5, PO 301, 4-2-14",,,,,403R-00008,,
CO4244612,"GR 5, PO 301, 4-1-14",,,,,403R-00008,,
CO4244612,"GR 5, PO 301, 4-1-14",,,,,403R-00008,,
CO4244612,"GR 5, PO 301, 3-31-14",,,,,403R-00008,,
CO4244612,"GR 5, PO 301, 3-31-14",,,,,403R-00008,,
CO4244612,"GR 4, PO 188, 6-9-14",,,,,403R-00008,,
CO4244612,"GR 4, PO 188, 6-9-14",,,,,403R-00008,,
CO4244612,"GR 4, PO 188, 6-11-14",,,,,403R-00008,,
CO4244612,"GR 4, PO 188, 6-11-14",,,,,403R-00008,,
CO4244612,"GR 4, PO 188, 6-10-14",,,,,403R-00008,,
CO4244612,"GR 4, PO 188, 6-10-14",,,,,403R-00008,,
CO4244612,"GR 3, PO 85, 4-28-14",,,,,403R-00008,,
CO4244612,"GR 3, PO 84, 4-30-14",,,,,403R-00008,,
CO4244612,"GR 3, PO 84, 4-30-14",,,,,403R-00008,,
CO4244612,"GR 3, PO 84, 4-29-14",,,,,403R-00008,,
CO4244612,"GR 3, PO 84, 4-29-14",,,,,403R-00008,,
CO4244612,"GR 3, PO 84, 4-28-14",,,,,403R-00008,,
CO4244612,"GR 3, PO 84, 4-28-14",,,,,403R-00008,,
CO4244612,"GR 3, P0 84, 4-28-14",,,,,403R-00008,,
CO4244612,"GR 2, PO 28, 4-27",,,,,403R-00008,,
CO4244612,"GR 2, PO 143, 5-27-14",,,,,403R-00008,,
CO4244612,"GR 2, PO 143, 5-27-14",,,,,403R-00008,,
CO4244612,"GR 2, PO 143, 5-26-14",,,,,403R-00008,,
CO4244612,"GR 2, PO 143, 5-26-14",,,,,403R-00008,,
CO4244612,"GR 12, PO 275, 3-25-14",,,,,403R-00008,,
CO4244612,"GR 12, PO 275, 3-25-14",,,,,403R-00008,,
CO4244612,"GR 12, PO 275, 3-24-14",,,,,403R-00008,,
CO4244612,"GR 12, PO 275, 3-24-14",,,,,403R-00008,,
CO4244612,"GR 12, PO 275, 3-24-14",,,,,403R-00008,,
CO4244612,"GR 12, PO 275, 3-24-14",,,,,403R-00008,,
CO4244612,"GR 11, PO 93, 5-13-14",,,,,403R-00008,,
CO4244612,"GR 11, PO 93, 5-13-14",,,,,403R-00008,,
CO4244612,"GR 11, PO 93, 5-12-14",,,,,403R-00008,,
CO4244612,"GR 11, PO 93, 5-12-14",,,,,403R-00008,,
CO4244612,"GR 10, PO 261, 6-24-14",,,,,403R-00008,,
CO4244612,"GR 10, PO 261, 6-24-14",,,,,403R-00008,,
CO4244612,"GR 10, PO 261, 6-23-14",,,,,403R-00008,,
CO4244612,"GR 10, PO 261, 6-23-14",,,,,403R-00008,,
CO4244612,"GR 10, PO 251, 3-18-14",,,,,403R-00008,,
CO4244612,"GR 10, PO 251, 3-18-14",,,,,403R-00008,,
CO4244612,"GR 1, PO 109, 5-21-14",,,,,403R-00008,,
CO4244612,"GR 1, PO 109, 5-21-14",,,,,403R-00008,,
CO4244612,"GR 1, PO 109, 5-20-14",,,,,403R-00008,,
CO4244612,"GR 1, PO 109, 5-20-14",,,,,403R-00008,,
CO4244612,"GR 1, PO 109, 5-19-14",,,,,403R-00008,,
CO4244612,"GR 1, PO 109, 5-19-14",,,,,403R-00008,,
CO4244612,"GR 1, PO 109, 5-19-14",,,,,403R-00008,,
CO4244612,"GR 1, PO 109, 5-19-14",,,,,403R-00008,,
CO4244612,"GR 6, PO 85, 4-21-14",,,,,403R-00008,,
CO4244612,Gobi GR 9,,,,,403R-00008,,
CO4244612,Gobi GR 8,,,,,403R-00008,,
CO4244612,Gobi GR 7,,,,,403R-00008,,
CO4244612,Gobi GR 6,,,,,403R-00008,,
CO4244612,Gobi GR 5,,,,,403R-00008,,
CO4244612,Gobi GR 3,,,,,403R-00008,,
CO4244612,Gobi GR 12,,,,,403R-00008,,
CO4244612,Gobi GR 11,,,,,403R-00008,,
CO4244612,Gobi GR 10,,,,,403R-00008,,
CO4244612,Gobi GR 1,,,,,403R-00008,,
CO4244612,"7-1-14, GR 12, PO 280",,,,,403R-00008,,
CO4244612,"7.1.14. GR 12, PO 280",,,,,403R-00008,,
CO4244612,"7.1.14. GR 12, PO 280",,,,,403R-00008,,
CO4244612,"7.1.14, GR 12, PO280",,,,,403R-00008,,
CO4244612,"7.1.14, GR 12, PO280",,,,,403R-00008,,
CO4244612,"7.1.14, GR 12, PO 280",,,,,403R-00008,,
CO4244612,"7.1.14, GR 12, PO 280",,,,,403R-00008,,
CO4244612,"7.1.14, GR 12, PO 180",,,,,403R-00008,,
CO4244612,"6-30-14, GR 12, PO 280",,,,,403R-00008,,
CO4244612,"6-30-14, GR 12, PO 280",,,,,403R-00008,,
CO4244612,"6-30-14, GR 12 PO 280",,,,,403R-00008,,
CO4244612,"6-30-14 GR 12, PO 280",,,,,403R-00008,,
CO4244612,"6-15-15, PO 78, GR 12",,,,,403R-00008,,
CO4244612,"6/15/15, PO 78, GR 12",,,,,403R-00008,,
CO4244612,2015-11-02-WSV CO-H,,,,,403R-00008,,
CO4244612,2015-09-21-WSV CO-H,,,,,403R-00008,,
CO4244612,2015-08-05-WSV CO-H,,,,,403R-00008,,
CO4244612,2014-12-18-WSV CO-H,,,,,403R-00008,,
CO4244612,"12-8, PO 744, GR 10",,,,,403R-00008,,
CO4244612,11-16.po 812.gr3,,,,,403R-00008,,
CO4244612,"11-16,po 812,gr3",,,,,403R-00008,,
CO4244612,"11-16,po 812, gr3",,,,,403R-00008,,
CO4244612,"11-16, PO 812, GR 3",,,,,403R-00008,,
CO4244612,"11-10, PO 756, GR 6",,,,,403R-00008,,
CO4244612,"PO 94, GR 16, 7-6-15",,,,,403R-00009,,
CO4244612,"PO 931, 1/15/15, GR 15",,,,,403R-00009,,
CO4244612,"PO 93, GR15, 6-22-15",,,,,403R-00009,,
CO4244612,"PO 93, GR 15, 6-22-15",,,,,403R-00009,,
CO4244612,"PO 93, GE 15, 6-22-15",,,,,403R-00009,,
CO4244612,"PO 872, GR 15, 10-27-14",,,,,403R-00009,,
CO4244612,"PO 777, GR 16, 10-28-14",,,,,403R-00009,,
CO4244612,PO 6-2-14,,,,,403R-00009,,
CO4244612,"PO 586, GR 16, 10-1-14",,,,,403R-00009,,
CO4244612,"PO 531, GR 16, 7-21-14",,,,,403R-00009,,
CO4244612,"PO 530. GR 15, 7-21-14",,,,,403R-00009,,
CO4244612,"PO 530, GR 15, 7-21-14",,,,,403R-00009,,
CO4244612,"PO 38, 3-17-15, GR16",,,,,403R-00009,,
CO4244612,"PO 37, 3-16-15, GR15",,,,,403R-00009,,
CO4244612,"PO 37, 3-16-15, GR15",,,,,403R-00009,,
CO4244612,"PO 37, 3-16-15, GR 15",,,,,403R-00009,,
CO4244612,po 344 6-4-14,,,,,403R-00009,,
CO4244612,po 344 6-4-14,,,,,403R-00009,,
CO4244612,PO 344 6-3-14,,,,,403R-00009,,
CO4244612,PO 344 6-3-14,,,,,403R-00009,,
CO4244612,PO 344 6-3-14,,,,,403R-00009,,
CO4244612,PO 344 6-2-14,,,,,403R-00009,,
CO4244612,"PO 340, 6-2-14",,,,,403R-00009,,
CO4244612,po 340 6-4-14,,,,,403R-00009,,
CO4244612,PO 340 6-2-14,,,,,403R-00009,,
CO4244612,PO 340 6-2-14,,,,,403R-00009,,
CO4244612,PO 340,,,,,403R-00009,,
CO4244612,"PO 262, GR 16, 1-11-16",,,,,403R-00009,,
CO4244612,"PO 262, GR 16, 1-11-16",,,,,403R-00009,,
CO4244612,"PO 261, GR 15, 1-11-16",,,,,403R-00009,,
CO4244612,"PO 215, GR 15, 11-16-15",,,,,403R-00009,,
CO4244612,"PO 214, GR 16, 11-17-15",,,,,403R-00009,,
CO4244612,"PO 163, GR 16, 8-31",,,,,403R-00009,,
CO4244612,"PO 163, GR 16, 8-1",,,,,403R-00009,,
CO4244612,"PO 162, GR 15, 9-14-15",,,,,403R-00009,,
CO4244612,"PO 94, GR 16, 7-6-15",,,,,403R-00009,,
CO4244612,GROOM PO 158 4-8-14,,,,,403R-00009,,
CO4244612,GROOM PO 158 4-18-14,,,,,403R-00009,,
CO4244612,"Groom 16, PO 344, 4-24-14",,,,,403R-00009,,
CO4244612,"GR. 16, PO 344, 4-24-14",,,,,403R-00009,,
CO4244612,"GR 16, PO 344, 4-24-14",,,,,403R-00009,,
CO4244612,"GR 16, PO 128, 4-9-14",,,,,403R-00009,,
CO4244612,"GR 16, PO 128, 4-9-14",,,,,403R-00009,,
CO4244612,"GR 16, PO 128, 4-9-14",,,,,403R-00009,,
CO4244612,"GR 16, PO 128, 4-8-14",,,,,403R-00009,,
CO4244612,"GR 16, PO 128, 4-8-14",,,,,403R-00009,,
CO4244612,"GR 16, PO 128, 4-8-14",,,,,403R-00009,,
CO4244612,"GR 15, PO 142, 4-8-14",,,,,403R-00009,,
CO4244612,"GR 15, PO 142, 4-8-14",,,,,403R-00009,,
CO4244612,"GR 15, PO 142, 4-8-14",,,,,403R-00009,,
CO4244612,"GR 15, PO 142, 4-7-14",,,,,403R-00009,,
CO4244612,"GR 15, PO 142, 4-7-14",,,,,403R-00009,,
CO4244612,"GR 15, PO 142, 4-7-14",,,,,403R-00009,,
CO4245013,2B-20 Berry Garcia,402-00113 ,403-00160,,,,,
CO4245013,2B-20 Blueberry Diesel,402-00113 ,403-00160,,,,,
CO4245013,2B-20 Chem Giesel,402-00113 ,403-00160,,,,,
CO4245013,2B-20 Cherry Stomper,402-00113 ,403-00160,,,,,
CO4245013,2B-20 Chocolate Mint OG,402-00113 ,403-00160,,,,,
CO4245013,2B-20 Critical Mass,402-00113 ,403-00160,,,,,
CO4245013,2B-20 Honey Banana,402-00113 ,403-00160,,,,,
CO4245013,12-21 Blue Steele,,,,,403R-00248 ,,
CO4245013,12-21 Lemon Skunk,,,,,403R-00248 ,,
CO4245013,2B-20 707 Truthband,,,,,403R-00248 ,,
CO4245013,2B-20 Blue Donkey Dick,,,,,403R-00248 ,,
CO4245013,2B-20 Blue God,,,,,403R-00248 ,,
CO4245013,2B-20 Blue Steele,,,,,403R-00248 ,,
CO4245013,2B-20 Blueberry,,,,,403R-00248 ,,
CO4245013,2B-20 Blueberry Diesel,,,,,403R-00248 ,,
CO4245013,2B-20 Chem Grape,,,,,403R-00248 ,,
CO4245013,2B-20 Cherry Stomper,,,,,403R-00248 ,,
CO4245013,2B-20 Chocolate Mint OG,,,,,403R-00248 ,,
CO4245013,2B-20 Critical Mass,,,,,403R-00248 ,,
CO4245013,2B-20 Ghost Train Haze,,,,,403R-00248 ,,
CO4245013,2B-20 Mango Tango,,,,,403R-00248 ,,
CO4245013,2B-20 Mango X Choco,,,,,403R-00248 ,,
CO4245013,2B-20 Skywalker,,,,,403R-00248 ,,
CO4245214,1-OAK-32-303,402-00656,403-00492,,,,,
CO4245214,1-OAK-32-AH,402-00656,403-00492,,,,,
CO4245214,1-OAK-32-BDC,402-00656,403-00492,,,,,
CO4245214,1-OAK-32-BRAIN,402-00656,403-00492,,,,,
CO4245214,1-OAK-32-BW,402-00656,403-00492,,,,,
CO4245214,1-OAK-32-CG,402-00656,403-00492,,,,,
CO4245214,1-OAK-32-FC,402-00656,403-00492,,,,,
CO4245214,1-OAK-32-FP,402-00656,403-00492,,,,,
CO4245214,1-OAK-32-GG,402-00656,403-00492,,,,,
CO4245214,1-OAK-32-GSC,402-00656,403-00492,,,,,
CO4245214,1-OAK-32-HBK,402-00656,403-00492,,,,,
CO4245214,1-OAK-32-SC,402-00656,403-00492,,,,,
CO4245214,1-OAK-32-SIN,402-00656,403-00492,,,,,
CO4245214,1-OAK-32-SUENO,402-00656,403-00492,,,,,
CO4245214,1-OAK-32-UKLA,402-00656,403-00492,,,,,
CO4245214,2-OAK-29-BDC,402-00656,403-00492,,,,,
CO4245214,2-OAK-31-303,402-00656,403-00492,,,,,
CO4245214,2-OAK-31-AH,402-00656,403-00492,,,,,
CO4245214,2-OAK-31-BDC,402-00656,403-00492,,,,,
CO4245214,2-OAK-31-BK,402-00656,403-00492,,,,,
CO4245214,2-OAK-31-BRAIN,402-00656,403-00492,,,,,
CO4245214,2-OAK-31-BW,402-00656,403-00492,,,,,
CO4245214,2-OAK-31-CD,402-00656,403-00492,,,,,
CO4245214,2-OAK-31-EWOK,402-00656,403-00492,,,,,
CO4245214,2-OAK-31-FOG,402-00656,403-00492,,,,,
CO4245214,2-OAK-31-FP,402-00656,403-00492,,,,,
CO4245214,2-OAK-31-GHOST,402-00656,403-00492,,,,,
CO4245214,2-OAK-31-LG13,402-00656,403-00492,,,,,
CO4245214,2-OAK-31-OGB,402-00656,403-00492,,,,,
CO4245214,2-OAK-31-STARD,402-00656,403-00492,,,,,
CO4245214,2-OAK-31-TANG,402-00656,403-00492,,,,,
CO4245214,2-OAK-31-UKLA,402-00656,403-00492,,,,,
CO4245214,2-OAK-39-303,402-00656,403-00492,,,,,
CO4245214,2-OAK-39-AH,402-00656,403-00492,,,,,
CO4245214,2-OAK-39-BDC,402-00656,403-00492,,,,,
CO4245214,2-OAK-39-BW,402-00656,403-00492,,,,,
CO4245214,2-OAK-39-FC,402-00656,403-00492,,,,,
CO4245214,2-OAK-39-GG,402-00656,403-00492,,,,,
CO4245214,2-OAK-39-GS,402-00656,403-00492,,,,,
CO4245214,2-OAK-39-HBK,402-00656,403-00492,,,,,
CO4245214,2-OAK-39-LG,402-00656,403-00492,,,,,
CO4245214,2-OAK-39-OGB,402-00656,403-00492,,,,,
CO4245214,2-OAK-39-SC,402-00656,403-00492,,,,,
CO4245214,2-OAK-39-TANG,402-00656,403-00492,,,,,
CO4245214,3-OAK-30-BK,402-00656,403-00492,,,,,
CO4245214,3-OAK-30-BRAIN,402-00656,403-00492,,,,,
CO4245214,3-OAK-30-CG,402-00656,403-00492,,,,,
CO4245214,3-OAK-30-CP,402-00656,403-00492,,,,,
CO4245214,3-OAK-30-FOG,402-00656,403-00492,,,,,
CO4245214,3-OAK-30-GS,402-00656,403-00492,,,,,
CO4245214,3-OAK-30-HBK,402-00656,403-00492,,,,,
CO4245214,3-OAK-30-SIN,402-00656,403-00492,,,,,
CO4245214,3-OAK-30-STARD,402-00656,403-00492,,,,,
CO4245214,3-OAK-30-SUENO,402-00656,403-00492,,,,,
CO4245214,3-OAK-30-SW,402-00656,403-00492,,,,,
CO4245214,3-OAK-38-303,402-00656,403-00492,,,,,
CO4245214,3-OAK-38-AH,402-00656,403-00492,,,,,
CO4245214,3-OAK-38-BDC,402-00656,403-00492,,,,,
CO4245214,3-OAK-38-BW,402-00656,403-00492,,,,,
CO4245214,3-OAK-38-CG,402-00656,403-00492,,,,,
CO4245214,3-OAK-38-CGRAPE,402-00656,403-00492,,,,,
CO4245214,3-OAK-38-FB,402-00656,403-00492,,,,,
CO4245214,3-OAK-38-FC,402-00656,403-00492,,,,,
CO4245214,3-OAK-38-FOG,402-00656,403-00492,,,,,
CO4245214,3-OAK-38-GG,402-00656,403-00492,,,,,
CO4245214,3-OAK-38-GHOST,402-00656,403-00492,,,,,
CO4245214,3-OAK-38-GS,402-00656,403-00492,,,,,
CO4245214,3-OAK-38-HBK,402-00656,403-00492,,,,,
CO4245214,3-OAK-38-SC,402-00656,403-00492,,,,,
CO4245214,3-OAK-38-SIN,402-00656,403-00492,,,,,
CO4245214,3-OAK-38-UKLA,402-00656,403-00492,,,,,
CO4245214,4-OAK-29-BDC,402-00656,403-00492,,,,,
CO4245214,4-OAK-29-BK,402-00656,403-00492,,,,,
CO4245214,4-OAK-29-BW,402-00656,403-00492,,,,,
CO4245214,4-OAK-29-CG,402-00656,403-00492,,,,,
CO4245214,4-OAK-29-CP,402-00656,403-00492,,,,,
CO4245214,4-OAK-29-FB,402-00656,403-00492,,,,,
CO4245214,4-OAK-29-GG,402-00656,403-00492,,,,,
CO4245214,4-OAK-29-GS,402-00656,403-00492,,,,,
CO4245214,4-OAK-29-GSC,402-00656,403-00492,,,,,
CO4245214,4-OAK-29-HBK,402-00656,403-00492,,,,,
CO4245214,4-OAK-29-OGSIN,402-00656,403-00492,,,,,
CO4245214,4-OAK-29-SC,402-00656,403-00492,,,,,
CO4245214,4-OAK-29-SUENO,402-00656,403-00492,,,,,
CO4245214,4-OAK-29-SW,402-00656,403-00492,,,,,
CO4245214,4-OAK-37-303,402-00656,403-00492,,,,,
CO4245214,4-OAK-37-BC,402-00656,403-00492,,,,,
CO4245214,4-OAK-37-BW,402-00656,403-00492,,,,,
CO4245214,4-OAK-37-CD,402-00656,403-00492,,,,,
CO4245214,4-OAK-37-EWOK,402-00656,403-00492,,,,,
CO4245214,4-OAK-37-GHOST,402-00656,403-00492,,,,,
CO4245214,4-OAK-37-LG,402-00656,403-00492,,,,,
CO4245214,4-OAK-37-SC,402-00656,403-00492,,,,,
CO4245214,4-OAK-37-STARD,402-00656,403-00492,,,,,
CO4245214,4-OAK-37-TANG,402-00656,403-00492,,,,,
CO4245214,4-OAK-37-UKLA,402-00656,403-00492,,,,,
CO4245214,5-OAK-36-BC,402-00656,403-00492,,,,,
CO4245214,5-OAK-36-BK,402-00656,403-00492,,,,,
CO4245214,5-OAK-36-BW,402-00656,403-00492,,,,,
CO4245214,5-OAK-36-CG,402-00656,403-00492,,,,,
CO4245214,5-OAK-36-GDP,402-00656,403-00492,,,,,
CO4245214,5-OAK-36-GS,402-00656,403-00492,,,,,
CO4245214,5-OAK-36-HBK,402-00656,403-00492,,,,,
CO4245214,5-OAK-36-STAR,402-00656,403-00492,,,,,
CO4245214,5-OAK-36-UKLA,402-00656,403-00492,,,,,
CO4245214,6-OAK-35-303,402-00656,403-00492,,,,,
CO4245214,6-OAK-35-BW,402-00656,403-00492,,,,,
CO4245214,6-OAK-35-FB,402-00656,403-00492,,,,,
CO4245214,6-OAK-35-GS,402-00656,403-00492,,,,,
CO4245214,6-OAK-35-HBK,402-00656,403-00492,,,,,
CO4245214,6-OAK-35-SC,402-00656,403-00492,,,,,
CO4245214,6-OAK-35-UKLA,402-00656,403-00492,,,,,
CO4245214,7-OAK-34-AH,402-00656,403-00492,,,,,
CO4245214,7-OAK-34-BDC,402-00656,403-00492,,,,,
CO4245214,7-OAK-34-BRAIN,402-00656,403-00492,,,,,
CO4245214,7-OAK-34-BW,402-00656,403-00492,,,,,
CO4245214,7-OAK-34-GG,402-00656,403-00492,,,,,
CO4245214,7-OAK-34-GS,402-00656,403-00492,,,,,
CO4245214,7-OAK-34-SC,402-00656,403-00492,,,,,
CO4245214,7-OAK-34-SUENO,402-00656,403-00492,,,,,
CO4245214,7-OAK-34-SW,402-00656,403-00492,,,,,
CO4245214,8-OAK-33-AH,402-00656,403-00492,,,,,
CO4245214,8-OAK-33-BDC,402-00656,403-00492,,,,,
CO4245214,8-OAK-33-BRAIN,402-00656,403-00492,,,,,
CO4245214,8-OAK-33-BW,402-00656,403-00492,,,,,
CO4245214,8-OAK-33-CG,402-00656,403-00492,,,,,
CO4245214,8-OAK-33-FC,402-00656,403-00492,,,,,
CO4245214,8-OAK-33-FP,402-00656,403-00492,,,,,
CO4245214,8-OAK-33-GDP,402-00656,403-00492,,,,,
CO4245214,8-OAK-33-GS,402-00656,403-00492,,,,,
CO4245214,8-OAK-33-GSC,402-00656,403-00492,,,,,
CO4245214,8-OAK-33-HBK,402-00656,403-00492,,,,,
CO4245214,8-OAK-33-SC,402-00656,403-00492,,,,,
CO4245214,8-OAK-33-SIN,402-00656,403-00492,,,,,
CO4245214,8-OAK-33-SUENO,402-00656,403-00492,,,,,
CO4245214,8-OAK-33-UKLA,402-00656,403-00492,,,,,
CO4246115,BK_217RM3,402-00775,403-01180,,,,,
CO4246115,BK32RM1,402-00775,403-01180,,,,,
CO4246115,CC32RM1,402-00775,403-01180,,,,,
CO4246115,CNC_218RM3,402-00775,403-01180,,,,,
CO4246115,CW_217RM3,402-00775,403-01180,,,,,
CO4246115,DP_217RM3,402-00775,403-01180,,,,,
CO4246115,DS34RM1,402-00775,403-01180,,,,,
CO4246115,DSTARSAMPLERM2,402-00775,403-01180,,,,,
CO4246115,FC_218RM3,402-00775,403-01180,,,,,
CO4246115,FC32RM1,402-00775,403-01180,,,,,
CO4246115,FLO_215RM3,402-00775,403-01180,,,,,
CO4246115,FLO34RM1,402-00775,403-01180,,,,,
CO4246115,FLOSAMPLERM1,402-00775,403-01180,,,,,
CO4246115,FO229RM1,402-00775,403-01180,,,,,
CO4246115,GG32RM1,402-00775,403-01180,,,,,
CO4246115,GOG_218RM3,402-00775,403-01180,,,,,
CO4246115,GOL_219RM3,402-00775,403-01180,,,,,
CO4246115,GOLSAMPLERM1,402-00775,403-01180,,,,,
CO4246115,HS_215RM3,402-00775,403-01180,,,,,
CO4246115,KL_217RM3,402-00775,403-01180,,,,,
CO4246115,KLK35RM1,402-00775,403-01180,,,,,
CO4246115,MB35RM1,402-00775,403-01180,,,,,
CO4246115,SD229RM1,402-00775,403-01180,,,,,
CO4246115,SJ_217RM3,402-00775,403-01180,,,,,
CO4246115,STAR35RM1,402-00775,403-01180,,,,,
CO4246115,TROPIC31RM1,402-00775,403-01180,,,,,
CO4246115,TT32RM1,402-00775,403-01180,,,,,
CO4246115,CK33RM1,402-00048,403-00063,,,,,
CO4246115,CW_216RM3,402-00048,403-00063,,,,,
CO4246115,DSRM2,402-00048,403-00063,,,,,
CO4246115,DSSAMPLERM2,402-00048,403-00063,,,,,
CO4246115,FLOSAMPLE,402-00048,403-00063,,,,,
CO4246115,FO229RM1,402-00048,403-00063,,,,,
CO4246115,GG33RM1,402-00048,403-00063,,,,,
CO4246115,GOL35RM1,402-00048,403-00063,,,,,
CO4246115,GOLR_216RM3,402-00048,403-00063,,,,,
CO4246115,GSC34RM1,402-00048,403-00063,,,,,
CO4246115,KLKSAMPLE,402-00048,403-00063,,,,,
CO4246115,MB34RM1,402-00048,403-00063,,,,,
CO4246115,MBSAMPLERM2,402-00048,403-00063,,,,,
CO4246115,ODSAMPLE,402-00048,403-00063,,,,,
CO4246115,SD229RM1,402-00048,403-00063,,,,,
CO4246115,SFVTK34RM1,402-00048,403-00063,,,,,
CO4246115,SJ_217RM3,402-00048,403-00063,,,,,
CO4246115,STAR35RM1,402-00048,403-00063,,,,,
CO4246115,TROPIC31RM1,402-00048,403-00063,,,,,
CO4246115,TROPICSAMPLE,402-00048,403-00063,,,,,
CO4246115,TT31RM1,402-00048,403-00063,,,,,
CO4246115,TTSAMPLE,402-00048,403-00063,,,,,
CO4246115,WN_216RM3,402-00048,403-00063,,,,,
CO4246115,WNSAMPLERM3,402-00048,403-00063,,,,,
CO4246115,BB_219RM3,,,,,403R-00132,,
CO4246115,BK_219RM3,,,,,403R-00132,,
CO4246115,GOG_219RM3,,,,,403R-00132,,
CO4246115,GOL_219RM3,,,,,403R-00132,,
CO4246115,SJ_219RM3,,,,,403R-00132,,
CO4246115,WN_220RM3,,,,,403R-00132,,
CO4246116,1172016,402-00035,403-00047,,,,,
CO4246116,12152015,402-00035,403-00047,,,,,
CO4246116,12292015,402-00035,403-00047,,,,,
CO4246116,flower test sample1 gobi,402-00035,403-00047,,,,,
CO4246116,1172016,,,,,403R-00131,,
CO4246116,12152015,,,,,403R-00131,,
CO4246116,12292015,,,,,403R-00131,,
CO4246116,flower leaf test gobi,,,,,403R-00131,,
CO4246517,Cognac Kush,,,,,403R-00204 ,,
CO4246517,Cookie Monster 2/15/16,,,,,403R-00204 ,,
CO4246517,Grape Stomper,,,,,403R-00204 ,,
CO4246517,Killawatt,,,,,403R-00204 ,,
CO4246517,Papaya 2/15/16,,,,,403R-00204 ,,
CO4246517,Pineapple Express 2/15/16,,,,,403R-00204 ,,
CO4246517,Snowcap 2/15/16,,,,,403R-00204 ,,
CO4246517,Southern Charm 2/15/16,,,,,403R-00204 ,,
CO4246517,Strawberry Cough 2/15/16,,,,,403R-00204 ,,
CO4246517,Triangle Kush,,,,,403R-00204 ,,
CO4246517,Trinity 2/15/16,,,,,403R-00204 ,,
CO4246718,108 021216 76,402-00556,403-00825,,,,,
CO4246718,108 021216 AK,402-00556,403-00825,,,,,
CO4246718,108 021316 BU,402-00556,403-00825,,,,,
CO4246718,108 021316 LS,402-00556,403-00825,,,,,
CO4246718,108 021416 BK,402-00556,403-00825,,,,,
CO4246718,108 021516 18,402-00556,403-00825,,,,,
CO4246718,108 021516 CA DIRT,402-00556,403-00825,,,,,
CO4246718,108 021516 CG DIRT,402-00556,403-00825,,,,,
CO4246718,108 021516 CP DIRT,402-00556,403-00825,,,,,
CO4246718,108 021516 CW DIRT,402-00556,403-00825,,,,,
CO4246718,108 021516 GW DIRT,402-00556,403-00825,,,,,
CO4246718,108 101215 ST,402-00556,403-00825,,,,,
CO4246718,108 121115 AC,402-00556,403-00825,,,,,
CO4246718,108 121115 R1,402-00556,403-00825,,,,,
CO4246718,108 121115 RS,402-00556,403-00825,,,,,
CO4246718,108 121215 SQ,402-00556,403-00825,,,,,
CO4246718,108 121315 HK,402-00556,403-00825,,,,,
CO4246718,108 121315 LR2,402-00556,403-00825,,,,,
CO4246718,108 121415 AC dirt,402-00556,403-00825,,,,,
CO4246718,108 121415 LR1 dirt,402-00556,403-00825,,,,,
CO4246718,108 121415 MD dirt,402-00556,403-00825,,,,,
CO4246718,108 121415 MW dirt,402-00556,403-00825,,,,,
CO4246718,108 121415 R1 dirt,402-00556,403-00825,,,,,
CO4246718,108 121415 RD,402-00556,403-00825,,,,,
CO4246718,108 121415 RS dirt,402-00556,403-00825,,,,,
CO4246718,108 121415 SK dirt,402-00556,403-00825,,,,,
CO4246718,108 121415 SS,402-00556,403-00825,,,,,
CO4246718,109 011316 GI,402-00556,403-00825,,,,,
CO4246718,109 011416 SS,402-00556,403-00825,,,,,
CO4246718,109 011516 SD,402-00556,403-00825,,,,,
CO4246718,109 011616 CR,402-00556,403-00825,,,,,
CO4246718,109 011616 OG DIRT,402-00556,403-00825,,,,,
CO4246718,109 011616 OR DIRT,402-00556,403-00825,,,,,
CO4246718,109 011616 PD DIRT,402-00556,403-00825,,,,,
CO4246718,109 011616 SV DIRT,402-00556,403-00825,,,,,
CO4246718,109 031616 MH,402-00556,403-00825,,,,,
CO4246718,109 031716 EJ,402-00556,403-00825,,,,,
CO4246718,109 031816 KQ,402-00556,403-00825,,,,,
CO4246718,109 031916 BD,402-00556,403-00825,,,,,
CO4246718,109 111215 CT dirt,402-00556,403-00825,,,,,
CO4246718,109 111215 DP dirt,402-00556,403-00825,,,,,
CO4246718,109 111215 GA dirt,402-00556,403-00825,,,,,
CO4246718,109 111215 LR2 dirt,402-00556,403-00825,,,,,
CO4246718,109 111215 PK dirt,402-00556,403-00825,,,,,
CO4246718,11 112915 LR1 dirt,402-00556,403-00825,,,,,
CO4246718,11 112915 RD dirt,402-00556,403-00825,,,,,
CO4246718,110 022916 CP,402-00556,403-00825,,,,,
CO4246718,110 022916 CW,402-00556,403-00825,,,,,
CO4246718,110 030116 GW,402-00556,403-00825,,,,,
CO4246718,110 030216 CA,402-00556,403-00825,,,,,
CO4246718,110 030216 CG,402-00556,403-00825,,,,,
CO4246718,110 102815 LS,402-00556,403-00825,,,,,
CO4246718,110 122815 AC,402-00556,403-00825,,,,,
CO4246718,110 122815 CK,402-00556,403-00825,,,,,
CO4246718,110 122815 LR1,402-00556,403-00825,,,,,
CO4246718,110 122815 LR2,402-00556,403-00825,,,,,
CO4246718,110 122915 MW,402-00556,403-00825,,,,,
CO4246718,110 123015 CK DIRT,402-00556,403-00825,,,,,
CO4246718,110 123015 CR DIRT,402-00556,403-00825,,,,,
CO4246718,110 123015 GI DIRT,402-00556,403-00825,,,,,
CO4246718,110 123015 MD,402-00556,403-00825,,,,,
CO4246718,110 123015 SD DIRT,402-00556,403-00825,,,,,
CO4246718,110 123015 SK,402-00556,403-00825,,,,,
CO4246718,110 123015 SS DIRT,402-00556,403-00825,,,,,
CO4246718,111 020116 PD,402-00556,403-00825,,,,,
CO4246718,111 020216 OR,402-00556,403-00825,,,,,
CO4246718,111 020216 WD,402-00556,403-00825,,,,,
CO4246718,111 020316 18 dirt,402-00556,403-00825,,,,,
CO4246718,111 020316 AK dirt,402-00556,403-00825,,,,,
CO4246718,111 020316 BK dirt,402-00556,403-00825,,,,,
CO4246718,111 020316 OG,402-00556,403-00825,,,,,
CO4246718,111 020316 SV,402-00556,403-00825,,,,,
CO4246718,111 113015 T,402-00556,403-00825,,,,,
CO4246718,111 120215 CT,402-00556,403-00825,,,,,
CO4246718,111 120215 DP,402-00556,403-00825,,,,,
CO4246718,108 021116 AK,,,,,403R-00199,,
CO4246718,108 021316 76,,,,,403R-00199,,
CO4246718,108 021316 GW,,,,,403R-00199,,
CO4246718,108 021416 BK,,,,,403R-00199,,
CO4246718,108 121115 RS,,,,,403R-00199,,
CO4246718,108 121215 SQ,,,,,403R-00199,,
CO4246718,108 121315 HK,,,,,403R-00199,,
CO4246718,108 121415 RD,,,,,403R-00199,,
CO4246718,109 011316 GI,,,,,403R-00199,,
CO4246718,109 011416 SD,,,,,403R-00199,,
CO4246718,109 011416 SS,,,,,403R-00199,,
CO4246718,109 011616 CR,,,,,403R-00199,,
CO4246718,109 031616 LR2,,,,,403R-00199,,
CO4246718,109 031616 MH,,,,,403R-00199,,
CO4246718,109 031716 EJ,,,,,403R-00199,,
CO4246718,109 031816 BD,,,,,403R-00199,,
CO4246718,109 031816 KQ,,,,,403R-00199,,
CO4246718,109 111015 BB,,,,,403R-00199,,
CO4246718,109 111015 CC,,,,,403R-00199,,
CO4246718,109 111115 BD,,,,,403R-00199,,
CO4246718,109 111115 CM,,,,,403R-00199,,
CO4246718,109 111215 EC,,,,,403R-00199,,
CO4246718,110 022916 CW,,,,,403R-00199,,
CO4246718,110 030116 CA,,,,,403R-00199,,
CO4246718,110 030116 CP,,,,,403R-00199,,
CO4246718,110 030316 CG,,,,,403R-00199,,
CO4246718,110 110115 KQ,,,,,403R-00199,,
CO4246718,110 122915 MD,,,,,403R-00199,,
CO4246718,110 122915 MW,,,,,403R-00199,,
CO4246718,110 123015 SK,,,,,403R-00199,,
CO4246718,111 020116 PD,,,,,403R-00199,,
CO4246718,111 020216 SV,,,,,403R-00199,,
CO4246718,111 020216 WD,,,,,403R-00199,,
CO4246718,111 020316 OG,,,,,403R-00199,,
CO4246718,111 113015 T,,,,,403R-00199,,
CO4246718,111 120115 CT,,,,,403R-00199,,
CO4246718,111 120115 GA,,,,,403R-00199,,
CO4246718,111 120215 DP,,,,,403R-00199,,
CO4246719,1-OAK-32-303,402-00656,403-00492,,,,,
CO4246719,1-OAK-32-AH,402-00656,403-00492,,,,,
CO4246719,1-OAK-32-BDC,402-00656,403-00492,,,,,
CO4246719,1-OAK-32-BRAIN,402-00656,403-00492,,,,,
CO4246719,1-OAK-32-BW,402-00656,403-00492,,,,,
CO4246719,1-OAK-32-CG,402-00656,403-00492,,,,,
CO4246719,1-OAK-32-FC,402-00656,403-00492,,,,,
CO4246719,1-OAK-32-FP,402-00656,403-00492,,,,,
CO4246719,1-OAK-32-GG,402-00656,403-00492,,,,,
CO4246719,1-OAK-32-GSC,402-00656,403-00492,,,,,
CO4246719,1-OAK-32-HBK,402-00656,403-00492,,,,,
CO4246719,1-OAK-32-SC,402-00656,403-00492,,,,,
CO4246719,1-OAK-32-SIN,402-00656,403-00492,,,,,
CO4246719,1-OAK-32-SUENO,402-00656,403-00492,,,,,
CO4246719,1-OAK-32-UKLA,402-00656,403-00492,,,,,
CO4246719,2-OAK-29-BDC,402-00656,403-00492,,,,,
CO4246719,2-OAK-31-303,402-00656,403-00492,,,,,
CO4246719,2-OAK-31-AH,402-00656,403-00492,,,,,
CO4246719,2-OAK-31-BDC,402-00656,403-00492,,,,,
CO4246719,2-OAK-31-BK,402-00656,403-00492,,,,,
CO4246719,2-OAK-31-BRAIN,402-00656,403-00492,,,,,
CO4246719,2-OAK-31-BW,402-00656,403-00492,,,,,
CO4246719,2-OAK-31-CD,402-00656,403-00492,,,,,
CO4246719,2-OAK-31-EWOK,402-00656,403-00492,,,,,
CO4246719,2-OAK-31-FOG,402-00656,403-00492,,,,,
CO4246719,2-OAK-31-FP,402-00656,403-00492,,,,,
CO4246719,2-OAK-31-GHOST,402-00656,403-00492,,,,,
CO4246719,2-OAK-31-LG13,402-00656,403-00492,,,,,
CO4246719,2-OAK-31-OGB,402-00656,403-00492,,,,,
CO4246719,2-OAK-31-STARD,402-00656,403-00492,,,,,
CO4246719,2-OAK-31-TANG,402-00656,403-00492,,,,,
CO4246719,2-OAK-31-UKLA,402-00656,403-00492,,,,,
CO4246719,2-OAK-39-303,402-00656,403-00492,,,,,
CO4246719,2-OAK-39-AH,402-00656,403-00492,,,,,
CO4246719,2-OAK-39-BDC,402-00656,403-00492,,,,,
CO4246719,2-OAK-39-BW,402-00656,403-00492,,,,,
CO4246719,2-OAK-39-FC,402-00656,403-00492,,,,,
CO4246719,2-OAK-39-GG,402-00656,403-00492,,,,,
CO4246719,2-OAK-39-GS,402-00656,403-00492,,,,,
CO4246719,2-OAK-39-HBK,402-00656,403-00492,,,,,
CO4246719,2-OAK-39-LG,402-00656,403-00492,,,,,
CO4246719,2-OAK-39-OGB,402-00656,403-00492,,,,,
CO4246719,2-OAK-39-SC,402-00656,403-00492,,,,,
CO4246719,2-OAK-39-TANG,402-00656,403-00492,,,,,
CO4246719,3-OAK-30-BK,402-00656,403-00492,,,,,
CO4246719,3-OAK-30-BRAIN,402-00656,403-00492,,,,,
CO4246719,3-OAK-30-CG,402-00656,403-00492,,,,,
CO4246719,3-OAK-30-CP,402-00656,403-00492,,,,,
CO4246719,3-OAK-30-FOG,402-00656,403-00492,,,,,
CO4246719,3-OAK-30-GS,402-00656,403-00492,,,,,
CO4246719,3-OAK-30-HBK,402-00656,403-00492,,,,,
CO4246719,3-OAK-30-SIN,402-00656,403-00492,,,,,
CO4246719,3-OAK-30-STARD,402-00656,403-00492,,,,,
CO4246719,3-OAK-30-SUENO,402-00656,403-00492,,,,,
CO4246719,3-OAK-30-SW,402-00656,403-00492,,,,,
CO4246719,3-OAK-38-303,402-00656,403-00492,,,,,
CO4246719,3-OAK-38-AH,402-00656,403-00492,,,,,
CO4246719,3-OAK-38-BDC,402-00656,403-00492,,,,,
CO4246719,3-OAK-38-BW,402-00656,403-00492,,,,,
CO4246719,3-OAK-38-CG,402-00656,403-00492,,,,,
CO4246719,3-OAK-38-CGRAPE,402-00656,403-00492,,,,,
CO4246719,3-OAK-38-FB,402-00656,403-00492,,,,,
CO4246719,3-OAK-38-FC,402-00656,403-00492,,,,,
CO4246719,3-OAK-38-FOG,402-00656,403-00492,,,,,
CO4246719,3-OAK-38-GG,402-00656,403-00492,,,,,
CO4246719,3-OAK-38-GHOST,402-00656,403-00492,,,,,
CO4246719,3-OAK-38-GS,402-00656,403-00492,,,,,
CO4246719,3-OAK-38-HBK,402-00656,403-00492,,,,,
CO4246719,3-OAK-38-SC,402-00656,403-00492,,,,,
CO4246719,3-OAK-38-SIN,402-00656,403-00492,,,,,
CO4246719,3-OAK-38-UKLA,402-00656,403-00492,,,,,
CO4246719,4-OAK-29-BDC,402-00656,403-00492,,,,,
CO4246719,4-OAK-29-BK,402-00656,403-00492,,,,,
CO4246719,4-OAK-29-BW,402-00656,403-00492,,,,,
CO4246719,4-OAK-29-CG,402-00656,403-00492,,,,,
CO4246719,4-OAK-29-CP,402-00656,403-00492,,,,,
CO4246719,4-OAK-29-FB,402-00656,403-00492,,,,,
CO4246719,4-OAK-29-GG,402-00656,403-00492,,,,,
CO4246719,4-OAK-29-GS,402-00656,403-00492,,,,,
CO4246719,4-OAK-29-GSC,402-00656,403-00492,,,,,
CO4246719,4-OAK-29-HBK,402-00656,403-00492,,,,,
CO4246719,4-OAK-29-OGSIN,402-00656,403-00492,,,,,
CO4246719,4-OAK-29-SC,402-00656,403-00492,,,,,
CO4246719,4-OAK-29-SUENO,402-00656,403-00492,,,,,
CO4246719,4-OAK-29-SW,402-00656,403-00492,,,,,
CO4246719,4-OAK-37-303,402-00656,403-00492,,,,,
CO4246719,4-OAK-37-BC,402-00656,403-00492,,,,,
CO4246719,4-OAK-37-BW,402-00656,403-00492,,,,,
CO4246719,4-OAK-37-CD,402-00656,403-00492,,,,,
CO4246719,4-OAK-37-EWOK,402-00656,403-00492,,,,,
CO4246719,4-OAK-37-GHOST,402-00656,403-00492,,,,,
CO4246719,4-OAK-37-LG,402-00656,403-00492,,,,,
CO4246719,4-OAK-37-SC,402-00656,403-00492,,,,,
CO4246719,4-OAK-37-STARD,402-00656,403-00492,,,,,
CO4246719,4-OAK-37-TANG,402-00656,403-00492,,,,,
CO4246719,4-OAK-37-UKLA,402-00656,403-00492,,,,,
CO4246719,5-OAK-36-BC,402-00656,403-00492,,,,,
CO4246719,5-OAK-36-BK,402-00656,403-00492,,,,,
CO4246719,5-OAK-36-BW,402-00656,403-00492,,,,,
CO4246719,5-OAK-36-CG,402-00656,403-00492,,,,,
CO4246719,5-OAK-36-GDP,402-00656,403-00492,,,,,
CO4246719,5-OAK-36-GS,402-00656,403-00492,,,,,
CO4246719,5-OAK-36-HBK,402-00656,403-00492,,,,,
CO4246719,5-OAK-36-STAR,402-00656,403-00492,,,,,
CO4246719,5-OAK-36-UKLA,402-00656,403-00492,,,,,
CO4246719,6-OAK-35-303,402-00656,403-00492,,,,,
CO4246719,6-OAK-35-BW,402-00656,403-00492,,,,,
CO4246719,6-OAK-35-FB,402-00656,403-00492,,,,,
CO4246719,6-OAK-35-GS,402-00656,403-00492,,,,,
CO4246719,6-OAK-35-HBK,402-00656,403-00492,,,,,
CO4246719,6-OAK-35-SC,402-00656,403-00492,,,,,
CO4246719,6-OAK-35-UKLA,402-00656,403-00492,,,,,
CO4246719,7-OAK-34-AH,402-00656,403-00492,,,,,
CO4246719,7-OAK-34-BDC,402-00656,403-00492,,,,,
CO4246719,7-OAK-34-BRAIN,402-00656,403-00492,,,,,
CO4246719,7-OAK-34-BW,402-00656,403-00492,,,,,
CO4246719,7-OAK-34-GG,402-00656,403-00492,,,,,
CO4246719,7-OAK-34-GS,402-00656,403-00492,,,,,
CO4246719,7-OAK-34-SC,402-00656,403-00492,,,,,
CO4246719,7-OAK-34-SUENO,402-00656,403-00492,,,,,
CO4246719,7-OAK-34-SW,402-00656,403-00492,,,,,
CO4246719,8-OAK-33-AH,402-00656,403-00492,,,,,
CO4246719,8-OAK-33-BDC,402-00656,403-00492,,,,,
CO4246719,8-OAK-33-BRAIN,402-00656,403-00492,,,,,
CO4246719,8-OAK-33-BW,402-00656,403-00492,,,,,
CO4246719,8-OAK-33-CG,402-00656,403-00492,,,,,
CO4246719,8-OAK-33-FC,402-00656,403-00492,,,,,
CO4246719,8-OAK-33-FP,402-00656,403-00492,,,,,
CO4246719,8-OAK-33-GDP,402-00656,403-00492,,,,,
CO4246719,8-OAK-33-GS,402-00656,403-00492,,,,,
CO4246719,8-OAK-33-GSC,402-00656,403-00492,,,,,
CO4246719,8-OAK-33-HBK,402-00656,403-00492,,,,,
CO4246719,8-OAK-33-SC,402-00656,403-00492,,,,,
CO4246719,8-OAK-33-SIN,402-00656,403-00492,,,,,
CO4246719,8-OAK-33-SUENO,402-00656,403-00492,,,,,
CO4246719,8-OAK-33-UKLA,402-00656,403-00492,,,,,
CO4248120,CROP 75,402-00140,403-00204,,,,,
CO4248221,707 Headband 3-15-16,402-00613,403-00911,,,,,
CO4248221,Afgoo 3-1-16,402-00613,403-00911,,,,,
CO4248221,Afgoo 3-15-16,402-00613,403-00911,,,,,
CO4248221,Alaskan Ice 4/5/16,402-00613,403-00911,,,,,
CO4248221,Alien Dawg 3-15-16,402-00613,403-00911,,,,,
CO4248221,Alien Dog 3-1-16,402-00613,403-00911,,,,,
CO4248221,Birthday Cake 3-1-16,402-00613,403-00911,,,,,
CO4248221,Brain OG 3-1-16,402-00613,403-00911,,,,,
CO4248221,Brain OG 3-15-16,402-00613,403-00911,,,,,
CO4248221,Buddha Tahoe (6950) 3-15-16,402-00613,403-00911,,,,,
CO4248221,Buddha Tahoe 3-15-16,402-00613,403-00911,,,,,
CO4248221,Buddha Tahoe 4/5/16,402-00613,403-00911,,,,,
CO4248221,Cluster Bomb 3-15-16,402-00613,403-00911,,,,,
CO4248221,Coal Creek Kush 3-1-16,402-00613,403-00911,,,,,
CO4248221,Coal Creek Kush 3-15-16,402-00613,403-00911,,,,,
CO4248221,Cookie Wreck #1 3-1-16,402-00613,403-00911,,,,,
CO4248221,Cookie Wreck 3-15-16,402-00613,403-00911,,,,,
CO4248221,Cookies Alien Dawg 3-1-16,402-00613,403-00911,,,,,
CO4248221,Cookies Alien Dawg 3-15-16,402-00613,403-00911,,,,,
CO4248221,Dawg Jam 3-15-16,402-00613,403-00911,,,,,
CO4248221,Death Star 3-15-16,402-00613,403-00911,,,,,
CO4248221,DNA Diesel 3-1-16,402-00613,403-00911,,,,,
CO4248221,Dna Diesel 3-15-16,402-00613,403-00911,,,,,
CO4248221,DNA DIESEL 4/5/16,402-00613,403-00911,,,,,
CO4248221,Durban Diesel 4/5/16,402-00613,403-00911,,,,,
CO4248221,Flo 3-15-16,402-00613,403-00911,,,,,
CO4248221,Girl Scout Cookies #5 3-15-16,402-00613,403-00911,,,,,
CO4248221,God's Cough 3-1-16,402-00613,403-00911,,,,,
CO4248221,Gods Cough 3-15-16,402-00613,403-00911,,,,,
CO4248221,God's Cough 4/5/16,402-00613,403-00911,,,,,
CO4248221,Golden Triangle 3-15-16,402-00613,403-00911,,,,,
CO4248221,Golden Triangle 4/5/16,402-00613,403-00911,,,,,
CO4248221,Gorilla Glue 3-15-16,402-00613,403-00911,,,,,
CO4248221,Grape Haze 3-1-16,402-00613,403-00911,,,,,
CO4248221,Grape Haze 3-15-16,402-00613,403-00911,,,,,
CO4248221,Jamaican Landrace x Triangle Kush 3-1-16,402-00613,403-00911,,,,,
CO4248221,Jenny Kush 3-1-16,402-00613,403-00911,,,,,
CO4248221,Jenny Kush 4/5/16,402-00613,403-00911,,,,,
CO4248221,Jenyy Kush 3-15-16,402-00613,403-00911,,,,,
CO4248221,Jet Fuel 3-15-16,402-00613,403-00911,,,,,
CO4248221,Jet Fuel V2 3-15-16,402-00613,403-00911,,,,,
CO4248221,LA Kush 3-1-16,402-00613,403-00911,,,,,
CO4248221,LA Kush 3-15-16,402-00613,403-00911,,,,,
CO4248221,Legend of 91 3-1-16,402-00613,403-00911,,,,,
CO4248221,Lemon G 4/5/16,402-00613,403-00911,,,,,
CO4248221,Lemon G13 3-15-16,402-00613,403-00911,,,,,
CO4248221,Lemon G13 3-1-16,402-00613,403-00911,,,,,
CO4248221,Life Saver Diesel 3-15-16,402-00613,403-00911,,,,,
CO4248221,Longs Peak Blue 3-1-16,402-00613,403-00911,,,,,
CO4248221,Longs Peak Blue 3-15-16,402-00613,403-00911,,,,,
CO4248221,Love Triangle 3-15-16,402-00613,403-00911,,,,,
CO4248221,Love Triangle 4/5/16,402-00613,403-00911,,,,,
CO4248221,MM1 3-15-16,402-00613,403-00911,,,,,
CO4248221,Night Fire 3-15-16,402-00613,403-00911,,,,,
CO4248221,Nightfire 3-1-16,402-00613,403-00911,,,,,
CO4248221,NTOG 3-15-16,402-00613,403-00911,,,,,
CO4248221,NTOG 4/5/16,402-00613,403-00911,,,,,
CO4248221,NYCD 3-1-16,402-00613,403-00911,,,,,
CO4248221,NYCD 4/5/16,402-00613,403-00911,,,,,
CO4248221,Platinum Cookies - 3/1/16,402-00613,403-00911,,,,,
CO4248221,Platinum Cookies 3-15-16,402-00613,403-00911,,,,,
CO4248221,Raw Dawg 3-15-16,402-00613,403-00911,,,,,
CO4248221,Real Sour Diesel 3/1/16,402-00613,403-00911,,,,,
CO4248221,S.A.G.E. 3/1/16,402-00613,403-00911,,,,,
CO4248221,S.A.G.E. 4/5/16,402-00613,403-00911,,,,,
CO4248221,S.A.G.E. LIVE RESIN,402-00613,403-00911,,,,,
CO4248221,Sappy 3-1-16,402-00613,403-00911,,,,,
CO4248221,Sappy 3-15-16,402-00613,403-00911,,,,,
CO4248221,Sasquatch 3/1/16,402-00613,403-00911,,,,,
CO4248221,Sasquatch 3/1/16,402-00613,403-00911,,,,,
CO4248221,Sasquatch 3-15-16,402-00613,403-00911,,,,,
CO4248221,Sasquatch SEED,402-00613,403-00911,,,,,
CO4248221,So Cal Super Skunk 3-15-16,402-00613,403-00911,,,,,
CO4248221,SOCAL Super Skunk 4/5/16,402-00613,403-00911,,,,,
CO4248221,Sour Candy 3/1/16,402-00613,403-00911,,,,,
CO4248221,Sour Candy 3-15-16,402-00613,403-00911,,,,,
CO4248221,Sour Candy 4/5/16,402-00613,403-00911,,,,,
CO4248221,Sour Candy LIVE RESIN,402-00613,403-00911,,,,,
CO4248221,Sour Diesel (new cut) 4/5/16,402-00613,403-00911,,,,,
CO4248221,Sour Head 4/5/16,402-00613,403-00911,,,,,
CO4248221,Sour Tangie 4/5/16,402-00613,403-00911,,,,,
CO4248221,Spec Ops 4/5/16,402-00613,403-00911,,,,,
CO4248221,SSH 4/5/16,402-00613,403-00911,,,,,
CO4248221,Super Silver Haze 3-1-16,402-00613,403-00911,,,,,
CO4248221,Tahoe 3-15-16,402-00613,403-00911,,,,,
CO4248221,Tangerine Haze 4/5/16,402-00613,403-00911,,,,,
CO4248221,The White x SFVOG,402-00613,403-00911,,,,,
CO4248221,Triangle Kush 3/1/16,402-00613,403-00911,,,,,
CO4248221,Trinity 3/1/16,402-00613,403-00911,,,,,
CO4248221,Trinity 3-15-16,402-00613,403-00911,,,,,
CO4248221,True 3/1/16,402-00613,403-00911,,,,,
CO4248221,True OG 3-15-16,402-00613,403-00911,,,,,
CO4248622,Agent Orange 2.4.16,,,,,403R-00087,,
CO4248622,Banana Kush 2.4.16,,,,,403R-00087,,
CO4248622,Big Black 2.4.16,,,,,403R-00087,,
CO4248622,Blue Dream 2.4.16,,,,,403R-00087,,
CO4248622,Cheese 2.4.16,,,,,403R-00087,,
CO4248622,Chem 91 2.4.16,,,,,403R-00087,,
CO4248622,Chocolope 2.4.16,,,,,403R-00087,,
CO4248622,Dead Head 2.4.16,,,,,403R-00087,,
CO4248622,Death Star 2.4.16,,,,,403R-00087,,
CO4248622,Flo 2.4.16,,,,,403R-00087,,
CO4248622,Golden Goat 2.4.16,,,,,403R-00087,,
CO4248622,HOG 2.4.16,,,,,403R-00087,,
CO4248622,Jack Herer 2.4.16,,,,,403R-00087,,
CO4248622,Jah Kush 2.4.16,,,,,403R-00087,,
CO4248622,Kilowatt 2.4.16,,,,,403R-00087,,
CO4248622,Levity 2.4.16,,,,,403R-00087,,
CO4248622,Mob X Chem 2.4.16,,,,,403R-00087,,
CO4248622,Nigerian Haze 2.4.16,,,,,403R-00087,,
CO4248622,OG Kush 2.4.16,,,,,403R-00087,,
CO4248622,Purple Romulan 2.4.16,,,,,403R-00087,,
CO4248622,Sage N Sour 2.4.16,,,,,403R-00087,,
CO4248622,Sour Diesel 2.4.16,,,,,403R-00087,,
CO4248622,Super Lemon Haze 2.4.16,,,,,403R-00087,,
CO4251323,12/14/15,402-00401,403-01583,,,,,
CO4251323,12/17/15,402-00401,403-01583,,,,,
CO4251323,12/23/15,402-00401,403-01583,,,,,
CO4251323,12/31/15,402-00401,403-01583,,,,,
CO4251323,01/06/16,402-00401,403-01583,,,,,
CO4251323,01/12/16,402-00401,403-01583,,,,,
CO4251323,01/15/16,402-00401,403-01583,,,,,
CO4251323,01/27/16,402-00401,403-01583,,,,,
CO4251323,01/29/16,402-00401,403-01583,,,,,
CO4251323,02/04/16,402-00401,403-01583,,,,,
CO4251323,02/22/16,402-00401,403-01583,,,,,
CO4251323,03/02/16,402-00401,403-01583,,,,,
CO4251323,03/07/16,402-00401,403-01583,,,,,
CO4251323,03/10/16,402-00401,403-01583,,,,,
CO4251323,03/21/16,402-00401,403-01583,,,,,
CO4251323,03/25/16,402-00401,403-01583,,,,,
CO4251323,04/04/16,402-00401,403-01583,,,,,
CO4251323,04/08/16,402-00401,403-01583,,,,,
CO4251323,04/11/16,402-00401,403-01583,,,,,
CO4251323,04/29/16,402-00401,403-01583,,,,,
CO4251323,05/05/16,402-00401,403-01583,,,,,
CO4251323,moon,402-00401,403-00610,,,,,
CO4251323,Room C Soils 1-12,402-00401,403-00610,,,,,
CO4251323,Room C Soils 1-13,402-00401,403-00610,,,,,
CO4251323,Table A 1st Tray 2-26,402-00401,403-00610,,,,,
CO4251323,Table A 4th Tray 12/23,402-00401,403-00610,,,,,
CO4251323,Table A Harlequin Tray 12/22,402-00401,403-00610,,,,,
CO4251323,Table A High 25 Tray 12/29,402-00401,403-00610,,,,,
CO4251323,Table A Mystery Tray 12/24,402-00401,403-00610,,,,,
CO4251323,Table A SNM 99 Tray 12/22,402-00401,403-00610,,,,,
CO4251323,Table A Tray 3 3/2,402-00401,403-00610,,,,,
CO4251323,Table A Trays 1 & 2 2-27,402-00401,403-00610,,,,,
CO4251323,Table A-banana tray 12/21,402-00401,403-00610,,,,,
CO4251323,Table B First Tray 1/7,402-00401,403-00610,,,,,
CO4251323,Table B Harlequin Tray 1-6,402-00401,403-00610,,,,,
CO4251323,Table B KK 19 Tray 12/31,402-00401,403-00610,,,,,
CO4251323,Table B Last Tray 1-8,402-00401,403-00610,,,,,
CO4251323,Table B Last Tray 1-9,402-00401,403-00610,,,,,
CO4251323,Table B Mixed Tray 1-2,402-00401,403-00610,,,,,
CO4251323,Table B Mixed Tray 1-5,402-00401,403-00610,,,,,
CO4251323,Table B Mixed Tray 1-5,402-00401,403-00610,,,,,
CO4251323,"Table C Tray 1,2,3,4 2-4",402-00401,403-00610,,,,,
CO4251323,Table C Tray 6 2/12,402-00401,403-00610,,,,,
CO4251323,Table C Tray 6 2/9,402-00401,403-00610,,,,,
CO4251323,Table C Tray 7 2-9,402-00401,403-00610,,,,,
CO4251323,"Table C Trays 1,2,3,4 2-4",402-00401,403-00610,,,,,
CO4251323,"Table C Trays 1,3,4 2-2",402-00401,403-00610,,,,,
CO4251323,"Table C Trays 2,5 2-5",402-00401,403-00610,,,,,
CO4251323,"Table C Trays 5,7 2-6",402-00401,403-00610,,,,,
CO4251323,Table D 1st Tray SSH 1-19,402-00401,403-00610,,,,,
CO4251323,Table D 2nd Tray Mix,402-00401,403-00610,,,,,
CO4251323,Table D 3rd Tray SSH 1-19,402-00401,403-00610,,,,,
CO4251323,Table D 4th Tray SNM 99 1-20,402-00401,403-00610,,,,,
CO4251323,Table D 5th Tray Banana 1-20,402-00401,403-00610,,,,,
CO4251323,Table E 3rd Tray,402-00401,403-00610,,,,,
CO4251323,Table F 1st Tray SLH 1-26,402-00401,403-00610,,,,,
CO4251323,Table F 2nd Tray SLH 1-26,402-00401,403-00610,,,,,
CO4251323,Table F 3rd Tray SLH 1-27,402-00401,403-00610,,,,,
CO4251323,Table F 4th Tray MH #4 1-27,402-00401,403-00610,,,,,
CO4251323,Table F 5th Tray SNM 99 1-28,402-00401,403-00610,,,,,
CO4251323,Table F SLH Tray 2 2/15,402-00401,403-00610,,,,,
CO4251323,Table F SNM 99 2/13,402-00401,403-00610,,,,,
CO4251323,Table F SNM 99 Tray 4 2/12,402-00401,403-00610,,,,,
CO4251323,Table F Starburst Tray 3 2/12,402-00401,403-00610,,,,,
CO4251323,Table F Tray 1 2/10,402-00401,403-00610,,,,,
CO4251323,Table F Tray 2 2/12,402-00401,403-00610,,,,,
CO4251323,Table G 12/18,402-00401,403-00610,,,,,
CO4251323,Table G 12/18,402-00401,403-00610,,,,,
CO4251323,Table G 12/18,402-00401,403-00610,,,,,
CO4251323,Table G 12/19,402-00401,403-00610,,,,,
CO4251323,Table G 12/22,402-00401,403-00610,,,,,
CO4251323,Table G 12/22,402-00401,403-00610,,,,,
CO4251323,"Table G 12-22 3015,3503",402-00401,403-00610,,,,,
CO4251323,Table G 1st Tray 12/16,402-00401,403-00610,,,,,
CO4251323,Table G 2nd Tray 12/17,402-00401,403-00610,,,,,
CO4251323,Table G 3rd Tray 12/18,402-00401,403-00610,,,,,
CO4251323,Table H 2/17,402-00401,403-00610,,,,,
CO4251323,Table H 2/18,402-00401,403-00610,,,,,
CO4251323,Table H 2/19,402-00401,403-00610,,,,,
CO4251323,Table H 2/20,402-00401,403-00610,,,,,
CO4251323,1/9/15,402-00401,403-00610,,,,,
CO4251323,03/02/2015,402-00401,403-00610,,,,,
CO4251323,03/05/2015,402-00401,403-00610,,,,,
CO4251323,03/09/2015,402-00401,403-00610,,,,,
CO4251323,03/11/2015,402-00401,403-00610,,,,,
CO4251323,03/13/2015,402-00401,403-00610,,,,,
CO4251323,03/14/2015,402-00401,403-00610,,,,,
CO4251323,03/17/2015,402-00401,403-00610,,,,,
CO4251323,03/19/2015,402-00401,403-00610,,,,,
CO4251323,03/21/2015,402-00401,403-00610,,,,,
CO4251323,03/24/2015,402-00401,403-00610,,,,,
CO4251323,03/26/2015,402-00401,403-00610,,,,,
CO4251323,03/31/2015,402-00401,403-00610,,,,,
CO4251323,08/13/15,402-00401,403-00610,,,,,
CO4251323,1/11/2016,402-00401,403-00610,,,,,
CO4251323,1/13/2016,402-00401,403-00610,,,,,
CO4251323,1/15/2016,402-00401,403-00610,,,,,
CO4251323,1/16/2015,402-00401,403-00610,,,,,
CO4251323,1/22/2016,402-00401,403-00610,,,,,
CO4251323,1/23/2016,402-00401,403-00610,,,,,
CO4251323,1/24/2016,402-00401,403-00610,,,,,
CO4251323,1/29/2016,402-00401,403-00610,,,,,
CO4251323,1/5/2016,402-00401,403-00610,,,,,
CO4251323,1/6/2016,402-00401,403-00610,,,,,
CO4251323,1/8/2016,402-00401,403-00610,,,,,
CO4251323,10/13/2015,402-00401,403-00610,,,,,
CO4251323,10/15/2015,402-00401,403-00610,,,,,
CO4251323,10/24/15,402-00401,403-00610,,,,,
CO4251323,10/26/2015,402-00401,403-00610,,,,,
CO4251323,10/27/2015,402-00401,403-00610,,,,,
CO4251323,10/29/2015,402-00401,403-00610,,,,,
CO4251323,10/30/2015,402-00401,403-00610,,,,,
CO4251323,10/6/2015,402-00401,403-00610,,,,,
CO4251323,11/10/2015,402-00401,403-00610,,,,,
CO4251323,11/12/2015,402-00401,403-00610,,,,,
CO4251323,11/15/2015,402-00401,403-00610,,,,,
CO4251323,11/16/2015,402-00401,403-00610,,,,,
CO4251323,11/18/2015,402-00401,403-00610,,,,,
CO4251323,11/2/2015,402-00401,403-00610,,,,,
CO4251323,11/20/2015,402-00401,403-00610,,,,,
CO4251323,11/24/2015,402-00401,403-00610,,,,,
CO4251323,11/25/2015,402-00401,403-00610,,,,,
CO4251323,11/3/2015,402-00401,403-00610,,,,,
CO4251323,11/30/2015,402-00401,403-00610,,,,,
CO4251323,11/4/2015,402-00401,403-00610,,,,,
CO4251323,12/11/2015,402-00401,403-00610,,,,,
CO4251323,12/19/2015,402-00401,403-00610,,,,,
CO4251323,12/2/2015,402-00401,403-00610,,,,,
CO4251323,12/20/2015,402-00401,403-00610,,,,,
CO4251323,12/21/2015,402-00401,403-00610,,,,,
CO4251323,12/22 bw,402-00401,403-00610,,,,,
CO4251323,12/23 pre,402-00401,403-00610,,,,,
CO4251323,12/23/14,402-00401,403-00610,,,,,
CO4251323,12/26/2015,402-00401,403-00610,,,,,
CO4251323,12/27/2015,402-00401,403-00610,,,,,
CO4251323,12/28/2015,402-00401,403-00610,,,,,
CO4251323,12/29,402-00401,403-00610,,,,,
CO4251323,12/30/2015,402-00401,403-00610,,,,,
CO4251323,12/4/2015,402-00401,403-00610,,,,,
CO4251323,12/8/2015,402-00401,403-00610,,,,,
CO4251323,2/10/2016,402-00401,403-00610,,,,,
CO4251323,2/11/2016,402-00401,403-00610,,,,,
CO4251323,2/12/2016,402-00401,403-00610,,,,,
CO4251323,2/13/2016,402-00401,403-00610,,,,,
CO4251323,2/15/2016,402-00401,403-00610,,,,,
CO4251323,2/16/2016,402-00401,403-00610,,,,,
CO4251323,2/17/2016,402-00401,403-00610,,,,,
CO4251323,2/2/2016,402-00401,403-00610,,,,,
CO4251323,2/29/2016,402-00401,403-00610,,,,,
CO4251323,2/8/2016,402-00401,403-00610,,,,,
CO4251323,2015-01-12-DRYING-H,402-00401,403-00610,,,,,
CO4251323,2015-03-26-DRYING-H,402-00401,403-00610,,,,,
CO4251323,2015-04-10-DRYING-H,402-00401,403-00610,,,,,
CO4251323,2015-07-09-DRYING-H,402-00401,403-00610,,,,,
CO4251323,2015-09-16-DRYING-H,402-00401,403-00610,,,,,
CO4251323,3/11/2016,402-00401,403-00610,,,,,
CO4251323,3/18/2016,402-00401,403-00610,,,,,
CO4251323,3/19/2016,402-00401,403-00610,,,,,
CO4251323,3/24/2015,402-00401,403-00610,,,,,
CO4251323,3/25/2016,402-00401,403-00610,,,,,
CO4251323,04/07/2015,402-00401,403-00610,,,,,
CO4251323,04/08/2015,402-00401,403-00610,,,,,
CO4251323,4/1/2016,402-00401,403-00610,,,,,
CO4251323,4/10/2015,402-00401,403-00610,,,,,
CO4251323,4/10/2016,402-00401,403-00610,,,,,
CO4251323,4/13/2015,402-00401,403-00610,,,,,
CO4251323,4/14/2015,402-00401,403-00610,,,,,
CO4251323,4/20/2016,402-00401,403-00610,,,,,
CO4251323,4/22/2015,402-00401,403-00610,,,,,
CO4251323,4/27/2015,402-00401,403-00610,,,,,
CO4251323,4/28/2015,402-00401,403-00610,,,,,
CO4251323,05/04/2015,402-00401,403-00610,,,,,
CO4251323,5/13/2015,402-00401,403-00610,,,,,
CO4251323,5/15/2015,402-00401,403-00610,,,,,
CO4251323,5/20/2015,402-00401,403-00610,,,,,
CO4251323,5/22/2015,402-00401,403-00610,,,,,
CO4251323,5/25/2015,402-00401,403-00610,,,,,
CO4251323,5/27/2015,402-00401,403-00610,,,,,
CO4251323,5/29/2015,402-00401,403-00610,,,,,
CO4251323,5/30/2015,402-00401,403-00610,,,,,
CO4251323,5/4/2015,402-00401,403-00610,,,,,
CO4251323,5/7/2015,402-00401,403-00610,,,,,
CO4251323,5-5-2015,402-00401,403-00610,,,,,
CO4251323,6/12/2015,402-00401,403-00610,,,,,
CO4251323,6/16/2015,402-00401,403-00610,,,,,
CO4251323,6/19/2015,402-00401,403-00610,,,,,
CO4251323,6/19/2015,402-00401,403-00610,,,,,
CO4251323,6/22/2015,402-00401,403-00610,,,,,
CO4251323,6/24/2015,402-00401,403-00610,,,,,
CO4251323,6/26/2015,402-00401,403-00610,,,,,
CO4251323,6/29/2015,402-00401,403-00610,,,,,
CO4251323,6/3/2015,402-00401,403-00610,,,,,
CO4251323,6/4/2015,402-00401,403-00610,,,,,
CO4251323,6/5/2015,402-00401,403-00610,,,,,
CO4251323,6/8/2015,402-00401,403-00610,,,,,
CO4251323,6/9/2015,402-00401,403-00610,,,,,
CO4251323,7/1/2015,402-00401,403-00610,,,,,
CO4251323,7/10/2015,402-00401,403-00610,,,,,
CO4251323,7/14/2015,402-00401,403-00610,,,,,
CO4251323,7/16/2015,402-00401,403-00610,,,,,
CO4251323,7/23/2015,402-00401,403-00610,,,,,
CO4251323,7/29/2015,402-00401,403-00610,,,,,
CO4251323,7/3/2015,402-00401,403-00610,,,,,
CO4251323,7/6/2015,402-00401,403-00610,,,,,
CO4251323,7/9/15,402-00401,403-00610,,,,,
CO4251323,7/9/2015,402-00401,403-00610,,,,,
CO4251323,8/10/2015,402-00401,403-00610,,,,,
CO4251323,8/11/2015,402-00401,403-00610,,,,,
CO4251323,8/13/2015,402-00401,403-00610,,,,,
CO4251323,8/14/2015,402-00401,403-00610,,,,,
CO4251323,8/18/2015,402-00401,403-00610,,,,,
CO4251323,8/19/2015,402-00401,403-00610,,,,,
CO4251323,8/26/2015,402-00401,403-00610,,,,,
CO4251323,8/27/2015,402-00401,403-00610,,,,,
CO4251323,8/3/2015,402-00401,403-00610,,,,,
CO4251323,8/31/2015,402-00401,403-00610,,,,,
CO4251323,8/4/2015,402-00401,403-00610,,,,,
CO4251323,8/5/2015,402-00401,403-00610,,,,,
CO4251323,8/6/2015,402-00401,403-00610,,,,,
CO4251323,9/15/2015,402-00401,403-00610,,,,,
CO4251323,9/17/15,402-00401,403-00610,,,,,
CO4251323,9/23/2015,402-00401,403-00610,,,,,
CO4251323,9/25/2015,402-00401,403-00610,,,,,
CO4251323,9/27/2015,402-00401,403-00610,,,,,
CO4251323,9/3/2015,402-00401,403-00610,,,,,
CO4251323,9/7/2015,402-00401,403-00610,,,,,
CO4251323,9/9/2015,402-00401,403-00610,,,,,
CO4251324,5-5-2016 MTF ,402-00983,403-01549,,,,,
CO4262025,Bloom 1 #41816 BLUE DREAM,402-00002,"403-00003, 403-00023",,,,,
CO4262025,Bloom 1 #41816 BLUEBERRY,402-00002,"403-00003, 403-00023",,,,,
CO4262025,Bloom 1 #41816 CHEESE WRECK,402-00002,"403-00003, 403-00023",,,,,
CO4262025,Bloom 1 #41816 DRAGON,402-00002,"403-00003, 403-00023",,,,,
CO4262025,Bloom 1 #41816 FRUIT PUNCH,402-00002,"403-00003, 403-00023",,,,,
CO4262025,Bloom 1 #41816 GREAT WHITE SHARK,402-00002,"403-00003, 403-00023",,,,,
CO4262025,Bloom 1 #41816 HEADCASE,402-00002,"403-00003, 403-00023",,,,,
CO4262025,Bloom 1 #41816 ISS,402-00002,"403-00003, 403-00023",,,,,
CO4262025,Bloom 1 #41816 SENSI STAR,402-00002,"403-00003, 403-00023",,,,,
CO4262025,Bloom 1 #41816 SOUR MAUI,402-00002,"403-00003, 403-00023",,,,,
CO4262025,Bloom 2 #32716 BUBBLE GUM,402-00002,"403-00003, 403-00023",,,,,
CO4262025,Bloom 2 #32716 DRAGON,402-00002,"403-00003, 403-00023",,,,,
CO4262025,Bloom 2 #32716 DURBAN OG,402-00002,"403-00003, 403-00023",,,,,
CO4262025,Bloom 2 #32716 DURBAN POISON,402-00002,"403-00003, 403-00023",,,,,
CO4262025,Bloom 2 #32716 FLO,402-00002,"403-00003, 403-00023",,,,,
CO4262025,Bloom 2 #32716 GREAT WHITE SHARK,402-00002,"403-00003, 403-00023",,,,,
CO4262025,Bloom 2 #32716 HEADCASE,402-00002,"403-00003, 403-00023",,,,,
CO4262025,Bloom 2 #32716 ISLAND SWEET SKUNK,402-00002,"403-00003, 403-00023",,,,,
CO4262025,Bloom 2 #32716 LA WOMAN,402-00002,"403-00003, 403-00023",,,,,
CO4262025,Bloom 2 #32716 PLATNIUM KUSH,402-00002,"403-00003, 403-00023",,,,,
CO4262025,Bloom 2 #32716 SOUR MAUI,402-00002,"403-00003, 403-00023",,,,,
CO4262025,Section 1&4 #32616 BANANA,402-00002,"403-00003, 403-00023",,,,,
CO4262025,Section 1&4 #32616 BLACK BUBBA,402-00002,"403-00003, 403-00023",,,,,
CO4262025,Section 1&4 #32616 BLUE DREAM,402-00002,"403-00003, 403-00023",,,,,
CO4262025,Section 1&4 #32616 CHERRY PIE,402-00002,"403-00003, 403-00023",,,,,
CO4262025,Section 1&4 #32616 DURBAN 99 X GSC,402-00002,"403-00003, 403-00023",,,,,
CO4262025,Section 1&4 #32616 DURBAN POISON,402-00002,"403-00003, 403-00023",,,,,
CO4262025,Section 1&4 #32616 FLO,402-00002,"403-00003, 403-00023",,,,,
CO4262025,Section 1&4 #32616 GHOST COOKIES,402-00002,"403-00003, 403-00023",,,,,
CO4262025,Section 1&4 #32616 GIRL SCOUT COOKIES,402-00002,"403-00003, 403-00023",,,,,
CO4262025,Section 1&4 #32616 GOLDEN GOAT,402-00002,"403-00003, 403-00023",,,,,
CO4262025,Section 1&4 #32616 HAWAIIAN,402-00002,"403-00003, 403-00023",,,,,
CO4262025,Section 1&4 #32616 HEROJUANA,402-00002,"403-00003, 403-00023",,,,,
CO4262025,Section 1&4 #32616 JACK FLASH,402-00002,"403-00003, 403-00023",,,,,
CO4262025,Section 1&4 #32616 KOSHER KUSH,402-00002,"403-00003, 403-00023",,,,,
CO4262025,Section 1&4 #32616 MANGO KUSH,402-00002,"403-00003, 403-00023",,,,,
CO4262025,Section 1&4 #32616 MTF,402-00002,"403-00003, 403-00023",,,,,
CO4262025,Section 1&4 #32616 SOUR DEISEL,402-00002,"403-00003, 403-00023",,,,,
CO4262025,Bloom 2 #32716 BANANA,,,,,"403R-00014, 403R-00015",402R-00013,
CO4262025,Bloom 2 #32716 BLUEBERRY,,,,,"403R-00014, 403R-00015",402R-00013,
CO4262025,Bloom 2 #32716 BUBBLE GUM,,,,,"403R-00014, 403R-00015",402R-00013,
CO4262025,Bloom 2 #32716 CHEESE WRECK,,,,,"403R-00014, 403R-00015",402R-00013,
CO4262025,Bloom 2 #32716 GIRL SCOUT COOKIES,,,,,"403R-00014, 403R-00015",402R-00013,
CO4262025,Bloom 2 #32716 HEADCASE,,,,,"403R-00014, 403R-00015",402R-00013,
CO4262025,Bloom 2 #32716 HEROJUANA,,,,,"403R-00014, 403R-00015",402R-00013,
CO4262025,Bloom 3 #32416 BANANA,,,,,"403R-00014, 403R-00015",402R-00013,
CO4262025,Bloom 3 #32416 BLUE DREAM,,,,,"403R-00014, 403R-00015",402R-00013,
CO4262025,Bloom 3 #32416 BUBBLE GUM,,,,,"403R-00014, 403R-00015",402R-00013,
CO4262025,Bloom 3 #32416 DURBAN OG,,,,,"403R-00014, 403R-00015",402R-00013,
CO4262025,Bloom 3 #32416 GHOST COOKIES,,,,,"403R-00014, 403R-00015",402R-00013,
CO4262025,Bloom 3 #32416 GIRL SCOUT COOKIES,,,,,"403R-00014, 403R-00015",402R-00013,
CO4262025,Bloom 3 #32416 HEADCASE,,,,,"403R-00014, 403R-00015",402R-00013,
CO4262025,Bloom 3 #32416 ISS,,,,,"403R-00014, 403R-00015",402R-00013,
CO4262025,Bloom 3 #32416 JACK FLASH,,,,,"403R-00014, 403R-00015",402R-00013,
CO4262025,Bloom 3 #32416 PLATNIUM KUSH,,,,,"403R-00014, 403R-00015",402R-00013,
CO4262025,Bloom 3 #32416 SOUR DIESEL,,,,,"403R-00014, 403R-00015",402R-00013,
CO4262025,Bloom 3 #32416 TANGERINE DREAM,,,,,"403R-00014, 403R-00015",402R-00013,
CO4262025,Section 1&4 #32616 BLACK BUBBA,,,,,"403R-00014, 403R-00015",402R-00013,
CO4262025,Section 1&4 #32616 BLUE DREAM,,,,,"403R-00014, 403R-00015",402R-00013,
CO4262025,Section 1&4 #32616 BUBBLE GUM,,,,,"403R-00014, 403R-00015",402R-00013,
CO4262025,Section 1&4 #32616 DURBAN OG,,,,,"403R-00014, 403R-00015",402R-00013,
CO4262025,Section 1&4 #32616 DURBAN ,,,,,"403R-00014, 403R-00015",402R-00013,
CO4262025,Section 1&4 #32616 FRUIT OF THE GODS,,,,,"403R-00014, 403R-00015",402R-00013,
CO4262025,Section 1&4 #32616 GHOST COOKIES,,,,,"403R-00014, 403R-00015",402R-00013,
CO4262025,Section 1&4 #32616 GIRL SCOUT COOKIES,,,,,"403R-00014, 403R-00015",402R-00013,
CO4262025,Section 1&4 #32616 GOLDEN GOAT,,,,,"403R-00014, 403R-00015",402R-00013,
CO4262025,Section 1&4 #32616 HAWAIIAN,,,,,"403R-00014, 403R-00015",402R-00013,
CO4262025,Section 1&4 #32616 HEADBAND,,,,,"403R-00014, 403R-00015",402R-00013,
CO4262025,Section 1&4 #32616 HEADCASE,,,,,"403R-00014, 403R-00015",402R-00013,
CO4262025,Section 1&4 #32616 HEROJUANA,,,,,"403R-00014, 403R-00015",402R-00013,
CO4262025,Section 1&4 #32616 JACK FLASH,,,,,"403R-00014, 403R-00015",402R-00013,
CO4262025,Section 1&4 #32616 LARRY OG,,,,,"403R-00014, 403R-00015",402R-00013,
CO4262025,Section 1&4 #32616 PLATNIUM KUSH,,,,,"403R-00014, 403R-00015",402R-00013,
CO4262025,Section 1&4 #32616 SOUR DIESEL,,,,,"403R-00014, 403R-00015",402R-00013,
CO4262025,Section 1&4 #32616 SOUR KUSH,,,,,"403R-00014, 403R-00015",402R-00013,
CO4262025,Section 1&4 #32616 TANGERINE DREAM,,,,,"403R-00014, 403R-00015",402R-00013,
CO4262025,Section 2 #41416 BANANA,,,,,"403R-00014, 403R-00015",402R-00013,
CO4262025,Section 2 #41416 BLACK BUBBA,,,,,"403R-00014, 403R-00015",402R-00013,
CO4262025,Section 2 #41416 BLUE DREAM,,,,,"403R-00014, 403R-00015",402R-00013,
CO4262025,Section 2 #41416 BUBBLE GUM,,,,,"403R-00014, 403R-00015",402R-00013,
CO4262025,Section 2 #41416 DURBAN OG,,,,,"403R-00014, 403R-00015",402R-00013,
CO4262025,Section 2 #41416 GIRL SCOUT COOKIES,,,,,"403R-00014, 403R-00015",402R-00013,
CO4262025,Section 2 #41416 HEADBAND,,,,,"403R-00014, 403R-00015",402R-00013,
CO4262025,Section 2 #41416 HEROJUANA,,,,,"403R-00014, 403R-00015",402R-00013,
CO4262025,Section 2 #41416 JACK FLASH,,,,,"403R-00014, 403R-00015",402R-00013,
CO4262025,Section 2 #41416 KOSHER KUSH,,,,,"403R-00014, 403R-00015",402R-00013,
CO4262025,Section 2 #41416 LARRY OG,,,,,"403R-00014, 403R-00015",402R-00013,
CO4262025,Section 2 #41416 MANGO KUSH,,,,,"403R-00014, 403R-00015",402R-00013,
CO4262025,Section 2 #41416 MTF,,,,,"403R-00014, 403R-00015",402R-00013,
CO4262025,Section 2 #41416 PLATNIUM KUSH,,,,,"403R-00014, 403R-00015",402R-00013,
CO4262025,Section 2 #41416 SOUR DIESEL,,,,,"403R-00014, 403R-00015",402R-00013,
CO4262025,Section 2 #41416 SUPER LEMON HAZE,,,,,"403R-00014, 403R-00015",402R-00013,
CO4262025,Section 2 #41416 TANGERINE DREAM,,,,,"403R-00014, 403R-00015",402R-00013,
CO4262026,Room A Harvest 8/16/16,402-00542,403-00382 ,,,,,
CO4262026,Room B Harvest 7/25/16,402-00542,403-00382 ,,,,,
CO4262026,Room B Harvest 7/25/16,402-00542,403-00382 ,,,,,
CO4262026,Room C Harvest 6/21/16,402-00542,403-00382 ,,,,,
CO4262026,Room C Harvest 6/29/16,402-00542,403-00382 ,,,,,
CO4262627,2016-07-29-06963 girl scout cookies (2),402-00484,403-00719,,,,,
CO4262627,2016-08-11-07009 Critical Mass (3),402-00484,403-00719,,,,,
CO4262627,2016-08-12-06991 Mountain Guerilla,402-00484,403-00719,,,,,
CO4262627,2016-08-12-07015 Pineapple Express B,402-00484,403-00719,,,,,
CO4262627,2016-08-12-07020 Pineapple Express B,402-00484,403-00719,,,,,
CO4262627,2016-08-12-07041 The Church,402-00484,403-00719,,,,,
CO4262627,2016-08-12-07060 Purple Haze (2),402-00484,403-00719,,,,,
CO4262627,2016-08-13-06990 Critical Mass(3),402-00484,403-00719,,,,,
CO4262627,2016-08-13-06998 Wappa (2),402-00484,403-00719,,,,,
CO4262627,2016-08-13-07042 Church,402-00484,403-00719,,,,,
CO4262627,2016-08-13-07055 Wreckage (3),402-00484,403-00719,,,,,
CO4262627,2016-08-15-07039 golden goat (2),402-00484,403-00719,,,,,
CO4262627,2016-08-15-07118 ADHB P-SEED,402-00484,403-00719,,,,,
CO4262627,2016-08-16-07065 Alien Dog Headband (2),402-00484,403-00719,,,,,
CO4262627,2016-08-16-07098 Girl Scout Cookies,402-00484,403-00719,,,,,
CO4262627,2016-08-16-07099 Girl Scout Cookies (3),402-00484,403-00719,,,,,
CO4262627,2016-08-16-07101 Girl Scout Cookies (2),402-00484,403-00719,,,,,
CO4262627,2016-08-16-07104 Girl Scout Cookies (2),402-00484,403-00719,,,,,
CO4262627,2016-08-17-07103 Girl Scout Cookies (2),402-00484,403-00719,,,,,
CO4262627,2016-08-17-07107 Holy Grail Kush (2),402-00484,403-00719,,,,,
CO4262627,2016-08-17-07110 Pineapple Express A (2),402-00484,403-00719,,,,,
CO4262627,2016-08-17-07173 Blue Dream (2),402-00484,403-00719,,,,,
CO4262627,2016-08-18-07121 Jilly Bean (2),402-00484,403-00719,,,,,
CO4262627,2016-08-18-07202 Jilly Bean (2),402-00484,403-00719,,,,,
CO4262627,2016-08-18-07209 Jilly Bean (2),402-00484,403-00719,,,,,
CO4262627,2016-08-19-06863 Pineapple Express,402-00484,403-00719,,,,,
CO4262627,2016-08-19-06894 Raw Diesel (3),402-00484,403-00719,,,,,
CO4262627,2016-08-19-06956 Gorilla Glue (4),402-00484,403-00719,,,,,
CO4262627,2016-08-19-07109 Pineapple Express (2),402-00484,403-00719,,,,,
CO4262627,2016-08-19-07195 Snuffy,402-00484,403-00719,,,,,
CO4262627,2016-08-20-06995 Lemon G#13 (2),402-00484,403-00719,,,,,
CO4262627,2016-08-20-07191 Sage B,402-00484,403-00719,,,,,
CO4262627,2016-08-20-07194 Snuffy (2),402-00484,403-00719,,,,,
CO4262627,2016-08-20-07198 Snuffy (2),402-00484,403-00719,,,,,
CO4262627,2016-08-21-07132 Chem Dawg # 4 (4),402-00484,403-00719,,,,,
CO4262627,2016-08-21-07147 Mountain Guerilla (5),402-00484,403-00719,,,,,
CO4262627,2016-08-21-07168 Watermelon Man,402-00484,403-00719,,,,,
CO4262627,2016-08-21-07201 Snuffy,402-00484,403-00719,,,,,
CO4262627,2016-08-22-06871 P. EXP.,402-00484,403-00719,,,,,
CO4262627,2016-08-22-07119 Alien Dawg Headband,402-00484,403-00719,,,,,
CO4262627,2016-08-22-07136 Chem Dawg #4,402-00484,403-00719,,,,,
CO4262627,2016-08-22-07159 LSD (2),402-00484,403-00719,,,,,
CO4262627,2016-08-22-07175 Blue Dream (2),402-00484,403-00719,,,,,
CO4262627,2016-08-23-06947 Jilly Bean (2),402-00484,403-00719,,,,,
CO4262627,2016-08-23-06992 LSD (3),402-00484,403-00719,,,,,
CO4262627,2016-08-23-07216 Maui Wowie,402-00484,403-00719,,,,,
CO4262627,2016-08-24-06816 Jilly Bean B (2),402-00484,403-00719,,,,,
CO4262627,2016-08-24-06948 Jilly Bean B (2),402-00484,403-00719,,,,,
CO4262627,2016-08-24-07131 Chem Dawg #4 (6),402-00484,403-00719,,,,,
CO4262627,2016-08-24-07229 Blue Dream,402-00484,403-00719,,,,,
CO4262627,2016-08-25-06970 Chem Dawg #4 (5),402-00484,403-00719,,,,,
CO4262627,2016-08-25-07127 Chem Dawg #4 (3),402-00484,403-00719,,,,,
CO4262627,2016-08-25-07135 Chem Dawg #4 (4),402-00484,403-00719,,,,,
CO4262627,2016-08-25-07172 Cindy 99 (2),402-00484,403-00719,,,,,
CO4262627,2016-08-25-07178 The Church,402-00484,403-00719,,,,,
CO4262627,2016-08-26-06965 Critical Haze (3),402-00484,403-00719,,,,,
CO4262627,2016-08-26-07161 LSD (2),402-00484,403-00719,,,,,
CO4262627,2016-08-26-07177 The Church (2),402-00484,403-00719,,,,,
CO4262627,2016-08-27-06944 Jilly Bean B,402-00484,403-00719,,,,,
CO4262627,2016-08-27-06968 Chem Dawg #4 (2),402-00484,403-00719,,,,,
CO4262627,2016-08-27-06993 LSD,402-00484,403-00719,,,,,
CO4262627,2016-08-27-07169 Sour Diesel,402-00484,403-00719,,,,,
CO4262628,RM 3 Jedi s 5/4,402-00060,403-00081 ,,,,,
CO4262628,RM 3 Dali Lama 5/2,402-00060,403-00081 ,,,,,
CO4263629,Room A 091716,402-00492,403-01486,,,,,
CO4263630,Room 7 Solaris 6/23,,,,,403R-00596,,
CO4263630,Room 7 Robert Plant 6/23,,,,,403R-00596,,
CO4263630,Room 7 Rez Sour Diesel 6/23,,,,,403R-00596,,
CO4263630,Room 7 Rebel God Smoke 6/23,,,,,403R-00596,,
CO4263630,Room 7 Mob Boss 6/23,,,,,403R-00596,,
CO4263630,Room 7 Med Man 6/23,,,,,403R-00596,,
CO4263630,Room Larry OG 6/23,,,,,403R-00596,,
CO4263630,Room 7 Herijuana 6/23,,,,,403R-00596,,
CO4263630,Room 7 Flo 6/23,,,,,403R-00596,,
CO4263630,Room 7 Durban Posion 6/23,,,,,403R-00596,,
CO4263630,Room 7 Czl 6/23,,,,,403R-00596,,
CO4263630,Room 7 Bruce Banner 6/23,,,,,403R-00596,,
CO4263630,Room 7 Alaskan Ice,,,,,403R-00596,,
CO4266231,AD 10/10,402-00791,403-01197,,,,,
CO4266231,AD 9/5,402-00791,403-01197,,,,,
CO4266231,BAN 10/3,402-00791,403-01197,,,,,
CO4266231,BAN 8/29,402-00791,403-01197,,,,,
CO4266231,Ban 8/3,402-00791,403-01197,,,,,
CO4266231,CK 10/3,402-00791,403-01197,,,,,
CO4266231,CK 9/13,402-00791,403-01197,,,,,
CO4266231,CK 9/19,402-00791,403-01197,,,,,
CO4266231,DP 9/12,402-00791,403-01197,,,,,
CO4266231,DT 6/13,402-00791,403-01197,,,,,
CO4266231,DT 9/12,402-00791,403-01197,,,,,
CO4266231,DT 9/19,402-00791,403-01197,,,,,
CO4266231,DT 9/26,402-00791,403-01197,,,,,
CO4266231,HP 10/10,402-00791,403-01197,,,,,
CO4266231,HP 10/3,402-00791,403-01197,,,,,
CO4266231,HP 9/13,402-00791,403-01197,,,,,
CO4266231,HP 9/19,402-00791,403-01197,,,,,
CO4266231,HP 9/26,402-00791,403-01197,,,,,
CO4266231,LOG 10/3,402-00791,403-01197,,,,,
CO4266231,MA 9/19,402-00791,403-01197,,,,,
CO4266231,MA 9/26,402-00791,403-01197,,,,,
CO4266231,MA 9/5,402-00791,403-01197,,,,,
CO4266231,MB 10/10,402-00791,403-01197,,,,,
CO4266231,MB 9/12,402-00791,403-01197,,,,,
CO4266231,MB 9/19,402-00791,403-01197,,,,,
CO4266231,MD 9/19,402-00791,403-01197,,,,,
CO4266231,OGK 10/3,402-00791,403-01197,,,,,
CO4266231,OGK 9/19,402-00791,403-01197,,,,,
CO4266231,SD 10/3,402-00791,403-01197,,,,,
CO4266231,SD 9/19,402-00791,403-01197,,,,,
CO4266231,SD 9/26,402-00791,403-01197,,,,,
CO4285132,B11H15.041317-Headband,402-00736, 403-01116,,,,,
CO4285132,B11H15.041317-Night Terror OG,402-00736, 403-01116,,,,,
CO4285132,B11H15.041217-Citrix,402-00736, 403-01116,,,,,
CO4285133,B11H15.041317-Headband,403-01122,402-00738,,,,,
CO4285133,B11H15.041317-Night Terror OG,403-01122,402-00738,,,,,
CO4285133,B11H15.041217-Citrix,403-01122,402-00738,,,,,
CO4294034,CT 7/11,402-00597,403-00892,,,,,
CO4294034,bd 7/11,402-00597,403-00892,,,,,
CO4294034,GH 7/11,402-00597,403-00892,,,,,
CO4294034,Glue 7/11,402-00597,403-00892,,,,,
CO4294034,sensi 7/10,402-00597,403-00892,,,,,
CO4294034,goblin 7/10,402-00597,403-00892,,,,,
CO4294034,bk 7/10,402-00597,403-00892,,,,,
CO4294034,CM 7/4,402-00597,403-00892,,,,,
CO4294034,BD 7/3,402-00597,403-00892,,,,,
CO4294034,Glue 7/3,402-00597,403-00892,,,,,
CO4294034,GH 7/3,402-00597,403-00892,,,,,
CO4294034,Grease 7/3,402-00597,403-00892,,,,,
CO4294034,SLH 7/3,402-00597,403-00892,,,,,
CO4294034,Sensi 7/3,402-00597,403-00892,,,,,
CO4294035,CBD 7/12,402-00602,403-00899,,,,,
CO4294035,god 7/11,402-00602,403-00899,,,,,
CO4294035,MOB 7/11,402-00602,403-00899,,,,,
CO4294035,LY 7/10,402-00602,403-00899,,,,,
CO4294035,Chem 7/4,402-00602,403-00899,,,,,
CO4294035,Chunk 7/4,402-00602,403-00899,,,,,
CO4294035,GS 7/4,402-00602,403-00899,,,,,
CO4300036,r206goldenkush9.11.17,,,,,403R-00180,,
CO4300036,m206larryog9.11.17,,,,,403R-00180,,
CO4304237,Agent Orange 9.8.17,402-00443,403-00664,,,,,
CO4304237,Blue Dream 10.16.17,402-00443,403-00664,,,,,
CO4304237,Blue Dream 10.2.17,402-00443,403-00664,,,,,
CO4304237,Blue Dream 4.8.17,402-00443,403-00664,,,,,
CO4304237,Blue Dream 8.14.17,402-00443,403-00664,,,,,
CO4304237,Blue Dream 9.1.17,402-00443,403-00664,,,,,
CO4304237,Blue Dream 9.21.17,402-00443,403-00664,,,,,
CO4304237,Blue Dream 9.8.17,402-00443,403-00664,,,,,
CO4304237,Buddah Tahoe 7.1.17,402-00443,403-00664,,,,,
CO4304237,Buddah Tahoe 8.14.17,402-00443,403-00664,,,,,
CO4304237,Cali Orange 10.2.17,402-00443,403-00664,,,,,
CO4304237,Cali Orange 5.23.17,402-00443,403-00664,,,,,
CO4304237,Cali Orange 8.1.17,402-00443,403-00664,,,,,
CO4304237,Celemntine 10.17.17,402-00443,403-00664,,,,,
CO4304237,Chewbacca 10.17.17,402-00443,403-00664,,,,,
CO4304237,Chewbacca 8.14.17,402-00443,403-00664,,,,,
CO4304237,Chewbacca 9.8.17,402-00443,403-00664,,,,,
CO4304237,Critical Mass 7.1.17,402-00443,403-00664,,,,,
CO4304237,Critical Mass 9.1.17,402-00443,403-00664,,,,,
CO4304237,Durban Poison 7.31.17,402-00443,403-00664,,,,,
CO4304237,Durban Poison 8.14.17,402-00443,403-00664,,,,,
CO4304237,Durban Poison 9.1.17,402-00443,403-00664,,,,,
CO4304237,Durban Poison 9.27.17,402-00443,403-00664,,,,,
CO4304237,Fluffhead 7.19.17,402-00443,403-00664,,,,,
CO4304237,Fruity Pebbles 7.19.17,402-00443,403-00664,,,,,
CO4304237,Fruity Pebbles 8.1.17,402-00443,403-00664,,,,,
CO4304237,ICE 9.8.17,402-00443,403-00664,,,,,
CO4304237,Lemon Diesel 3.23.17,402-00443,403-00664,,,,,
CO4304237,Lemon Diesel 9.22.17,402-00443,403-00664,,,,,
CO4304237,Lemon Diesel 9.8.17,402-00443,403-00664,,,,,
CO4304237,Nightmare Cookies 7.19.17,402-00443,403-00664,,,,,
CO4304237,Nightmare Cookies 9.8.17,402-00443,403-00664,,,,,
CO4304237,Northern Lights 10.16.17,402-00443,403-00664,,,,,
CO4304237,Northern Lights 10.2.17,402-00443,403-00664,,,,,
CO4304237,Northern Lights 7.31.17,402-00443,403-00664,,,,,
CO4304237,Northern Lights 8.14.17,402-00443,403-00664,,,,,
CO4304237,Northern Lights 9.1.17,402-00443,403-00664,,,,,
CO4304237,Pink Kush 7.19.17,402-00443,403-00664,,,,,
CO4304237,Pink Kush 8.14.17,402-00443,403-00664,,,,,
CO4304237,Pooty Tang 10.16.17,402-00443,403-00664,,,,,
CO4304237,Pooty Tang 9.1.17,402-00443,403-00664,,,,,
CO4304237,Pooty Tang 9.21.17,402-00443,403-00664,,,,,
CO4304237,Pooty Tang 9.8.17,402-00443,403-00664,,,,,
CO4304237,Purple Headband 10.2.17,402-00443,403-00664,,,,,
CO4304237,Purple Headband 10.23.17,402-00443,403-00664,,,,,
CO4304237,Purple Headband 9.1.17,402-00443,403-00664,,,,,
CO4304237,Purple Headband 9.8.17,402-00443,403-00664,,,,,
CO4304237,Purple Urkel 7.19.17,402-00443,403-00664,,,,,
CO4304237,Purple Urkel 7.31.17,402-00443,403-00664,,,,,
CO4304237,Purple Urkel 9.1.17,402-00443,403-00664,,,,,
CO4304237,Purple VooDoo 7.31.17,402-00443,403-00664,,,,,
CO4304237,Purple VooDoo 9.1.17,402-00443,403-00664,,,,,
CO4304237,Purple VooDoo 9.21.17,402-00443,403-00664,,,,,
CO4304237,Sour Kush 7.1.17,402-00443,403-00664,,,,,
CO4304237,Sour Kush 9.1.17,402-00443,403-00664,,,,,
CO4304237,White Bubba 10.16.17,402-00443,403-00664,,,,,
CO4304237,White Bubba 7.31.17,402-00443,403-00664,,,,,
CO4304237,White Bubba 9.22.17,402-00443,403-00664,,,,,
CO4304237,White Bubba 9.8.17,402-00443,403-00664,,,,,
CO4304237,XXX Diesel 10.16.17,402-00443,403-00664,,,,,
CO4304237,XXX Diesel 10.2.17,402-00443,403-00664,,,,,
CO4304237,XXX Diesel 8.14.17,402-00443,403-00664,,,,,
CO4304237,XXX Diesel 9.8.17,402-00443,403-00664,,,,,
CO4305638,R1-11-17-PT,,,,, 403R-00027,,
CO4305638,R2-10-17-818,,,,, 403R-00027,,
CO4305638,R3-10-17-PHB,,,,, 403R-00027,,
CO4305638,R2-10-17-BD,,,,, 403R-00027,,
CO4305638,2017-09-28-Cure Room-H,,,,, 403R-00027,,
CO4305638,R2-9-17-KD,,,,, 403R-00027,,
CO4305638,R3-9-17-PHB,,,,, 403R-00027,,
CO4305638,R3-9-17-PV,,,,, 403R-00027,,
CO4305638,R3-9-17-KD,,,,, 403R-00027,,
CO4305638,R3-9-17-PT,,,,, 403R-00027,,
CO4306139,GB102417,402-00123,403-01328,,,,,
CO4306139,CW102417,402-00123,403-01328,,,,,
CO4306139,WW102417,402-00123,403-01328,,,,,
CO4306139,ST102417,402-00123,403-01328,,,,,
CO4306139,MB102417,402-00123,403-01328,,,,,
CO4306139,GQ102417,402-00123,403-01328,,,,,
CO4306139,GL102417,402-00123,403-01328,,,,,
CO4306139,CH102417,402-00123,403-01328,,,,,
CO4306139,BG102417,402-00123,403-01328,,,,,
CO4306139,TOG102417,402-00123,403-01328,,,,,
CO4306139,NY102417,402-00123,403-01328,,,,,
CO4306139,BD102417,402-00123,403-01328,,,,,
CO4306139,MB8217,402-00123,403-01328,,,,,
CO4312440,19946,,,,,404R-00198,,
CO4312440,19942,,,,,404R-00198,,
CO4312440,20088,,,,,404R-00198,,
CO4312440,19948,,,,,404R-00198,,
CO4342541,Alegria 10/5 F1,402-00059,403-00080,,,,,
CO4342541,Alegria 6216,402-00059,403-00080,,,,,
CO4342541,Alegria 6221,402-00059,403-00080,,,,,
CO4342541,BC 10/12 F2,402-00059,403-00080,,,,,
CO4342541,BC 10/18 F2,402-00059,403-00080,,,,,
CO4342541,BC 6286,402-00059,403-00080,,,,,
CO4342541,BC 6287,402-00059,403-00080,,,,,
CO4342541,BC F1 10/22,402-00059,403-00080,,,,,
CO4342541,BD 10/20 F2,402-00059,403-00080,,,,,
CO4342541,BD 10/21 F2,402-00059,403-00080,,,,,
CO4342541,BH 10/19 F2,402-00059,403-00080,,,,,
CO4342541,BH 6329,402-00059,403-00080,,,,,
CO4342541,BH 6330,402-00059,403-00080,,,,,
CO4342541,BH 6331,402-00059,403-00080,,,,,
CO4342541,BH 6332,402-00059,403-00080,,,,,
CO4342541,BH 6333,402-00059,403-00080,,,,,
CO4342541,BH 6334,402-00059,403-00080,,,,,
CO4342541,BH F2 10/26,402-00059,403-00080,,,,,
CO4342541,CVK 10/15 F2,402-00059,403-00080,,,,,
CO4342541,Fab 10/18 F1,402-00059,403-00080,,,,,
CO4342541,Fab 10/19 F1,402-00059,403-00080,,,,,
CO4342541,Fab 5509,402-00059,403-00080,,,,,
CO4342541,ISS 10/18 F2,402-00059,403-00080,,,,,
CO4342541,ISS 6061,402-00059,403-00080,,,,,
CO4342541,ISS 6062,402-00059,403-00080,,,,,
CO4342541,ISS 6064,402-00059,403-00080,,,,,
CO4342541,ISS 6065,402-00059,403-00080,,,,,
CO4342541,ISS 6066,402-00059,403-00080,,,,,
CO4342541,ISS 6071,402-00059,403-00080,,,,,
CO4342541,LA 10/24 F2,402-00059,403-00080,,,,,
CO4342541,LA 6300,402-00059,403-00080,,,,,
CO4342541,LA 6301,402-00059,403-00080,,,,,
CO4342541,LA 6303,402-00059,403-00080,,,,,
CO4342541,LA 6304,402-00059,403-00080,,,,,
CO4342541,LA 6305,402-00059,403-00080,,,,,
CO4342541,LA 6306,402-00059,403-00080,,,,,
CO4342541,LA 6307,402-00059,403-00080,,,,,
CO4342541,LA F2 10/24,402-00059,403-00080,,,,,
CO4342541,OG 6052,402-00059,403-00080,,,,,
CO4342541,OG 6227,402-00059,403-00080,,,,,
CO4342541,OG 6346,402-00059,403-00080,,,,,
CO4342541,OG 6347,402-00059,403-00080,,,,,
CO4342541,OG 6348,402-00059,403-00080,,,,,
CO4342541,OG 6349,402-00059,403-00080,,,,,
CO4342541,OG 6351,402-00059,403-00080,,,,,
CO4342541,OG 6352,402-00059,403-00080,,,,,
CO4342541,OG 6353,402-00059,403-00080,,,,,
CO4342541,OG 6354,402-00059,403-00080,,,,,
CO4342541,Ringo 11/8 F1,402-00059,403-00080,,,,,
CO4342541,SD 6357,402-00059,403-00080,,,,,
CO4342541,SD 6358,402-00059,403-00080,,,,,
CO4342541,SD 6359,402-00059,403-00080,,,,,
CO4342541,SD 6360,402-00059,403-00080,,,,,
CO4342541,SD 6361,402-00059,403-00080,,,,,
CO4342541,SD 6362,402-00059,403-00080,,,,,
CO4342541,SD 6363,402-00059,403-00080,,,,,
CO4342541,SD 6364,402-00059,403-00080,,,,,
CO4342541,WC 5797,402-00059,403-00080,,,,,
CO4342541,WC 6244,402-00059,403-00080,,,,,
CO4342541,WC 6245,402-00059,403-00080,,,,,
CO4342541,WC 6246,402-00059,403-00080,,,,,
CO4342541,WC 6247,402-00059,403-00080,,,,,
CO4342541,WC 6248,402-00059,403-00080,,,,,
CO4342541,WTH 10/18 F1,402-00059,403-00080,,,,,
CO4342541,WTH 10/22 F1,402-00059,403-00080,,,,,
CO4342541,WTH 10/5 F1,402-00059,403-00080,,,,,
CO4342541,Xmas 10/31 F1,402-00059,403-00080,,,,,
CO4342541,Xmas F1 10/24,402-00059,403-00080,,,,,
CO4343242,#JUL2018H.M2.FLO.7.27.18,403-00325,403-00325,,,,,
CO4343242,#JUL2018H.M2.PK.7.27.18,403-00325,403-00325,,,,,
CO4343242,#JUN2018H.M2.DP.6.19.18,403-00325,403-00325,,,,,
CO4343242,#JUN2018H.M2.MSS.6.19.18,403-00325,403-00325,,,,,
CO4343242,#JUN2018H.M3.BBSD.6.11.18,403-00325,403-00325,,,,,
CO4343242,#JUN2018H.M3.YB.6.11.18,403-00325,403-00325,,,,,
CO4356643,N2-GG030619-A,402-00288, 403-00426,,,,,
CO4356643,N2-WW030619-A,402-00288, 403-00426,,,,,
CO4356643,N2-GG040219-AR,,,,,403R-00023,,
CO4356643,N2-GC040219-AR,,,,,403R-00023,,
CO4356643,N2-BY040219-AR,,,,,403R-00023,,
CO4356643,N2-CT031919-AR,,,,,403R-00023,,
CO4356643,N2-JF030619-AR,,,,,403R-00023,,
CO4356643,N2-GC030619-AR,,,,,403R-00023,,
CO4356643,N2-GG030619-AR,,,,,403R-00023,,
CO4369344,Lemon Train (07/09/19),402-00698,403-01050,,,,,
CO4369344,King Jack (07/01/19),402-00698,403-01050,,,,,
CO4369344,Chernobyl (07/01/19),402-00698,403-01050,,,,,
CO4369344,Sunburn (6/28/19),402-00698,403-01050,,,,,
CO4369344,Jesus OG (6/28/19),402-00698,403-01050,,,,,
CO4369344,Bruce Banner (5/23/19),402-00698,403-01050,,,,,
CO4369344,Wedding Cake (5/23/19),402-00698,403-01050,,,,,
CO4369344,King Jack (5/21/19),402-00698,403-01050,,,,,
CO4369344,Cookies & Dream (5/21/19),402-00698,403-01050,,,,,
CO4369344,Sour Diesel (5/13/19),402-00698,403-01050,,,,,
CO4369344,Black Medallion (5/13/19),402-00698,403-01050,,,,,
CO4369344,Lemon Train (05/06/19),402-00698,403-01050,,,,,
CO4369344,Jesus OG (3/18/19),402-00698,403-01050,,,,,
CO4369344,The Animal,402-00698,403-01050,,,,,
CO4369344b,Wedding Cake (05/06/19),402-00698,403-01050,,,,,
CO4369344b,Sour Diesel (04/17/19),402-00698,403-01050,,,,,
CO4369344b,Pandora's Box (3/18/19),402-00698,403-01050,,,,,
CO4369344b,Black Medallion 3/5/19,402-00698,403-01050,,,,,
CO4369344b,Deep Purple 2/5/19,402-00698,403-01050,,,,,
CO4369344b,Qleaner 2/5/19,402-00698,403-01050,,,,,
CO4369344b,Gorilla Glue #4 2/5/19,402-00698,403-01050,,,,,
CO4369344b,Lemon Train 2/5/19,402-00698,403-01050,,,,,
CO4369344b,Commerce City Kush 1/18/19,402-00698,403-01050,,,,,
CO4369344b,Cotton Candy X Sour Diesel 1/2/19,402-00698,403-01050,,,,,
CO4369344b,Pineapple Express 12/31/18,402-00698,403-01050,,,,,
CO4369344b,Chocolopez 12/31/18,402-00698,403-01050,,,,,
CO4369344,Chocolopez (7/16/19),402-00698,403-01050,,,,,
CO4369344,Bruce Banner (7/16/19),402-00698,403-01050,,,,,
CO4369344,Lemon Train (7/15/19),402-00698,403-01050,,,,,
CO4369344,Chernobyl (07/02/19),402-00698,403-01050,,,,,
CO4369344,Jesus OG (07/01/19),402-00698,403-01050,,,,,
CO4369344,King Jack (07/01/19),402-00698,403-01050,,,,,
CO4369344,Chernobyl (07/01/19),402-00698,403-01050,,,,,
CO4369344,Wedding Cake (06/28/19),402-00698,403-01050,,,,,
CO4369344,Lemon Train (06/27/19),402-00698,403-01050,,,,,
CO4369344,Commerce City Kush (06/26/19),402-00698,403-01050,,,,,
CO4369344,King Jack (6/26/19),402-00698,403-01050,,,,,
CO4369344,Chernobyl (6/26/19),402-00698,403-01050,,,,,
CO4369344,Jesus OG (06/26/19),402-00698,403-01050,,,,,
CO4369344,Pineapple Express (6/25/19),402-00698,403-01050,,,,,
CO4369344,Jack The Ripper (06/25/19),402-00698,403-01050,,,,,
CO4369344,King Jack (6/25/19),402-00698,403-01050,,,,,
CO4369344,Lemon Train (6/4/19),402-00698,403-01050,,,,,
CO4369344,Lemon Train (5/30/19),402-00698,403-01050,,,,,
CO4369344,Biesel (5/24/19),402-00698,403-01050,,,,,
CO4369344,Chernobyl (5/24/19),402-00698,403-01050,,,,,
CO4369344,King Jack (5/23/19),402-00698,403-01050,,,,,
CO4369344,Cookies & Dream (5/21/19),402-00698,403-01050,,,,,
CO4369344,Lemon Train (5/21/19),402-00698,403-01050,,,,,
CO4369344,Dairy Queen (5/20/19),402-00698,403-01050,,,,,
CO4369344,Black Medallion (5/13/19),402-00698,403-01050,,,,,
CO4369344,Wedding Cake (5/14/19),402-00698,403-01050,,,,,
CO4369344,Commerce City Kush (04/17/19),402-00698,403-01050,,,,,
CO4369344,Chocolopez (04/03/19),402-00698,403-01050,,,,,
CO4369344,Tribal Delight (3/27/19),402-00698,403-01050,,,,,
CO4369344,King Jack 2/26/19,402-00698,403-01050,,,,,
CO4369344b,Wedding Cake (6/5/19),402-00698,403-01050,,,,,
CO4369344b,Blueberry Snow x Brutha Hood,402-00698,403-01050,,,,,
CO4369344b,(5/24/19),402-00698,403-01050,,,,,
CO4369344b,Jesus OG (5/22/19),402-00698,403-01050,,,,,
CO4369344b,Sour Diesel (5/14/19),402-00698,403-01050,,,,,
CO4369344b,Jack Skellington (05/06/19),402-00698,403-01050,,,,,
CO4369344b,Jacks Cleaner (05/06/19),402-00698,403-01050,,,,,
CO4369344b,Sweetest Peach (05/06/19),402-00698,403-01050,,,,,
CO4369344b,Jack Skellington (04/30/19),402-00698,403-01050,,,,,
CO4369344b,Sunburn (04/29/19),402-00698,403-01050,,,,,
CO4369344b,Jack The Ripper (04/29/19),402-00698,403-01050,,,,,
CO4369344b,Lemon Train (04/29/19),402-00698,403-01050,,,,,
CO4369344b,Boss Hog (04/18/19),402-00698,403-01050,,,,,
CO4369344b,Cinderella 99 (04/18/19),402-00698,403-01050,,,,,
CO4369344b,Chem Thai (04/18/19),402-00698,403-01050,,,,,
CO4369344b,Jack The Ripper (04/18/19),402-00698,403-01050,,,,,
CO4369344b,Sunburn (04/18/19),402-00698,403-01050,,,,,
CO4369344b,Tangberry Blue (04/18/19),402-00698,403-01050,,,,,
CO4369344b,Boss Hog (4/17/19),402-00698,403-01050,,,,,
CO4369344b,Jack The Ripper (04/12/19),402-00698,403-01050,,,,,
CO4369344b,Ripped Bubba (04/04/19),402-00698,403-01050,,,,,
CO4369344b,Red Headed Stranger 3/5/19,402-00698,403-01050,,,,,
CO4369344b,Lemon Train 2/26/19,402-00698,403-01050,,,,,
CO4369344b,Agent Orange 2/26/19,402-00698,403-01050,,,,,
CO4369344b,Commerce City Kush 2/26/19,402-00698,403-01050,,,,,
CO4369344b,Jack the Ripper 2/26/19,402-00698,403-01050,,,,,
CO4369344b,Sour Diesel 1/16/19,402-00698,403-01050,,,,,
CO4369344b,Red Rocket 1/15/19,402-00698,403-01050,,,,,
CO4369344b,Sour Diesel 1/15/19,402-00698,403-01050,,,,,
CO4369344b,Gorilla Glue 1/15/19,402-00698,403-01050,,,,,
CO4369344b,Pineapple Express 1/15/19,402-00698,403-01050,,,,,
CO4369344b,Jack the Ripper #10 1/10/19,402-00698,403-01050,,,,,
CO4369344b,Pre 98 Bubba 1/10/19,402-00698,403-01050,,,,,
CO4369344b,Grape Inferno #1 1/10/19,402-00698,403-01050,,,,,
CO4369344b,Jesus OG 1/9/19,402-00698,403-01050,,,,,
CO4369344b,Agent Orange 1/9/19,402-00698,403-01050,,,,,
CO4369344b,Durban Poison 1/9/19,402-00698,403-01050,,,,,
CO4369344b,Grape Inferno 1/9/19,402-00698,403-01050,,,,,
CO4369344b,Pre 98 Bubba,402-00698,403-01050,,,,,
CO4369344b,Jack the Ripper 1/9/19,402-00698,403-01050,,,,,
CO4369344b,Chernobyl 1/9/19,402-00698,403-01050,,,,,
CO4369344b,Brightberry Cookies 1/8/19,402-00698,403-01050,,,,,
CO4369344b,Sunburn 1/3/19,402-00698,403-01050,,,,,
CO4369344b,Cotton Candy X Sour Diesel 1/3/19,402-00698,403-01050,,,,,
CO4379145,Blue Dream 10/14/19,402-00390,403-01850,,,,,
CO4379145,Blue Dream 10/14/19,402-01201,403-01850,,,,,
CO4379145,N26-9LB Hammer 10/8 T4,"402-01064,",403-01657,,,,,
CO4379145,N26-9LB Hammer 10/8 T4,"402-00867,",403-01657,,,,,
CO4379145,Super Lemon Haze 10/8/19,402-01066,403-01467,,,,,
CO4379145,GCK.F8.100719,,,,,403R-00314,"402R-00600,",
CO4379145,Grape Ape – 10.17.2019.,,,,,403R-01092,"402R-00477,",
CO4379145,SB-F2-101619,,,,,"403R-00373, 403R-00182","402R-00138,",
CO4379145,SB-F2-101619,,,,,"403R-00373, 403R-00182","402R-00038,",
CO4389446,“Cannxtra Indica CXvapes” (No Batch Specified in Notice for MCT Vaporizers),,,,404-00280,,,
CO4389446,“Fuehl” (No Batch Specified in Notice for MCT Vaporizers),,,,404R-00196,,,
CO4389446,“Pax Pods” (No Batch Specified in Notice for MCT Vaporizers),,,,404R-00008,,,
CO4389446,“Pure Oil” (No Batch Specified in Notice for MCT Vaporizers),,,,404R-00003,,,
CO4389446,“Pure Vibe- All in one – Vape Pen” (No Batch Specified in Notice for MCT Vaporizers),,,,404R-00219,,,
CO4389446,“Pure Vibe Vape Pen Cartridge” (No Batch Specified in Notice for MCT Vaporizers),,,,404R-00219,,,
CO4389446,“The Clear Classic” (No Batch Specified in Notice for MCT Vaporizers),,,,"404-00340, 404R-00073",,,
CO4389446,“The Clear Cartridge” (No Batch Specified in Notice for MCT Vaporizers),,,,"404-00340, 404R-00073",,,
CO4389446,“The Lab” (No Batch Specified in Notice for MCT Vaporizers),,,,404-00046,,,
CO4389446,“Tumbleweed Vapes” (No Batch Specified in Notice for MCT Vaporizers),,,,404R-00017,,,
CO4402247,BlueDream021720,,,,,403R-00378,,
CO4402247,MaiTaiFR11292020,,,,,403R-00378,,
CO4406948,ZP Batch 251,,,,,403R-00109,,
CO4406948,PX Batch 251,,,,,403R-00109,,
CO4406948,ZP Batch 252,,,,,403R-00109,,
CO4406948,KF Batch 254,,,,,403R-00109,,
CO4406948,CB Batch 251,,,,,403R-00109,,
CO4406948,TP Batch 251,,,,,403R-00109,,
CO4406948,RC Batch 251,,,,,403R-00109,,
CO4406948,GEL Batch 251,,,,,403R-00109,,
CO4406948,JF Batch 254,,,,,403R-00109,,
CO4406948,GB7 Batch 251,,,,,403R-00109,,
CO4406948,PHB Batch 251,,,,,403R-00109,,
CO4406948,CM Batch 254,,,,,403R-00109,,
CO4406948,RC Batch 251,,,,,403R-00109,,
CO4406948,GA Batch 254,,,,,403R-00109,,
CO4406948b,BUB Batch 248,,,,,403R-00109,,
CO4406948b,MMB Batch 249,,,,,403R-00109,,
CO4406948b,W99 Batch 251,,,,,403R-00109,,
CO4406948b,GRC Batch 253,,,,,403R-00109,,
CO4406948b,PIN Batch 248,,,,,403R-00109,,
CO4406948b,PIN Batch 249,,,,,403R-00109,,
CO4406948b,BK Batch 251,,,,,403R-00109,,
CO4406948b,JF Batch 253,,,,,403R-00109,,
CO4406948b,BOO Batch 248,,,,,403R-00109,,
CO4406948b,PHB Batch 249,,,,,403R-00109,,
CO4406948b,FP Batch 251,,,,,403R-00109,,
CO4406948b,BOO Batch 253,,,,,403R-00109,,
CO4406948b,MMB Batch 248,,,,,403R-00109,,
CO4406948b,W99 Batch 249,,,,,403R-00109,,
CO4406948b,BC Batch 251,,,,,403R-00109,,
CO4406948b,PT Batch 253,,,,,403R-00109,,
CO4406948b,WC Batch 248,,,,,403R-00109,,
CO4406948b,PC Batch 249,,,,,403R-00109,,
CO4406948b,PS4 Batch 251,,,,,403R-00109,,
CO4406948b,BHB Batch 253,,,,,403R-00109,,
CO4406948b,BC Batch 248,,,,,403R-00109,,
CO4406948b,RC Batch 249,,,,,403R-00109,,
CO4406948b,BK Batch 252,,,,,403R-00109,,
CO4406948b,PHF Batch 253,,,,,403R-00109,,
CO4406948b,CHP Batch 248,,,,,403R-00109,,
CO4406948b,BMG Batch 250,,,,,403R-00109,,
CO4406948b,CB Batch 252,,,,,403R-00109,,
CO4406948b,RC Batch 253,,,,,403R-00109,,
CO4406948b,GRC Batch 248,,,,,403R-00109,,
CO4406948b,BC Batch 250,,,,,403R-00109,,
CO4406948b,PX Batch 252,,,,,403R-00109,,
CO4406948b,BK Batch 254,,,,,403R-00109,,
CO4406948b,FP Batch 248,,,,,403R-00109,,
CO4406948b,BK Batch 250,,,,,403R-00109,,
CO4406948b,WC Batch 252,,,,,403R-00109,,
CO4406948b,IG Batch 254,,,,,403R-00109,,
CO4406948b,IG Batch 248,,,,,403R-00109,,
CO4406948b,FP Batch 250,,,,,403R-00109,,
CO4406948b,PHF Batch 252,,,,,403R-00109,,
CO4406948b,SH Batch 254,,,,,403R-00109,,
CO4406948b,MAC Batch 248,,,,,403R-00109,,
CO4406948b,GEL Batch 250,,,,,403R-00109,,
CO4406948b,W99 Batch 252,,,,,403R-00109,,
CO4406948b,GRC Batch 254,,,,,403R-00109,,
CO4406948b,PHB Batch 248,,,,,403R-00109,,
CO4406948b,PHB Batch 250,,,,,403R-00109,,
CO4406948b,BK Batch 253,,,,,403R-00109,,
CO4406948b,GK Batch 254,,,,,403R-00109,,
CO4406948b,TP Batch 248,,,,,403R-00109,,
CO4406948b,TP Batch 250,,,,,403R-00109,,
CO4406948b,GK Batch 253,,,,,403R-00109,,
CO4406948b,MMB Batch 254,,,,,403R-00109,,
CO4406948b,BOO Batch 249,,,,,403R-00109,,
CO4406948b,BUB Batch 250,,,,,403R-00109,,
CO4406948b,TP Batch 253,,,,,403R-00109,,
CO4406948b,PC Batch 254,,,,,403R-00109,,
CO4406948b,GA Batch 249,,,,,403R-00109,,
CO4406948b,PX Batch 250,,,,,403R-00109,,
CO4406948b,SH Batch 253,,,,,403R-00109,,
CO4406948b,CHP Batch 254,,,,,403R-00109,,
CO4406948b,MAC Batch 249,,,,,403R-00109,,
CO4406948b,BOO Batch 250,,,,,403R-00109,,
CO4406948b,BMG Batch 253,,,,,403R-00109,,
CO4406948b,TP Batch 254,,,,,403R-00109,,
CO4406948b,SH Batch 249,,,,,403R-00109,,
CO4406948b,WC Batch 250,,,,,403R-00109,,
CO4406948b,BC Batch 253,,,,,403R-00109,,
CO4406948b,CB Batch 254,,,,,403R-00109,,
CO4406948b,BMG Batch 249,,,,,403R-00109,,
CO4406948b,PT Batch 250,,,,,403R-00109,,
CO4406948b,BUB Batch 253,,,,,403R-00109,,
CO4406948b,FP Batch 254,,,,,403R-00109,,
CO4406948b,BK Batch 249,,,,,403R-00109,,
CO4406948b,PHF Batch 250,,,,,403R-00109,,
CO4406948b,PX Batch 253,,,,,403R-00109,,
CO4406948b,BUB Batch 254,,,,,403R-00109,,
CO4406948b,BUB Batch 249,,,,,403R-00109,,
CO4406948b,IG Batch 250,,,,,403R-00109,,
CO4406948b,PS4 Batch 253,,,,,403R-00109,,
CO4406948b,PIN Batch 254,,,,,403R-00109,,
CO4406948b,BC Batch 249,,,,,403R-00109,,
CO4406948b,KTW Batch 250,,,,,403R-00109,,
CO4406948b,WC Batch 253,,,,,403R-00109,,
CO4406948b,FP Batch 249,,,,,403R-00109,,
CO4406948b,PHF Batch 251,,,,,403R-00109,,
CO4406948b,FP Batch 253,,,,,403R-00109,,
CO4411249b,6-18-20 Cherry Pie,,,,,403R-00603,,
CO4411249b,6-22-20 Donatello,,,,,403R-00603,,
CO4411249b,6-24-20 Orange Chemsicle,,,,,403R-00603,,
CO4411249b,7-10-20 Skunkberry,,,,,403R-00603,,
CO4411249b,7-15-20 Wife,,,,,403R-00603,,
CO4411249b,7-3-20 Chemmiwinks,,,,,403R-00603,,
CO4411249b,7-3-20 Tahoe OG,,,,,403R-00603,,
CO4411249b,6-22-20 Emperor’s Breath,,,,,403R-00603,,
CO4411249,6-30-20 Cookie Confundo,,,,,403R-00603,,
CO4411249,7-15-20 Orange Obliviate,,,,,403R-00603,,
CO4411249,6-24-20 Orange Chemsicle,,,,,403R-00603,,
CO4414050,GT05202020F1,,403-01905,,,,,
CO4414050,BAN07202020F1,,403-01905,,,,,
CO4414050,TESS07202020F1,,403-01905,,,,,
CO4414050,GM08032020F2,,403-01905,,,,,
CO4420451,3H345-GRZ ,,,,,403R-00063,,
CO4420451,4H346-BKZ,,,,,403R-00063,,
CO4423752,CHY259R14820230B,,,,,,,404R-00012
CO4428653,Pie Walker #2 1/21/2021 ,,,,,403R-00123,402R-00095,
CO4428653,Strawberry Fields 2/5/21 ,,,,,403R-00123,402R-00095,
CO4428653,Nina's Web 2/4/21,,,,,403R-00123,402R-00095,
CO4428653,Kimbo Kush 11/17/20,,,,,403R-00123,402R-00095,
CO4428653,Kimbo Kush 11-17-2020,,,,,403R-00123,402R-00095,
CO4428653,Kimbo Kush 12/14/20,,,,,403R-00123,402R-00095,
CO4428653,Kimbo Kush 11/17/2020,,,,,403R-00123,402R-00095,
CO4428653,Kimbo Kush 11-17-20,,,,,403R-00123,402R-00095,
CO4428653,Pie Walker #2 1/21/21,,,,,403R-00123,402R-00095,
CO4428653,The Juice Man #3 2/5/21,,,,,403R-00123,402R-00095,
CO4430554,SS 12/27,402-01058, 403-01652,,,,,
CO4430554,OZ 12/27,402-01058, 403-01652,,,,,
CO4430554,FM 12/27,402-01058, 403-01652,,,,,
CO4430554b,SS 12/27,402-01058, 403-01652,,,,,
CO4448455,Strawberry Blonde 5-10-21,,403-01604,,,,,
CO4448455,Agent Orange 5-21-21,,403-01604,,,,,
CO4448455,Agent Orange 6-1-21,,403-01604,,,,,
CO4448455,Durban Kush 6-1-21,,403-01604,,,,,
CO4448455,Lemon Skunk 6-1-21,,403-01604,,,,,
CO4448455,Mountain Thunder 6-1-21,,403-01604,,,,,
CO4448455,Rise N Shine 6-1-21,,403-01604,,,,,
CO4448455,Kaboom 6-1-21,,,,,403R-00879,,
CO4448455b,Lilac Diesel 6-1-21,,403-01604,,,,,
CO4448455c,Afghani 5-10-21,,403-01604,,,,,
CO4448455c,Blue Head OG 5-10-21,,403-01604,,,,,
CO4448455c,Chemdawg 5-10-21,,403-01604,,,,,
CO4448455c,East Coast Sour Diesel 5-10-21,,403-01604,,,,,
CO4448455c,Golden Strawberry 5-10-21,,403-01604,,,,,
CO4448455c,Lilac Diesel 5-10-21,,403-01604,,,,,
CO4448455c,Rise N Shine 5-10-21,,403-01604,,,,,
CO4448455c,Wedding Cake 5-10-21,,403-01604,,,,,
CO4448455c,Witches Weed 5-10-21,,403-01604,,,,,
CO4448455c,Glue #4 5-21-21,,403-01604,,,,,
CO4448455c,Lemon Skunk 5-21-21,,403-01604,,,,,
CO4448455c,Rise N Shine 5-21-21,,403-01604,,,,,
CO4448455c,Sour Berry Blue 5-21-21,,403-01604,,,,,
CO4448455c,Strawberry Blonde 5-21-21,,403-01604,,,,,
CO4448455c,Wedding Cake 5-21-21,,403-01604,,,,,
CO4448455c,Afghani 5-21-21,,403-01604,,,,,
CO4448455c,Blue Head OG 5-21-21,,403-01604,,,,,
CO4448455c,Blue Lemon Thai 5-21-21,,403-01604,,,,,
CO4448455c,Golden Strawberry 5-21-21,,403-01604,,,,,
CO4448455c,Afghani 6-1-21,,403-01604,,,,,
CO4448455c,East Coast Sour Diesel 6-1-21,,403-01604,,,,,
CO4448455c,Glue #4 6-1-21,,403-01604,,,,,
CO4448455c,Humdinger 6-1-21,,403-01604,,,,,
CO4448455c,Sour Berry Blue 6-1-21,,403-01604,,,,,
CO4448455c,Space Berry 6-1-21,,403-01604,,,,,
CO4448455c,Wedding Cake 6-1-21,,403-01604,,,,,
CO4448455c,Witches Weed 6-1-21,,403-01604,,,,,
CO4448455c,Afghani 5-10-21,,,,,403R-00879,,
CO4448455c,Blue Head OG 5-10-21,,,,,403R-00879,,
CO4448455c,Chemdawg 5-10-21,,,,,403R-00879,,
CO4448455c,Dairy Queen 5-10-21,,,,,403R-00879,,
CO4448455c,Golden Strawberry 5-10-21,,,,,403R-00879,,
CO4448455c,Queen Mother Goji 5-10-21,,,,,403R-00879,,
CO4448455c,Rise N Shine 5-10-21,,,,,403R-00879,,
CO4448455c,Sour Berry Blue 5-10-21,,,,,403R-00879,,
CO4448455c,Strawberry Blonde 5-10-21,,,,,403R-00879,,
CO4448455c,Witches Weed 5-10-21,,,,,403R-00879,,
CO4448455c,Afghani 5-21-21,,,,,403R-00879,,
CO4448455c,Blue Head OG 5-21-21,,,,,403R-00879,,
CO4448455c,Durban Kush 5-21-21,,,,,403R-00879,,
CO4448455c,Glue #4 5-21-21,,,,,403R-00879,,
CO4448455c,Rise N Shine 5-21-21,,,,,403R-00879,,
CO4448455c,Space Berry 5-21-21,,,,,403R-00879,,
CO4448455c,Strawberry Blonde 5-21-21,,,,,403R-00879,,
CO4448455c,Afghani 6-1-21,,,,,403R-00879,,
CO4448455c,Agent Orange 6-1-21,,,,,403R-00879,,
CO4448455c,Blue Lemon Thai 6-1-21,,,,,403R-00879,,
CO4448455c,Durban Kush 6-1-21,,,,,403R-00879,,
CO4448455c,East Coast Sour Diesel 6-1-21,,,,,403R-00879,,
CO4448455c,Glue #4 6-1-21,,,,,403R-00879,,
CO4448455c,Humdinger 6-1-21,,,,,403R-00879,,
CO4448455c,Jack’s Cleaner 6-1-21,,,,,403R-00879,,
CO4448455c,Kaboom 6-1-21,,,,,403R-00879,,
CO4448455c,Lilac Diesel 6-1-21,,,,,403R-00879,,
CO4448455c,Mountain Thunder 6-1-21,,,,,403R-00879,,
CO4448455c,Queen Mother Goji 6-1-21,,,,,403R-00879,,
CO4448455c,Rise N Shine 6-1-21,,,,,403R-00879,,
CO4448455c,Sour Berry Blue 6-1-21,,,,,403R-00879,,
CO4448455c,Space Berry 6-1-21,,,,,403R-00879,,
CO4448455c,Wedding Cake 6-1-21,,,,,403R-00879,,
CO4451856,6/13/21 SD,,403-01609,,,,,
CO4451856,6/18/21 LDP,,403-01609,,,,,
CO4451856,8.10.21 RAZ,,403-01609,,,,,
CO4451856,8/10/21 GFS,,403-01609,,,,,
CO4451856,8/10/21 KL,,403-01609,,,,,
CO4451856,8/10/21 LAC,,403-01609,,,,,
CO4451856,8/10/21 MK,,403-01609,,,,,
CO4451856,8/10/21 SB,,403-01609,,,,,
CO4451856,8/10/21 SC,,403-01609,,,,,
CO4451856,8/10/21 SWT,,403-01609,,,,,
CO4451856,8/10/21 WR,,403-01609,,,,,
CO4453857,10/18/20 Outdoor,,,,,403R-01153,,
CO4453857,10/19/20 Outdoor 1,,,,,403R-01153,,
CO4453857,10/20/20 Outdoor 1,,,,,403R-01153,,
CO4453857,10/18/20 Outdoor 3,,,,,403R-01153,,
CO4453857,10/19/20 Outdoor 2,,,,,403R-01153,,
CO4453857,10/25/20 Indoor,,,,,403R-01153,,
CO4453857b,021521-A,,,,,403R-01153,,
CO4453857b,021521-B,,,,,403R-01153,,
CO4453857b,092321LEMONOG,,,,,403R-01153,,
CO4453857b,34-Z,,,,,403R-01153,,
CO4453857b,BF002-1.1 Crude Run 1,,,,,403R-01153,,
CO4453857b,BF002-5DP,,,,,403R-01153,,
CO4453857b,CWCOMBO 10/15/21,,,,,403R-01153,,
CO4453857b,CWCOMBO09/15/21,,,,,403R-01153,,
CO4453857b,DIstillate 11-10A,,,,,403R-01153,,
CO4453857b,Disty 9-29,,,,,403R-01153,,
CO4453857b,GM-36894,,,,,403R-01153,,
CO4453857b,GM-46493,,,,,403R-01153,,
CO4453857b,GS-062421-3,,,,,403R-01153,,
CO4453857b,HSH - 2527,,,,,403R-01153,,
CO4453857b,LH030221B741,,,,,403R-01153,,
CO4453857b,RV007 - Crude,,,,,403R-01153,,
CO4453857b,RV008 - Crude,,,,,403R-01153,,
CO4453857b,Shake 7.30.21,,,,,403R-01153,,
CO4453857b,SKD1620,,,,,403R-01153,,
CO4453857b,TB-42553,,,,,403R-01153,,
CO4453857b,WW002-1 Lemon OG Haze (H),,,,,403R-01153,,
CO4453857b,WW003-1 Citrus Sunrise,,,,,403R-01153,,
CO4453857b,WW004-1 Lemon OG Haze (SH),,,,,403R-01153,,
CO4453857b,Active Gummies 4/15/21 E042,,,,,403R-01153,,
CO4453857b,BF002-1TT,,,,,403R-01153,,
CO4453857b,BF002-2TT,,,,,403R-01153,,
CO4453857b,BF002-2V,,,,,403R-01153,,
CO4453857b,BF002-3V1,,,,,403R-01153,,
CO4453857b,BF002-3V2,,,,,403R-01153,,
CO4453857b,Chill Gummies- Blue Raspberry,,,,,403R-01153,,
CO4453857b,HSH 6.3.21 - 2324,,,,,403R-01153,,
CO4453857b,Hybrid-116R,,,,,403R-01153,,
CO4453857b,LS185-B1,,,,,403R-01153,,
CO4453857b,RV007 - Distillate,,,,,403R-01153,,
CO4453857b,RV007 - Tails,,,,,403R-01153,,
CO4453857b,RV007-2,,,,,403R-01153,,
CO4453857b,RV007-3,,,,,403R-01153,,
CO4453857b,RV007-4,,,,,403R-01153,,
CO4453857b,RV007-5R3D1,,,,,403R-01153,,
CO4453857b,RV007-5R3D2,,,,,403R-01153,,
CO4453857b,RV007-5R3T2,,,,,403R-01153,,
CO4453857b,RV007-6R1D,,,,,403R-01153,,
CO4453857b,RV007-6R1T,,,,,403R-01153,,
CO4453857b,RV007-6R2D,,,,,403R-01153,,
CO4453857b,RV007-6R2T,,,,,403R-01153,,
CO4453857b,RV007-6R3D,,,,,403R-01153,,
CO4453857b,RV007-6R3T,,,,,403R-01153,,
CO4453857b,Sativa-139R,,,,,403R-01153,,
CO4453857b,Unscented Cream-035R,,,,,403R-01153,,
CO4453857b,WEED-39723,,,,,403R-01153,,
CO4453857b,WW003-2 OG Citrus Haze (SH),,,,,403R-01153,,
CO4453857b,WW4-T2,,,,,403R-01153,,
CO4453857b,WW-T1,,,,,403R-01153,,
CO4453857b,BF Material 1,,,,,403R-01153,,
CO4453857b,BF002-B1,,,,,403R-01153,,
CO4453857b,BF002-B2,,,,,403R-01153,,
CO4453857b,BF002-B3,,,,,403R-01153,,
CO4453857b,BF002-V1,,,,,403R-01153,,
CO4453857b,BF003-4D3 Wedding Cake,,,,,403R-01153,,
CO4453857b,LS185-V1,,,,,403R-01153,,
CO4453857b,LS186-B1,,,,,403R-01153,,
CO4453857b,LS187-B1,,,,,403R-01153,,
CO4453857b,BF003.4D3 Wedding Cake (IH),,,,,403R-01153,,
CO4453857b,LS186-V1,,,,,403R-01153,,
CO4453857b,LS187-B2,,,,,403R-01153,,
CO4453857b,LS187-D1,,,,,403R-01153,,
CO4453857b,LS187-D2,,,,,403R-01153,,
CO4453857b,RV009.1,,,,,403R-01153,,
CO4453857b,BF002-SS Strawberry Shortcake,,,,,403R-01153,,
CO4453857b,KSH005BNRV-WOG Watermelon OG,,,,,403R-01153,,
CO4453857b,LS187-B3,,,,,403R-01153,,
CO4453857b,LS187-B4,,,,,403R-01153,,
CO4453857b,LS187-B5,,,,,403R-01153,,
CO4453857b,LS187-D3,,,,,403R-01153,,
CO4453857b,LS187-D4,,,,,403R-01153,,
CO4453857b,LS187-D5,,,,,403R-01153,,
CO4453857b,LS188 RAW,,,,,403R-01153,,
CO4453857b,RV009.1 Crude,,,,,403R-01153,,
CO4453857b,RV009-B7,,,,,403R-01153,,
CO4453857b,RV009-D5,,,,,403R-01153,,
CO4453857b,RV009-R1D2CL Clementine,,,,,403R-01153,,
CO4453857b,RV009-R1D2WC Wedding Cake,,,,,403R-01153,,
CO4453857b,RV009-R2B1,,,,,403R-01153,,
CO4453857b,RV009-R2B2,,,,,403R-01153,,
CO4453857b,RV009-R2D1,,,,,403R-01153,,
CO4453857b,RV009-R2D1BM Banana Mimosa,,,,,403R-01153,,
CO4453857b,Page 2 of 3,,,,,403R-01153,,
CO4453857b,RV009-R2D1SM Strawberry Mimosa,,,,,403R-01153,,
CO4453857b,RV009-R2D2,,,,,403R-01153,,
CO4453857b,ZK005,,,,,403R-01153,,
CO4453857b,LS188-OS Orange Soda,,,,,403R-01153,,
CO4453857b,LS188-PP Purple Punch,,,,,403R-01153,,
CO4453857b,LS189-D6SP Sour Pebbles,,,,,403R-01153,,
CO4453857b,ZK005-D1BD Blueberry Donut,,,,,403R-01153,,
CO4453857b,ZK005-D1GC Gelato Cake,,,,,403R-01153,,
CO4453857b,ZK005-D1WC Wedding Cake,,,,,403R-01153,,
CO4453857b,Active Gummies 4/15/21 E042,,,,,403R-01153,,
CO4453857b,BF Material 1,,,,,403R-01153,,
CO4453857b,BF002-1TT,,,,,403R-01153,,
CO4453857b,BF002-2TT,,,,,403R-01153,,
CO4453857b,BF002-2V,,,,,403R-01153,,
CO4453857b,BF002-3V1,,,,,403R-01153,,
CO4453857b,BF002-3V2,,,,,403R-01153,,
CO4453857b,BF002-B1,,,,,403R-01153,,
CO4453857b,BF002-B2,,,,,403R-01153,,
CO4453857b,BF002-B3,,,,,403R-01153,,
CO4453857b,BF002-SS Strawberry Shortcake,,,,,403R-01153,,
CO4453857b,BF002-V1,,,,,403R-01153,,
CO4453857b,BF003.4D3 Wedding Cake (IH),,,,,403R-01153,,
CO4453857b,BF003-4D3 Wedding Cake,,,,,403R-01153,,
CO4453857b,Chill Gummies- Blue Raspberry 4/15/21,,,,,403R-01153,,
CO4453857b,E043,,,,,403R-01153,,
CO4453857b,HSH 6.3.21 - 2324,,,,,403R-01153,,
CO4453857b,Hybrid-116R,,,,,403R-01153,,
CO4453857b,KSH005BNRV-WOG Watermelon OG,,,,,403R-01153,,
CO4453857b,LS185-B1,,,,,403R-01153,,
CO4453857b,LS185-V1,,,,,403R-01153,,
CO4453857b,LS186-B1,,,,,403R-01153,,
CO4453857b,LS186-V1,,,,,403R-01153,,
CO4453857b,LS187-B1,,,,,403R-01153,,
CO4453857b,LS187-B2,,,,,403R-01153,,
CO4453857b,LS187-B3,,,,,403R-01153,,
CO4453857b,LS187-B4,,,,,403R-01153,,
CO4453857b,LS187-B5,,,,,403R-01153,,
CO4453857b,LS187-D1,,,,,403R-01153,,
CO4453857b,LS187-D2,,,,,403R-01153,,
CO4453857b,LS187-D3,,,,,403R-01153,,
CO4453857b,LS187-D4,,,,,403R-01153,,
CO4453857b,LS187-D5,,,,,403R-01153,,
CO4453857b,LS188 RAW,,,,,403R-01153,,
CO4453857b,LS188-OS Orange Soda,,,,,403R-01153,,
CO4453857b,LS188-PP Purple Punch,,,,,403R-01153,,
CO4453857b,LS189-D6SP Sour Pebbles,,,,,403R-01153,,
CO4453857b,RV007 - Distillate,,,,,403R-01153,,
CO4453857b,RV007 - Tails,,,,,403R-01153,,
CO4453857b,RV007-2,,,,,403R-01153,,
CO4453857b,RV007-3,,,,,403R-01153,,
CO4453857b,RV007-4,,,,,403R-01153,,
CO4453857b,RV007-5R3D1,,,,,403R-01153,,
CO4453857b,RV007-5R3D2,,,,,403R-01153,,
CO4453857b,RV007-5R3T2,,,,,403R-01153,,
CO4453857b,RV007-6R1D,,,,,403R-01153,,
CO4453857b,RV007-6R1T,,,,,403R-01153,,
CO4453857b,RV007-6R2D,,,,,403R-01153,,
CO4453857b,RV007-6R2T,,,,,403R-01153,,
CO4453857b,RV007-6R3D,,,,,403R-01153,,
CO4453857b,RV007-6R3T,,,,,403R-01153,,
CO4453857b,RV009.1,,,,,403R-01153,,
CO4453857b,RV009.1 Crude,,,,,403R-01153,,
CO4453857b,RV009-B7,,,,,403R-01153,,
CO4453857b,RV009-D5,,,,,403R-01153,,
CO4453857b,RV009-R1D2CL Clementine,,,,,403R-01153,,
CO4453857b,RV009-R1D2WC Wedding Cake,,,,,403R-01153,,
CO4453857b,RV009-R2B1,,,,,403R-01153,,
CO4453857b,RV009-R2B2,,,,,403R-01153,,
CO4453857b,RV009-R2D1,,,,,403R-01153,,
CO4453857b,RV009-R2D1BM Banana Mimosa,,,,,403R-01153,,
CO4453857b,RV009-R2D1SM Strawberry Mimosa,,,,,403R-01153,,
CO4453857b,RV009-R2D2,,,,,403R-01153,,
CO4453857b,Sativa-139R,,,,,403R-01153,,
CO4453857b,Unscented Cream-035R,,,,,403R-01153,,
CO4453857b,WEED-39723,,,,,403R-01153,,
CO4453857b,WW003-2 OG Citrus Haze (SH),,,,,403R-01153,,
CO4453857b,WW4-T2,,,,,403R-01153,,
CO4453857b,WW-T1,,,,,403R-01153,,
CO4453857b,ZK005,,,,,403R-01153,,
CO4453857b,ZK005-D1BD Blueberry Donut,,,,,403R-01153,,
CO4453857b,ZK005-D1GC Gelato Cake,,,,,403R-01153,,
CO4453857b,ZK005-D1WC Wedding Cake,,,,,403R-01153,,
CO4454458,no Batch listed - please pull all batches,,,404-00615,,,,
CO4454458,no Batch listed - please pull all batches,,,,404R-00338,,,
CO4454458,no Batch listed - please pull all batches,,,,404R-00355,,,
CO4459459b,IKP-PAP-1/13/21,,,,404R-00072 ,,,
CO4459459b,IKP-BSK-4/6/21,,,,404R-00072 ,,,
CO4459459b,IKP-PLV-4/6/21,,,,404R-00072 ,,,
CO4459459b,IKP-DSM-5/3/21,,,,404R-00072 ,,,
CO4459459b,IKP-(2021),,,,404R-00072 ,,,
CO4459459b,IKP-PLV-6/29/21,,,,404R-00072 ,,,
CO4459459b,LSS-MAC-7/15/21,,,,404R-00072 ,,,
CO4459459b,IKP-BSK-7/26/21,,,,404R-00072 ,,,
CO4459459b,IKP-BSK-8/4/21,,,,404R-00072 ,,,
CO4459459b,IKP-PLV-9/9/21,,,,404R-00072 ,,,
CO4459459,IKP-PLV-9/9/21,,,,404R-00072 ,,,
CO4459459,IKP-BSK-8/4/21,,,,404R-00072 ,,,
CO4462060,4546,,,,,403R-00509,402R-00108,
CO4463161,GELCAK#1F35B10/18/21.0252,,,,,403R-00252,,
CO4467162,A73 122821 BP (dry),,,,,403R-00250,,
CO4467162,A73 122821 BZ (dry),,,,,403R-00250,,
CO4467162,A73 122821 EC (dry),,,,,403R-00250,,
CO4467162,A73 122821 GEL (dry),,,,,403R-00250,,
CO4467162,A73 122821 LOG (dry),,,,,403R-00250,,
CO4467162,A73 122821 MO (DRY),,,,,403R-00250,,
CO4467162,A73 122821 MSS (dry),,,,,403R-00250,,
CO4467162,A73 122821 NS (DRY),,,,,403R-00250,,
CO4467162,A73 122821 PK4 (dry),,,,,403R-00250,,
CO4467162,A73 122821 RHS (DRY),,,,,403R-00250,,
CO4467162,A73 122821 SD (dry),,,,,403R-00250,,
CO4467162,A73 122821 VG (dry),,,,,403R-00250,,
CO4467162,B74 011222 AFG - Dry,,,,,403R-00250,,
CO4467162,B74 011222 BP - Dry,,,,,403R-00250,,
CO4467162,B74 011222 CHW,,,,,403R-00250,,
CO4467162,B74 011222 ES - Dry,,,,,403R-00250,,
CO4467162,B74 011222 JF - Dry,,,,,403R-00250,,
CO4467162,B74 011222 MB - Dry,,,,,403R-00250,,
CO4467162,B74 011222 PPM - Dry,,,,,403R-00250,,
CO4467162,B74 011222 SC - Dry,,,,,403R-00250,,
CO4467162,B74 011222 SLH - Dry,,,,,403R-00250,,
CO4467162,B74 011222 SMT - Dry,,,,,403R-00250,,
CO4467162,B74 011222 WC - Dry,,,,,403R-00250,,
CO4467162,C75 02/03/22 - AFG,,,,,403R-00250,,
CO4467162,C75 02/03/22 - BC,,,,,403R-00250,,
CO4467162,C75 02/03/22 - BP,,,,,403R-00250,,
CO4467162,C75 02/03/22 - DD,,,,,403R-00250,,
CO4467162,C75 02/03/22 - DP,,,,,403R-00250,,
CO4467162,C75 02/03/22 - ES,,,,,403R-00250,,
CO4467162,C75 02/03/22 - JF,,,,,403R-00250,,
CO4467162,C75 02/03/22 - MO,,,,,403R-00250,,
CO4467162,C75 02/03/22 - PK,,,,,403R-00250,,
CO4467162,C75 02/03/22 - SC,,,,,403R-00250,,
CO4467162,C75 02/03/22 - SLH,,,,,403R-00250,,
CO4467162,C75 02/03/22 - SMT,,,,,403R-00250,,
CO4467162,C75 02/03/22 - WC,,,,,403R-00250,,
CO4468463,"Did not specify the store that the Medical Marijuana was purchased from or list a harvest batch; therefore, any marijuana flower (buds, shake, pre-rolled marijuana) purchased from Canna Meds Wellness Center LLC should be considered to be contaminated.","402-00272, 402-01026",,,,,,
CO4469964,"Recall expanded to include all batches from Fresh
Baked, LLC. - no batches specified",,,,,403R-00250,,
CO4475665,2021-09-22-Drying/Curing-H,,,,,403R-00850,,
CO4475665,F2.5.13.21.BZ,,,,,403R-00850,,
CO4475665,F1.11.15.21.95,,,,,403R-00850,,
CO4475665,F2.5.13.21.CC,,,,,403R-00850,,
CO4475665,F1.11.15.21.ZK,,,,,403R-00850,,
CO4475665,F2.5.13.21.CD,,,,,403R-00850,,
CO4475665,F2.10.14.21.LJ,,,,,403R-00850,,
CO4475665,F2.5.13.21.GC,,,,,403R-00850,,
CO4475665,FLWR-GH3.BZ,,,,,403R-00850,,
CO4475665,F2.5.13.21.PK,,,,,403R-00850,,
CO4475665,FLWR-GH3.CC,,,,,403R-00850,,
CO4475665,F2.5.13.21.RO,,,,,403R-00850,,
CO4475665,FLWR-GH3.GC,,,,,403R-00850,,
CO4475665,F2.5.13.21.TG,,,,,403R-00850,,
CO4475665,FLWR-GH3.ZX,,,,,403R-00850,,
CO4475665,F1.6.22.21.95,,,,,403R-00850,,
CO4475665,GH1.11.10.21.95,,,,,403R-00850,,
CO4475665,F1.6.22.21.BZ,,,,,403R-00850,,
CO4475665,GH1.11.10.21.LJ,,,,,403R-00850,,
CO4475665,F1.6.22.21.MB,,,,,403R-00850,,
CO4475665,GH1.11.10.21.MB,,,,,403R-00850,,
CO4475665,GH3.7.9.21.95,,,,,403R-00850,,
CO4475665,GH2.10.27.21.SB,,,,,403R-00850,,
CO4475665,GH3.7.9.21.BZ,,,,,403R-00850,,
CO4475665,F2.1.20.21.GG4,,,,,403R-00850,,
CO4475665,GH3.7.9.21.CC,,,,,403R-00850,,
CO4475665,F2.1.20.21.MC,,,,,403R-00850,,
CO4475665,GH3.7.9.21.CD,,,,,403R-00850,,
CO4475665,GH2.1.20.21.CC,,,,,403R-00850,,
CO4475665,GH3.7.9.21.GC,,,,,403R-00850,,
CO4475665,F1.2.16.21.95O,,,,,403R-00850,,
CO4475665,GH3.7.9.21.LJ,,,,,403R-00850,,
CO4475665,F1.2.16.21.BR,,,,,403R-00850,,
CO4475665,GH3.7.9.21.MS,,,,,403R-00850,,
CO4475665,F1.2.16.21.GG4,,,,,403R-00850,,
CO4475665,GH3.7.9.21.PK,,,,,403R-00850,,
CO4475665,F1.2.16.21.RC,,,,,403R-00850,,
CO4475665,GH3.7.9.21.SB,,,,,403R-00850,,
CO4475665,F2.3.13.21.BZ,,,,,403R-00850,,
CO4475665,GH3.7.9.21.TG,,,,,403R-00850,,
CO4475665,F2.3.13.21.TG,,,,,403R-00850,,
CO4475665,F2.7.22.21.MB,,,,,403R-00850,,
CO4475665,F2.3.13.21.LJ,,,,,403R-00850,,
CO4475665,F2.7.22.21.MC,,,,,403R-00850,,
CO4475665,F2.3.13.21.SB,,,,,403R-00850,,
CO4475665,F2.7.22.21.MS,,,,,403R-00850,,
CO4475665,F1.4.19.21.95,,,,,403R-00850,,
CO4475665,F1.8.27.21.MS,,,,,403R-00850,,
CO4475665,F1.4.19.21.RC,,,,,403R-00850,,
CO4475665,2021-09-22-Drying/CuringH,,,,,403R-00850,,
CO4475665,F1.4.19.21.ZK,,,,,403R-00850,,
CO4475665,FLWR-GH3.GG,,,,,403R-00850,,
CO4475665,F2.5.13.21.95,,,,,403R-00850,,
CO4475665,FLWR-GH3.95,,,,,403R-00850,,
CO4475665,FLWR-GH3.BZ,,,,,403R-00850,,
CO4475665,FLWR-GH3.TG,,,,,403R-00850,,
CO4475665,FLWR-GH3.CC,,,,,403R-00850,,
CO4475665,FLWR-GH3.ZX,,,,,403R-00850,,
CO4475665,FLWR-GH3.MS,,,,,403R-00850,,
CO4475665,FLWR-GH3.GC,,,,,403R-00850,,
CO4475665,FLWR-GH3.SB,,,,,403R-00850,,
CO4475665,F2.10.14.21.BR,,,,,403R-00850,,
CO4475665,F2.10.14.21.LJ,,,,,403R-00850,,
CO4475665,GH1.11.10.21.MB,,,,,403R-00850,,
CO4475665,F2.10.14.21.WC,,,,,403R-00850,,
CO4475665,GH1.11.10.21.ZK,,,,,403R-00850,,
CO4475665,GH2.10.27.21.MC,,,,,403R-00850,,
CO4475665,GH1.11.10.21.PK,,,,,403R-00850,,
CO4475665,GH2.10.27.21.SB,,,,,403R-00850,,
CO4475665,GH1.11.10.21.BZ,,,,,403R-00850,,
CO4475665,GH2.10.27.21.CC,,,,,403R-00850,,
CO4475665,F1.11.15.21.ZK,,,,,403R-00850,,
CO4475665,GH2.10.27.21.RC,,,,,403R-00850,,
CO4475665,F1.11.15.21.95,,,,,403R-00850,,
CO4475665,GH1.11.10.21.95,,,,,403R-00850,,
CO4475665,LD.12.15.21.CC,,,,,403R-00850,,
CO4475665,GH1.11.10.21.LJ,,,,,403R-00850,,
CO4475665,F2.12.22.21.PT,,,,,403R-00850,,
CO4476466,Informational bulletin did not include batch information,,,,,,,"404R-00187, 404-00515"
CO4484667,KOSH#1W1A06/14/22.0573,,403-00573,,,Multiple,,
CO4486068,Ice Cream Cake 6/3/22,402-01057,403-01649,,,,,
CO4486068,UK Cheese 7/2/22,402-01057,403-01649,,,,,
CO4486068,Cookies 4/21/22,402-01057,403-01649,,,,,
CO4486068,Crazy Glue 3/18/22,402-01057,403-01649,,,,,
CO4486068,Mai Tai 7/2/22,402-01057,403-01649,,,,,
CO4486068,Cookies 7/2/22,402-01057,403-01649,,,,,
CO4486068,Warrens Wonder 08/08/22,402-01057,403-01649,,,,,
CO4486068,Ice Cream Cake 08/08/22,402-01057,403-01649,,,,,
CO4486068,Hollands Hope 08/08/22,402-01057,403-01649,,,,,
CO4486068b,Ice Cream Cake 6/3/22,402-01057,403-01649,,,,,
CO4486068b,Grape 7/2/22,402-01057,403-01649,,,,,
CO4486068b,Jlm 7/5/22,402-01057,403-01649,,,,,
CO4486068b,The White 7/2/22,402-01057,403-01649,,,,,
CO4486068b,Hollands 6/16/22,402-01057,403-01649,,,,,
CO4486068b,GMO 6/16/22,402-01057,403-01649,,,,,
CO4486068b,Bubba Gum Kush 6/16/22,402-01057,403-01649,,,,,
CO4486068b,Cookies 4/21/22,402-01057,403-01649,,,,,
CO4486068b,Crazy Glue 3/18/22,402-01057,403-01649,,,,,
CO4486068b,Mai Tai 7/2/22,402-01057,403-01649,,,,,
CO4486068b,Star Pebbles 08/08/22,402-01057,403-01649,,,,,
CO4486068b,Cookies 7/2/22,402-01057,403-01649,,,,,
CO4486068b,Grape 7/2/22,402-01057,403-01649,,,,,
CO4486068b,The White 08/08/22,402-01057,403-01649,,,,,
CO4486068b,Punch Breath 8/27/22,402-01057,403-01649,,,,,
CO4486068b,Jim OG 08/08/22,402-01057,403-01649,,,,,
CO4486068b,Mai Tai 08/08/22,402-01057,403-01649,,,,,
CO4486068b,UK Cheese 8/27/22,402-01057,403-01649,,,,,
CO4486068b,Blue Dream 08/08/22,402-01057,403-01649,,,,,
CO4486068c,Hollands Hope 7/2/22,402-01057,403-01649,,,,,
CO4486068c,Bubba 7/2/22,402-01057,403-01649,,,,,
CO4486068c,Star Pebbles 7/2/22,402-01057,403-01649,,,,,
CO4486068c,Warrens OG 7/2/22,402-01057,403-01649,,,,,
CO4486068c,Ghost Train Haze 7/2/22,402-01057,403-01649,,,,,
CO4486068c,JIm 7/2/22,402-01057,403-01649,,,,,
CO4486068c,UK Cheese 7/2/22,402-01057,403-01649,,,,,
CO4486068c,Tre Star 7/2/22,402-01057,403-01649,,,,,
CO4486068c,Mai Tai 7/2/22,402-01057,403-01649,,,,,
CO4486068c,The White 7/2/22,402-01057,403-01649,,,,,
CO4486068c,Warrens 6/16/22,402-01057,403-01649,,,,,
CO4486068c,Ice Cream Cake 6/16/22,402-01057,403-01649,,,,,
CO4486068c,Hollands 6/16/22,402-01057,403-01649,,,,,
CO4486068c,UK Cheese 6/16/22,402-01057,403-01649,,,,,
CO4486068c,Star Pebbles 6/16/2,402-01057,403-01649,,,,,
CO4486068c,GMO 6/16/22,402-01057,403-01649,,,,,
CO4486068c,2022-06-16-Harvest/Cure-H,402-01057,403-01649,,,,,
CO4486068c,Bubba Gum Kush 6/16/22,402-01057,403-01649,,,,,
CO4486068c,Cookie 6/16/22,402-01057,403-01649,,,,,
CO4486068c,Snow Monster 6/3/22,402-01057,403-01649,,,,,
CO4486068c,Star Pebbles 6/3/22,402-01057,403-01649,,,,,
CO4486068c,Tre Star 6/3/22,402-01057,403-01649,,,,,
CO4486068c,Mai Tai 6/3/22,402-01057,403-01649,,,,,
CO4486068c,GMO 6/3/22,402-01057,403-01649,,,,,
CO4486068c,Blue Dream 6/3/22,402-01057,403-01649,,,,,
CO4486068c,Punch Breath 6/3/22,402-01057,403-01649,,,,,
CO4486068c,Grape Pie 6/3/22,402-01057,403-01649,,,,,
CO4486068c,Tre Star 4/21/22,402-01057,403-01649,,,,,
CO4486068c,Ghost Train Haze 4/21/22,402-01057,403-01649,,,,,
CO4486068c,Ice Cream Cake 4/21/22,402-01057,403-01649,,,,,
CO4486068c,Killer Queen 4/21/22,402-01057,403-01649,,,,,
CO4486068c,Cookies 4/21/22,402-01057,403-01649,,,,,
CO4486068c,BGK 4/21/22,402-01057,403-01649,,,,,
CO4486068c,Snow Monster 4/21/22,402-01057,403-01649,,,,,
CO4486068c,Warrens Wonder 4/21/22,402-01057,403-01649,,,,,
CO4486068c,Star Pebbles 4/7/22,402-01057,403-01649,,,,,
CO4486068c,Kush Mintz 4/7/22,402-01057,403-01649,,,,,
CO4486068c,Jim OG 4/7/22,402-01057,403-01649,,,,,
CO4486068c,Grape Pie 4/7/22,402-01057,403-01649,,,,,
CO4486068c,Tre Star 3/18/22,402-01057,403-01649,,,,,
CO4486068c,ICC 3/18/22,402-01057,403-01649,,,,,
CO4486068c,Crazy Glue 3/18/22,402-01057,403-01649,,,,,
CO4486068c,Star Pebbles 3/18/22,402-01057,403-01649,,,,,
CO4486068c,Jim 3/18/22,402-01057,403-01649,,,,,
CO4486068c,GTH 3/18/22,402-01057,403-01649,,,,,
CO4486068c,Blue Dream 3/18/22,402-01057,403-01649,,,,,
CO4486068c,Punch Breath 3/18/22,402-01057,403-01649,,,,,
CO4486068c,Cookies 3/18/22,402-01057,403-01649,,,,,
CO4486068c,Warrens Wonder OG 3/18/22,402-01057,403-01649,,,,,
CO4486068c,Gorilla Breath 3/18/22,402-01057,403-01649,,,,,
CO4486068c,GMO 3/18/22,402-01057,403-01649,,,,,
CO4486068c,Blue Dream 2-28-22,402-01057,403-01649,,,,,
CO4486068c,Star Pebbles 2.28.22,402-01057,403-01649,,,,,
CO4486068c,Jim OG 2.28.22,402-01057,403-01649,,,,,
CO4486068c,GTH 2-17-22,402-01057,403-01649,,,,,
CO4486068c,Mac n cheese 2-17-22,402-01057,403-01649,,,,,
CO4486068c,Warrens 1-26-22,402-01057,403-01649,,,,,
CO4486068c,Mai Tai 1-26-22,402-01057,403-01649,,,,,
CO4486068c,The White 1-26-22,402-01057,403-01649,,,,,
CO4486068c,Cookies & cream 1-26-22,402-01057,403-01649,,,,,
CO4486068c,Tre Star 1-26-22,402-01057,403-01649,,,,,
CO4486068c,Star Pebble 1-26-22,402-01057,403-01649,,,,,
CO4486068c,Ice Cream Cake 1/12/22,402-01057,403-01649,,,,,
CO4486068c,Hollands 1/12/22,402-01057,403-01649,,,,,
CO4486068c,GMO 1/12/22,402-01057,403-01649,,,,,
CO4486068c,Glueball 1/12/22,402-01057,403-01649,,,,,
CO4486068c,Cookies 1/12/22,402-01057,403-01649,,,,,
CO4486068c,Ghost Train Haze 1/12/22,402-01057,403-01649,,,,,
CO4486068c,Kush Mintz 1/12/22,402-01057,403-01649,,,,,
CO4486068c,Bubba Gum Kush 1/12/22,402-01057,403-01649,,,,,
CO4486068c,Star P 1/12/22,402-01057,403-01649,,,,,
CO4486068c,Gorilla Breath 1/12/22,402-01057,403-01649,,,,,
CO4486068c,Tre Star 12/31/21,402-01057,403-01649,,,,,
CO4486068c,Strawberry Cream 12/31/21,402-01057,403-01649,,,,,
CO4486068c,Space Ghost 12/31/21,402-01057,403-01649,,,,,
CO4486068c,Lime Og 12/31/21,402-01057,403-01649,,,,,
CO4486068c,Lilac Diesel 12/31/21,402-01057,403-01649,,,,,
CO4486068c,Honeydew 12/31/21,402-01057,403-01649,,,,,
CO4486068c,Cheesy Rider 12/31/21,402-01057,403-01649,,,,,
CO4486068c,Gorilla Glue #4 12/31/21,402-01057,403-01649,,,,,
CO4486068c,BEK 12/31/21,402-01057,403-01649,,,,,
CO4486068c,The White 12/8/21,402-01057,403-01649,,,,,
CO4486068c,Mai Tai 12/8/21,402-01057,403-01649,,,,,
CO4486068c,BGK 12/8/21,402-01057,403-01649,,,,,
CO4486068c,BBHB 12/8/21,402-01057,403-01649,,,,,
CO4486068c,Warrens Wonder Og 12/8/21,402-01057,403-01649,,,,,
CO4486068c,Tre Star 12/8/21,402-01057,403-01649,,,,,
CO4486068c,Snow Monster 12/8/21,402-01057,403-01649,,,,,
CO4486068c,Mac & Cheese 12/8/21,402-01057,403-01649,,,,,
CO4486068c,Killer Queen 12/8/21,402-01057,403-01649,,,,,
CO4486068c,Ice Cream Cake 12/8/21,402-01057,403-01649,,,,,
CO4486068c,Gorilla Glue 12/8/21,402-01057,403-01649,,,,,
CO4486068c,Lime og 12/8/21,402-01057,403-01649,,,,,
CO4486068c,Crazy Glue 12/8/21,402-01057,403-01649,,,,,
CO4486068c,Cookies 12/8/21,402-01057,403-01649,,,,,
CO4486068c,Black eyed katie 12/8/21,402-01057,403-01649,,,,,
CO4486068c,Gorilla Breath 12/8/21,402-01057,403-01649,,,,,
CO4486068c,Gmo 12/8/21,402-01057,403-01649,,,,,
CO4486068c,Jim og 12/8/21,402-01057,403-01649,,,,,
CO4486068c,Honeydew 12/8/21,402-01057,403-01649,,,,,
CO4486068c,Grape pie 12/8/21,402-01057,403-01649,,,,,
CO4486068c,Glueball 12/8/21,402-01057,403-01649,,,,,
CO4486068c,Uk Cheese 12/8/21,402-01057,403-01649,,,,,
CO4486068c,Tropsanto 12/8/21,402-01057,403-01649,,,,,
CO4486068c,Star Pebbles 12/8/21,402-01057,403-01649,,,,,
CO4486068c,Space Ghost 12/8/21,402-01057,403-01649,,,,,
CO4486068c,Lilac Diesel 12/8/21,402-01057,403-01649,,,,,
CO4486068c,Kush Mintz 12/8/21,402-01057,403-01649,,,,,
CO4486068c,Tre Star 11/24/21,402-01057,403-01649,,,,,
CO4486068c,SNC 11/24/21,402-01057,403-01649,,,,,
CO4486068c,Warrens Wonder OG 11/24/21,402-01057,403-01649,,,,,
CO4486068c,The White 11/24/21,402-01057,403-01649,,,,,
CO4486068c,Crazy Glue 11/24/21,402-01057,403-01649,,,,,
CO4486068c,Mai Tai 11/24/21,402-01057,403-01649,,,,,
CO4486068c,Grape Pie 11/24/21,402-01057,403-01649,,,,,
CO4486068c,BGK 11/24/21,402-01057,403-01649,,,,,
CO4486068c,Glueball 11/24/21,402-01057,403-01649,,,,,
CO4486068c,Kush Mintz 11/10/21,402-01057,403-01649,,,,,
CO4486068c,Warrens 11/10/21,402-01057,403-01649,,,,,
CO4486068c,Uk Cheese 11/10/21,402-01057,403-01649,,,,,
CO4486068c,Tropsantos 11/10/21,402-01057,403-01649,,,,,
CO4486068c,Star Pebbles 11/10/21,402-01057,403-01649,,,,,
CO4486068c,Tre Star 11/10/21,402-01057,403-01649,,,,,
CO4486068c,SNC 11/10/21,402-01057,403-01649,,,,,
CO4486068c,Snow Monster 11/10/21,402-01057,403-01649,,,,,
CO4486068c,Lime OG 11/10/21,402-01057,403-01649,,,,,
CO4486068c,Lilac Diesel 11/10/21,402-01057,403-01649,,,,,
CO4486068c,Jim OG 11/10/21,402-01057,403-01649,,,,,
CO4486068c,Hollands Hope 11/10/21,402-01057,403-01649,,,,,
CO4486068c,Gorilla Glue 11/10/21,402-01057,403-01649,,,,,
CO4486068c,Ghost Train Haze 11/10/21,402-01057,403-01649,,,,,
CO4486068c,Ice cream Cake 11/10/21,402-01057,403-01649,,,,,
CO4486068c,Gorilla Breath 11/10/21,402-01057,403-01649,,,,,
CO4486068c,Cookie 11/10/21,402-01057,403-01649,,,,,
CO4486068c,BBHB 11/10/21,402-01057,403-01649,,,,,
CO4486068c,BGK 11/10/21,402-01057,403-01649,,,,,
CO4486068c,Black eyed Katie 11/10/21,402-01057,403-01649,,,,,
CO4486068c,The White 11/10/21,402-01057,403-01649,,,,,
CO4486068c,Spicy disco 11/10/21,402-01057,403-01649,,,,,
CO4486068c,Killer Queen 11/10/21,402-01057,403-01649,,,,,
CO4486068c,GMO 11/10/21,402-01057,403-01649,,,,,
CO4486068c,Crazy Glue 11/10/21,402-01057,403-01649,,,,,
CO4486068c,Tropsantos 10/27/21,402-01057,403-01649,,,,,
CO4486068c,Ice Cream cake 10/27/21,402-01057,403-01649,,,,,
CO4486068c,Gorilla Breath 10/27/21,402-01057,403-01649,,,,,
CO4486068c,Glueball 10/27/21,402-01057,403-01649,,,,,
CO4486068c,Kush Mintz 10/27/21,402-01057,403-01649,,,,,
CO4486068c,Lilac Diesel 10/27/21,402-01057,403-01649,,,,,
CO4486068c,Gorilla Glue 10/27/21,402-01057,403-01649,,,,,
CO4486068c,Cheesy Rider 10/27/21,402-01057,403-01649,,,,,
CO4486068c,Tre Star 9/16/21,402-01057,403-01649,,,,,
CO4486068c,Hollands Hope 9/16/21,402-01057,403-01649,,,,,
CO4486068c,Gorilla Glue 9/16/21,402-01057,403-01649,,,,,
CO4486068c,Uk Cheese 9/16/21,402-01057,403-01649,,,,,
CO4486068c,warrens 9/16/21,402-01057,403-01649,,,,,
CO4486068c,GMO 9/16/21,402-01057,403-01649,,,,,
CO4488869,Silver Mountain 9.14.22,,,,,403R-00287,,
CO4488869b,Afghan Peach 2.9.22,,,,,403R-00287,,
CO4488869b,Afghan Peach 2.16.22,,,,,403R-00287,,
CO4488869b,Afghan Peach 2.23.22,,,,,403R-00287,,
CO4488869b,Afghan Peach 6.1.2022,,,,,403R-00287,,
CO4488869b,Afghan Peach 6.8.2022,,,,,403R-00287,,
CO4488869b,Afghan Peach 7.27.22,,,,,403R-00287,,
CO4488869b,Afghan Peach 9.14.22,,,,,403R-00287,,
CO4488869b,Afghan Peach 11.3.21,,,,,403R-00287,,
CO4488869b,Afghan Peach 11.10.21,,,,,403R-00287,,
CO4488869b,Afghan Peach 11.24.21,,,,,403R-00287,,
CO4488869b,Artificial Red 6.8.2022,,,,,403R-00287,,
CO4488869b,Artificial Red 6.15.2022,,,,,403R-00287,,
CO4488869b,Artificial Red 9.14.22,,,,,403R-00287,,
CO4488869b,Black Garlic 3.23.22,,,,,403R-00287,,
CO4488869b,Black Garlic 4.13.2022,,,,,403R-00287,,
CO4488869b,Black Garlic 4.20.2022,,,,,403R-00287,,
CO4488869b,Black Garlic 6.1.2022,,,,,403R-00287,,
CO4488869b,Black Garlic 7.27.22,,,,,403R-00287,,
CO4488869b,Black Garlic 8.3.22,,,,,403R-00287,,
CO4488869b,Black Garlic 8.10.22,,,,,403R-00287,,
CO4488869b,Black Garlic 8.17.22,,,,,403R-00287,,
CO4488869b,Black Garlic 8.31.22,,,,,403R-00287,,
CO4488869b,Black Garlic 10.27.21,,,,,403R-00287,,
CO4488869b,Blue Dream 12.8.21,,,,,403R-00287,,
CO4488869b,Bruce Banner 11.10.21,,,,,403R-00287,,
CO4488869b,Daywrecker OG 3.30.22,,,,,403R-00287,,
CO4488869b,Daywrecker OG 4.20.2022,,,,,403R-00287,,
CO4488869b,Daywrecker OG 4.27.2022,,,,,403R-00287,,
CO4488869b,Daywrecker OG 5.4.2022,,,,,403R-00287,,
CO4488869b,Daywrecker OG 5.11.2022,,,,,403R-00287,,
CO4488869b,Daywrecker OG 5.18.2022,,,,,403R-00287,,
CO4488869b,Daywrecker OG 6.29.22,,,,,403R-00287,,
CO4488869b,Daywrecker OG 6.8.2022,,,,,403R-00287,,
CO4488869b,Daywrecker OG 7.6.22,,,,,403R-00287,,
CO4488869b,Daywrecker OG 8.10.22,,,,,403R-00287,,
CO4488869b,Daywrecker OG 8.31.22,,,,,403R-00287,,
CO4488869b,Daywrecker OG 11.24.21,,,,,403R-00287,,
CO4488869b,Daywrecker OG 12.22.21,,,,,403R-00287,,
CO4488869b,Extreme Cream 3.30.22,,,,,403R-00287,,
CO4488869b,Extreme Cream 4.13.2022,,,,,403R-00287,,
CO4488869b,Extreme Cream 4.20.2022,,,,,403R-00287,,
CO4488869b,Extreme Cream 5.4.2022,,,,,403R-00287,,
CO4488869b,Extreme Cream 6.15.2022,,,,,403R-00287,,
CO4488869b,Extreme Cream 6.22.2022,,,,,403R-00287,,
CO4488869b,Extreme Cream 6.29.22,,,,,403R-00287,,
CO4488869b,Extreme Cream 7.6.22,,,,,403R-00287,,
CO4488869b,Extreme Cream 7.13.22,,,,,403R-00287,,
CO4488869b,Extreme Cream 7.20.22,,,,,403R-00287,,
CO4488869b,Extreme Cream 7.27.22,,,,,403R-00287,,
CO4488869b,Extreme Cream 8.3.22,,,,,403R-00287,,
CO4488869b,Extreme Cream 8.10.22,,,,,403R-00287,,
CO4488869b,Extreme Cream 8.17.22,,,,,403R-00287,,
CO4488869b,Extreme Cream 8.31.22,,,,,403R-00287,,
CO4488869b,Extreme Cream 12.22.21,,,,,403R-00287,,
CO4488869b,Falcon Berry 11.10.21,,,,,403R-00287,,
CO4488869b,Falcon Berry 11.24.21,,,,,403R-00287,,
CO4488869b,Falcon Berry 12.1.21,,,,,403R-00287,,
CO4488869b,Fritter Glitter 8.17.22,,,,,403R-00287,,
CO4488869b,Gary Poppins 8.17.22,,,,,403R-00287,,
CO4488869b,Golden Goat 11.24.21,,,,,403R-00287,,
CO4488869b,Gorilla Glue 2.9.22,,,,,403R-00287,,
CO4488869b,Gorilla Glue 2.16.22,,,,,403R-00287,,
CO4488869b,Gorilla Glue 10.27.21,,,,,403R-00287,,
CO4488869b,Gorilla Glue 11.24.21,,,,,403R-00287,,
CO4488869b,Grease Monkey 2.9.22,,,,,403R-00287,,
CO4488869b,Grease Monkey 2.16.22,,,,,403R-00287,,
CO4488869b,Grease Monkey 2.23.22,,,,,403R-00287,,
CO4488869b,Grease Monkey 3.2.22,,,,,403R-00287,,
CO4488869b,Grease Monkey 3.9.22,,,,,403R-00287,,
CO4488869b,Grease Monkey 4.6.2022,,,,,403R-00287,,
CO4488869b,Grease Monkey 4.13.2022,,,,,403R-00287,,
CO4488869b,Grease Monkey 4.27.2022,,,,,403R-00287,,
CO4488869b,Grease Monkey 5.11.2022,,,,,403R-00287,,
CO4488869b,Grease Monkey 5.18.2022,,,,,403R-00287,,
CO4488869b,Grease Monkey 6.8.2022,,,,,403R-00287,,
CO4488869b,Grease Monkey 8.24.22,,,,,403R-00287,,
CO4488869b,Grease Monkey 8.31.22,,,,,403R-00287,,
CO4488869b,Grease Monkey 10.13.21,,,,,403R-00287,,
CO4488869b,Grease Monkey 10.27.21,,,,,403R-00287,,
CO4488869b,Gummies 8.3.22,,,,,403R-00287,,
CO4488869b,Gummies 8.10.22,,,,,403R-00287,,
CO4488869b,Harlesin 2.9.22,,,,,403R-00287,,
CO4488869b,Harlesin 6.1.2022,,,,,403R-00287,,
CO4488869b,Harlesin 10.20.21,,,,,403R-00287,,
CO4488869b,Harlesin 10.27.21,,,,,403R-00287,,
CO4488869b,Harlesin 11.17.21,,,,,403R-00287,,
CO4488869b,Harlesin 11.24.21,,,,,403R-00287,,
CO4488869b,Harlesin 12.1.21,,,,,403R-00287,,
CO4488869b,Hype Train 5.4.2022,,,,,403R-00287,,
CO4488869b,Hype Train 5.11.2022,,,,,403R-00287,,
CO4488869b,Hype Train 5.18.2022,,,,,403R-00287,,
CO4488869b,Hype Train 5.25.2022,,,,,403R-00287,,
CO4488869b,Hype Train 6.8.2022,,,,,403R-00287,,
CO4488869b,Hype Train 8.17.22,,,,,403R-00287,,
CO4488869b,Hype Train 8.24.22,,,,,403R-00287,,
CO4488869b,Hype Train 8.31.22,,,,,403R-00287,,
CO4488869b,Jack Frost 11.17.21,,,,,403R-00287,,
CO4488869b,Jack Frost 11.24.21,,,,,403R-00287,,
CO4488869b,Jack Frost 12.8.21,,,,,403R-00287,,
CO4488869b,Lemon Chem 11.10.21,,,,,403R-00287,,
CO4488869b,Lemon Chem 12.15.21,,,,,403R-00287,,
CO4488869b,Lemon OG 8.3.22,,,,,403R-00287,,
CO4488869b,Lemon OG 8.10.22,,,,,403R-00287,,
CO4488869b,Maroon Baboon 2.2.22,,,,,403R-00287,,
CO4488869b,Maroon Baboon 2.16.22,,,,,403R-00287,,
CO4488869b,Maroon Baboon 3.2.22,,,,,403R-00287,,
CO4488869b,Maroon Baboon 3.9.22,,,,,403R-00287,,
CO4488869b,Maroon Baboon 3.16.2022,,,,,403R-00287,,
CO4488869b,Maroon Baboon 3.30.22,,,,,403R-00287,,
CO4488869b,Maroon Baboon 4.13.2022,,,,,403R-00287,,
CO4488869b,Maroon Baboon 4.20.2022,,,,,403R-00287,,
CO4488869b,Maroon Baboon 5.4.2022,,,,,403R-00287,,
CO4488869b,Maroon Baboon 5.11.2022,,,,,403R-00287,,
CO4488869b,Maroon Baboon 6.1.2022,,,,,403R-00287,,
CO4488869b,Maroon Baboon 6.8.2022,,,,,403R-00287,,
CO4488869b,Maroon Baboon 7.27.22,,,,,403R-00287,,
CO4488869b,Maroon Baboon 8.3.22,,,,,403R-00287,,
CO4488869b,Maroon Baboon 9.7.22,,,,,403R-00287,,
CO4488869b,Maroon Baboon 12.1.21,,,,,403R-00287,,
CO4488869b,Maroon Baboon 12.8.21,,,,,403R-00287,,
CO4488869b,Miami Heat 10.27.21,,,,,403R-00287,,
CO4488869b,Military Chocolate 8.3.22,,,,,403R-00287,,
CO4488869b,Military Chocolate 8.10.22,,,,,403R-00287,,
CO4488869b,Military Chocolate 8.17.22,,,,,403R-00287,,
CO4488869b,Military Chocolate 8.24.22,,,,,403R-00287,,
CO4488869b,Nitro Cookies 2.9.22,,,,,403R-00287,,
CO4488869b,Nitro Cookies 2.23.22,,,,,403R-00287,,
CO4488869b,Nitro Cookies 3.9.22,,,,,403R-00287,,
CO4488869b,Nitro Cookies 6.1.2022,,,,,403R-00287,,
CO4488869b,Nitro Cookies 6.8.2022,,,,,403R-00287,,
CO4488869b,Nitro Cookies 6.15.2022,,,,,403R-00287,,
CO4488869b,Nitro Cookies 6.22.2022,,,,,403R-00287,,
CO4488869b,Nitro Cookies 6.29.22,,,,,403R-00287,,
CO4488869b,Nitro Cookies 7.13.22,,,,,403R-00287,,
CO4488869b,Nitro Cookies 7.20.22,,,,,403R-00287,,
CO4488869b,Nitro Cookies 7.27.22,,,,,403R-00287,,
CO4488869b,Nitro Cookies 8.3.22,,,,,403R-00287,,
CO4488869b,Nitro Cookies 9.7.22,,,,,403R-00287,,
CO4488869b,Nitro Cookies 9.14.22,,,,,403R-00287,,
CO4488869b,Nitro Cookies 10.27.21,,,,,403R-00287,,
CO4488869b,Poontang Pie 3.9.22,,,,,403R-00287,,
CO4488869b,Poontang Pie 3.16.2022,,,,,403R-00287,,
CO4488869b,Poontang Pie 3.23.22,,,,,403R-00287,,
CO4488869b,Poontang Pie 4.6.2022,,,,,403R-00287,,
CO4488869b,Poontang Pie 7.6.22,,,,,403R-00287,,
CO4488869b,Poontang Pie 9.7.22,,,,,403R-00287,,
CO4488869b,Poontang Pie 11.17.21,,,,,403R-00287,,
CO4488869b,Poontang Pie 12.8.21,,,,,403R-00287,,
CO4488869b,Purple Fire 8.3.22,,,,,403R-00287,,
CO4488869b,Purple Fire 8.10.22,,,,,403R-00287,,
CO4488869b,Rawtton 2.9.22,,,,,403R-00287,,
CO4488869b,Rawtton 2.16.22,,,,,403R-00287,,
CO4488869b,Rawtton 2.23.22,,,,,403R-00287,,
CO4488869b,Rawtton 3.2.22,,,,,403R-00287,,
CO4488869b,Rawtton 3.16.2022,,,,,403R-00287,,
CO4488869b,Rawtton 4.6.2022,,,,,403R-00287,,
CO4488869b,Rawtton 5.25.2022,,,,,403R-00287,,
CO4488869b,Rawtton 6.1.2022,,,,,403R-00287,,
CO4488869b,Rawtton 6.8.2022,,,,,403R-00287,,
CO4488869b,Rawtton 10.20.21,,,,,403R-00287,,
CO4488869b,Rawtton 11.3.21,,,,,403R-00287,,
CO4488869b,Silver Mountain 2.2.22,,,,,403R-00287,,
CO4488869b,Silver Mountain 2.23.22,,,,,403R-00287,,
CO4488869b,Silver Mountain 3.2.22,,,,,403R-00287,,
CO4488869b,Silver Mountain 3.9.22,,,,,403R-00287,,
CO4488869b,Silver Mountain 3.16.2022,,,,,403R-00287,,
CO4488869b,Silver Mountain 3.23.22,,,,,403R-00287,,
CO4488869b,Silver Mountain 4.6.2022,,,,,403R-00287,,
CO4488869b,Silver Mountain 4.13.2022,,,,,403R-00287,,
CO4488869b,Silver Mountain 4.20.2022,,,,,403R-00287,,
CO4488869b,Silver Mountain 6.8.2022,,,,,403R-00287,,
CO4488869b,Silver Mountain 6.22.2022,,,,,403R-00287,,
CO4488869b,Silver Mountain 7.13.22,,,,,403R-00287,,
CO4488869b,Silver Mountain 8.3.22,,,,,403R-00287,,
CO4488869b,Silver Mountain 8.10.22,,,,,403R-00287,,
CO4488869b,Silver Mountain 8.17.22,,,,,403R-00287,,
CO4488869b,Silver Mountain 11.10.21,,,,,403R-00287,,
CO4488869b,Silver Mountain 11.24.21,,,,,403R-00287,,
CO4488869b,Silver Mountain 12.1.21,,,,,403R-00287,,
CO4488869b,Silver Mountain 12.8.21,,,,,403R-00287,,
CO4488869b,Spritzeer 5.11.2022,,,,,403R-00287,,
CO4488869b,Spritzer 4.13.2022,,,,,403R-00287,,
CO4488869b,Spritzer 4.20.2022,,,,,403R-00287,,
CO4488869b,Spritzer 4.27.2022,,,,,403R-00287,,
CO4488869b,Spritzer 5.4.2022,,,,,403R-00287,,
CO4488869b,Spritzer 5.18.2022,,,,,403R-00287,,
CO4488869b,Spritzer 6.1.2022,,,,,403R-00287,,
CO4488869b,Spritzer 6.8.2022,,,,,403R-00287,,
CO4488869b,Spritzer 6.15.2022,,,,,403R-00287,,
CO4488869b,Spritzer 7.13.22,,,,,403R-00287,,
CO4488869b,Spritzer 7.20.22,,,,,403R-00287,,
CO4488869b,Spritzer 8.3.22,,,,,403R-00287,,
CO4488869b,Spritzer 8.31.22,,,,,403R-00287,,
CO4488869b,Spritzer 9.7.22,,,,,403R-00287,,
CO4488869b,Spritzer 10.27.21,,,,,403R-00287,,
CO4488869b,Spritzer 12.1.21,,,,,403R-00287,,
CO4488869b,Tally Man 3.30.22,,,,,403R-00287,,
CO4488869b,Tally Man 7.6.22,,,,,403R-00287,,
CO4488869b,Tally Man 7.13.22,,,,,403R-00287,,
CO4488869b,Tally Man 7.27.22,,,,,403R-00287,,
CO4488869b,Tally Man 8.31.22,,,,,403R-00287,,
CO4488869b,Tally Man 9.7.22,,,,,403R-00287,,
CO4488869b,Tally Man 12.1.21,,,,,403R-00287,,
CO4488869b,Tally Man 12.8.21,,,,,403R-00287,,
CO4488869b,Tally Mon 7.20.22,,,,,403R-00287,,
CO4488869b,Tangie Power 2.9.22,,,,,403R-00287,,
CO4488869b,Tangie Power 2.16.22,,,,,403R-00287,,
CO4488869b,Tangie Power 3.2.22,,,,,403R-00287,,
CO4488869b,Tangie Power 3.9.22,,,,,403R-00287,,
CO4488869b,Tangie Power 5.4.2022,,,,,403R-00287,,
CO4488869b,Tangie Power 5.11.2022,,,,,403R-00287,,
CO4488869b,Tangie Power 5.25.2022,,,,,403R-00287,,
CO4488869b,Tangie Power 6.8.2022,,,,,403R-00287,,
CO4488869b,Tangie Power 6.15.2022,,,,,403R-00287,,
CO4488869b,Tangie Power 6.22.2022,,,,,403R-00287,,
CO4488869b,Tangie Power 7.6.22,,,,,403R-00287,,
CO4488869b,Tangie Power 7.27.22,,,,,403R-00287,,
CO4488869b,Tangie Power 8.3.22,,,,,403R-00287,,
CO4488869b,Tangie Power 8.10.22,,,,,403R-00287,,
CO4488869b,Tangie Power 9.14.22,,,,,403R-00287,,
CO4488869b,Tangie Power 12.1.21,,,,,403R-00287,,
CO4488869b,Tangie Power 12.8.21,,,,,403R-00287,,
CO4488869b,Tangie Power 12.15.21,,,,,403R-00287,,
CO4488869b,Tangie Power 12.22.21,,,,,403R-00287,,
CO4488869b,Tarts 3.23.22,,,,,403R-00287,,
CO4488869b,Tarts 4.6.2022,,,,,403R-00287,,
CO4488869b,Tarts 6.15.2022,,,,,403R-00287,,
CO4488869b,Tarts 6.22.2022,,,,,403R-00287,,
CO4488869b,Tarts 6.29.22,,,,,403R-00287,,
CO4488869b,Tarts 7.6.22,,,,,403R-00287,,
CO4488869b,Tarts 7.13.22,,,,,403R-00287,,
CO4488869b,Tarts 7.20.22,,,,,403R-00287,,
CO4488869b,Tarts 7.27.22,,,,,403R-00287,,
CO4488869b,Tarts 8.3.22,,,,,403R-00287,,
CO4488869b,Tarts 8.10.22,,,,,403R-00287,,
CO4488869b,Tarts 8.31.22,,,,,403R-00287,,
CO4488869b,Tarts 11.10.21,,,,,403R-00287,,
CO4488869b,Tarts 11.17.21,,,,,403R-00287,,
CO4488869b,Tarts 12.8.21,,,,,403R-00287,,
CO4488869b,Tarts 12.15.21,,,,,403R-00287,,
CO4488869b,Treasure Island 6.15.2022,,,,,403R-00287,,
CO4488869b,Treasure Island 7.6.22,,,,,403R-00287,,
CO4488869b,Treasure Island 10.20.21,,,,,403R-00287,,
CO4488869b,Treasure Island 12.15.21,,,,,403R-00287,,
CO4488869b,Treasure Island 12.22.21,,,,,403R-00287,,
CO4488869b,White Fire Alien 2.9.22,,,,,403R-00287,,
CO4488869b,White Fire Alien 2.16.22,,,,,403R-00287,,
CO4488869b,White Fire Alien 5.18.2022,,,,,403R-00287,,
CO4488869b,White Fire Alien 5.25.2022,,,,,403R-00287,,
CO4488869b,White Fire Alien 6.8.2022,,,,,403R-00287,,
CO4488869b,White Fire Alien 9.7.22,,,,,403R-00287,,
CO4488869b,White Fire Alien 10.27.21,,,,,403R-00287,,
CO4488869b,White Fire Alien 11.17.21,,,,,403R-00287,,
CO4488869b,White Fire Alien 11.24.21,,,,,403R-00287,,
CO4488869b,White Fire Alien 12.1.21,,,,,403R-00287,,
CO4488869b,White Fire Alien 12.8.21,,,,,403R-00287,,
CO4491070,DurbanKush220816,,,,,403R-01197,Multiple,
CO4491070,SuperBoof220907,,,,,403R-01197,Multiple,
CO4493171,20220927-RAINBOW BELTS-H,,,,,403R-00132,Multiple,
CO4493172,MAC10.27.22Rita,,403-00840,,,,,
CO4493172b,Monkey Spunk4.21.22Rita,,403-00840,,,,,
CO4493172b,Cotton C Romulan8.11.22Ziggy,,403-00840,,,,,
CO4493172b,Tropsanto #512.29.21Bob,,403-00840,,,,,
CO4493172b,Colin OG4.7.22Ziggy,,403-00840,,,,,
CO4493172b,Mandarin Sunset10.13.22Ziggy,,403-00840,,,,,
CO4493172b,Golden Goat10.13.22Ziggy,,403-00840,,,,,
CO4493172b,Citral Skunk11.10.22Bob,,403-00840,,,,,
CO4493172b,Lilac Diesel10.13.22Ziggy,,403-00840,,,,,
CO4493172b,Super Boof8.25.22Rita,,403-00840,,,,,
CO4493172b,Tropsanto #512.29.21Bob,,403-00840,,,,,
CO4493172b,OG Bubba Kush9.22.22Damian,,403-00840,,,,,
CO4493172b,Member OG5.5.22Bob,,403-00840,,,,,
CO4493172b,Member OG10.13.22Ziggy,,403-00840,,,,,
CO4493172b,Tropicana Banana4.21.22Rita,,403-00840,,,,,
CO4493172b,Super Boof8.25.22Rita,,403-00840,,,,,
CO4493172b,Monkey Spunk9.8.22Bob,,403-00840,,,,,
CO4493172b,Mandarin Cookies 4.21.22Rita,,403-00840,,,,,
CO4493172b,Crescendo4.7.22Ziggy,,403-00840,,,,,
CO4493172b,Rotten Rozay8.11.22Ziggy,,403-00840,,,,,
CO4493172b,MAC10.13.22Ziggy,,403-00840,,,,,
CO4493172b,Member OG5.5.22Bob,,403-00840,,,,,
CO4493172b,Gelato Cake10.13.22Ziggy,,403-00840,,,,,
CO4493172b,Citral Skunk11.10.22Bob,,403-00840,,,,,
CO4493172b,Rotten Rozay10.13.22Ziggy,,403-00840,,,,,
CO4493172b,Citral Skunk9.8.22Bob,,403-00840,,,,,
CO4493172b,Mandarin Cookies9.8.22Bob,,403-00840,,,,,
CO4493172b,OG Bubba Kush9.22.22Damian,,403-00840,,,,,
CO4493172b,Colin OG7.21.22Damian,,403-00840,,,,,
CO4493172b,Monkey Spunk10.13.22Ziggy,,403-00840,,,,,
CO4493172b,Mandarin Sunset10.13.22Ziggy,,403-00840,,,,,
CO4493172b,Crunchberry10.13.22Ziggy,,403-00840,,,,,
CO4493172b,Citral Skunk4.21.22Rita,,403-00840,,,,,
CO4493172b,Lilac Diesel9.22.22Damian,,403-00840,,,,,
CO4493172b,Gelato Cake10.13.22Ziggy,,403-00840,,,,,
CO4493172b,Mandarin Cookies9.22.22Damian,,403-00840,,,,,
CO4493172b,Tropicana Banana8.11.22Zigg,,403-00840,,,,,
CO4493172,Crunchberry10.13.22Ziggy,,403-00840,,,,,
CO4493172,Golden Goat10.20.22Q1,,403-00840,,,,,
CO4493172,Rotten Rozay10.20.22Q1,,403-00840,,,,,
CO4493172,Crescendo10.20.22Q1,,403-00840,,,,,
CO4493172b,Crescendo12.9.21Q1,,403-00840,,,,,
CO4493172b,Tangerine Kush12.9.21Q1,,403-00840,,,,,
CO4493172b,Crunchberry12.29.21Bob,,403-00840,,,,,
CO4493172b,GG#410.7.21Q1,,403-00840,,,,,
CO4493172b,BlueDream10.7.21Q1,,403-00840,,,,,
CO4493172b,Tropicana Banana9.15.22Q3,,403-00840,,,,,
CO4493172b,Crunchberry12.9.21Q1,,403-00840,,,,,
CO4493172b,Sweet Purple4.14.22Q1,,403-00840,,,,,
CO4493172b,CottonCRomulan12.2.21Ziggy,,403-00840,,,,,
CO4493172b,BlueDream10.7.21Q1,,403-00840,,,,,
CO4493172b,King Kush12.9.21Q1,,403-00840,,,,,
CO4493172b,Super Boof10.27.22Rita,,403-00840,,,,,
CO4493172b,Grease Monkey6.9.22Ziggy,,403-00840,,,,,
CO4493172b,MAC9.15.22Q3,,403-00840,,,,,
CO4493172b,Crunchberry9.30.21Ziggy,,403-00840,,,,,
CO4493172b,Bruce Banner12.9.21Q1,,403-00840,,,,,
CO4493172b,Grease Monkey8.25.22Rita,,403-00840,,,,,
CO4493172b,Black Fire OG4.14.22Q1,,403-00840,,,,,
CO4493172b,ColinOG12.2.21Ziggy,,403-00840,,,,,
CO4493172b,Bruce Banner5.26.22Q4,,403-00840,,,,,
CO4493172b,Super Boof8.18.22Q1,,403-00840,,,,,
CO4493172b,Grease Monkey8.25.22Rita,,403-00840,,,,,
CO4493172b,Crunchberry11.18.21Q4,,403-00840,,,,,
CO4493172b,Lilac Diesel4.21.22Rita,,403-00840,,,,,
CO4493172b,MAC3.10.22Q3,,403-00840,,,,,
CO4493172b,Grease Monkey12.22.21Q2,,403-00840,,,,,
CO4493172b,Tropsanto #512.9.21Q1,,403-00840,,,,,
CO4493172b,Cotton C Romulan12.9.21Q1,,403-00840,,,,,
CO4493172b,Crunchberry11.4.21Q3,,403-00840,,,,,
CO4493172b,Crunchberry9.30.21Ziggy,,403-00840,,,,,
CO4493172b,Page 2 of 4,,403-00840,,,,,
CO4493172b,Citral Skunk12.22.21Q2,,403-00840,,,,,
CO4493172b,Tropsanto #512.22.21Q2,,403-00840,,,,,
CO4493172b,Black Fire OG4.14.22Q1,,403-00840,,,,,
CO4493172b,Mandarin Cookies 3.10.22Q3,,403-00840,,,,,
CO4493172b,Crescendo12.9.21Q1,,403-00840,,,,,
CO4493172b,Blue Dream3.10.22Q3,,403-00840,,,,,
CO4493172b,Bruce Banner12.9.21Q1,,403-00840,,,,,
CO4493172b,Grease Monkey12.9.21Q1,,403-00840,,,,,
CO4493172b,Mandarin Cookies12.22.21Q2,,403-00840,,,,,
CO4493172b,Super Lemon Haze01.06.22Q3,,403-00840,,,,,
CO4493172b,Mandarin Cookies12.22.21Q2,,403-00840,,,,,
CO4493172b,Crunchberry12.29.21Bob,,403-00840,,,,,
CO4493172b,GG#410.7.21Q1,,403-00840,,,,,
CO4493172b,Green Crack9.29.22Q4,,403-00840,,,,,
CO4493172b,BlueDream10.7.21Q1,,403-00840,,,,,
CO4493172b,Member OG9.1.22Q2,,403-00840,,,,,
CO4493172b,Grease Monkey6.9.22Ziggy,,403-00840,,,,,
CO4493172b,Lilac Diesel #224.14.22Q1,,403-00840,,,,,
CO4493172b,Crunchberry12.9.21Q1,,403-00840,,,,,
CO4493172b,Blue Dream3.10.22Q3,,403-00840,,,,,
CO4493172b,King Kush12.9.21Q1,,403-00840,,,,,
CO4493172b,GG#410.7.21Q1,,403-00840,,,,,
CO4493172b,Crunchberry9.30.21Ziggy,,403-00840,,,,,
CO4493172b,Crunchberry9.30.21Ziggy,,403-00840,,,,,
CO4493172b,Tropsanto #512.9.21Q1,,403-00840,,,,,
CO4493172b,Lilac Diesel #224.14.22Q1,,403-00840,,,,,
CO4493172b,Crunchberry12.29.21Bob,,403-00840,,,,,
CO4493172b,Tangerine Kush12.9.21Q1,,403-00840,,,,,
CO4493172b,GG#410.7.21Q1,,403-00840,,,,,
CO4493172b,Lilac Diesel #224.28.22Q2,,403-00840,,,,,
CO4493172b,King Kush12.9.21Q1,,403-00840,,,,,
CO4493172b,Tangerine Kush12.9.21Q1,,403-00840,,,,,
CO4493172b,BlueDream10.7.21Q1,,403-00840,,,,,
CO4493172b,Crunchberry9.30.21Ziggy,,403-00840,,,,,
CO4493172b,Sweet Purple3.10.22Q3,,403-00840,,,,,
CO4493172b,Rotten Rozay8.11.22Ziggy,,403-00840,,,,,
CO4493172b,Grease Monkey8.18.22Q1,,403-00840,,,,,
CO4493172b,Mandarin Cookies9.15.22Q3,,403-00840,,,,,
CO4493172b,Gelato Cake10.13.22Ziggy,,403-00840,,,,,
CO4493172b,Cotton C Romulan12.9.21Q1,,403-00840,,,,,
CO4493172b,Grease Monkey12.9.21Q1,,403-00840,,,,,
CO4493172b,Golden Goat12.22.21Q2,,403-00840,,,,,
CO4493172b,Mandarin Sunset12.22.21Q2,,403-00840,,,,,
CO4493172b,Tropsanto #512.9.21Q1,,403-00840,,,,,
CO4493172b,Blue Dream3.10.22Q3,,403-00840,,,,,
CO4493172b,Grease Monkey8.25.22Rita,,403-00840,,,,,
CO4493172b,Lilac Diesel4.7.22Ziggy,,403-00840,,,,,
CO4493172b,MAC3.10.22Q3,,403-00840,,,,,
CO4493172b,Grease Monkey12.9.21Q1,,403-00840,,,,,
CO4493172b,GG#410.7.21Q1,,403-00840,,,,,
CO4493172b,Crescendo12.9.21Q1,,403-00840,,,,,
CO4493172b,Golden Goat4.14.22Q1,,403-00840,,,,,
CO4493172b,Crunchberry12.22.21Q2,,403-00840,,,,,
CO4493172b,Mandarin Sunset10.20.22Q1,,403-00840,,,,,
CO4493172b,Tropsanto #512.9.21Q1,,403-00840,,,,,
CO4493172b,Tropicana Banana9.15.22Q3,,403-00840,,,,,
CO4493172b,Grease Monkey12.9.21Q1,,403-00840,,,,,
CO4493172b,King Kush12.9.21Q1,,403-00840,,,,,
CO4493172b,Mandarin Cookies10.27.22Rita,,403-00840,,,,,
CO4493172b,Crunchberry12.9.21Q1,,403-00840,,,,,
CO4493172b,Grease Monkey12.9.21Q1,,403-00840,,,,,
CO4493172b,Grease Monkey12.9.21Q1,,403-00840,,,,,
CO4493172b,MAC3.10.22Q3,,403-00840,,,,,
CO4493172b,Cotton C Romulan3.10.22Q3,,403-00840,,,,,
CO4493172b,BlackFireOG12.9.21Q1,,403-00840,,,,,
CO4493172b,Crunchberry9.30.21Ziggy,,403-00840,,,,,
CO4493172b,Blue Dream3.10.22Q3,,403-00840,,,,,
CO4493172b,Grease Monkey12.9.21Q1,,403-00840,,,,,
CO4493172b,Crunchberry12.22.21Q2,,403-00840,,,,,
CO4493172b,BruceBanner9.2.21Q3,,403-00840,,,,,
CO4493172b,Blue Dream3.10.22Q3,,403-00840,,,,,
CO4493172b,Grease Monkey12.9.21Q1,,403-00840,,,,,
CO4493172b,BlueDream10.7.21Q1,,403-00840,,,,,
CO4493172b,Mandarin Cookies12.22.21Q2,,403-00840,,,,,
CO4493172b,Colin OG6.23.22Rita,,403-00840,,,,,
CO4493172b,Grease Monkey12.9.21Q1,,403-00840,,,,,
CO4493172b,Monkey Spunk4.21.22Rita,,403-00840,,,,,
CO4493172b,Super Boof8.25.22Rita,,403-00840,,,,,
CO4493172b,Sweet Purple3.10.22Q3,,403-00840,,,,,
CO4493172b,Super Boof8.25.22Rita,,403-00840,,,,,
CO4493172b,Super Lemon Haze01.06.22Q3,,403-00840,,,,,
CO4493172b,Cotton C Romulan12.9.21Q1,,403-00840,,,,,
CO4493172b,King Kush12.22.21Q2,,403-00840,,,,,
CO4493172b,Lilac Diesel #224.14.22Q1,,403-00840,,,,,
CO4493172b,Colin OG4.14.22Q1,,403-00840,,,,,
CO4493172b,Mandarin Cookies12.22.21Q2,,403-00840,,,,,
CO4493172b,Sweet Purple3.10.22Q3,,403-00840,,,,,
CO4493172b,Crunchberry9.30.21Ziggy,,403-00840,,,,,
CO4493172b,Super Lemon Haze01.06.22Q3,,403-00840,,,,,
CO4493172b,Grease Monkey12.22.21Q2,,403-00840,,,,,
CO4493172b,GG#410.7.21Q1,,403-00840,,,,,
CO4493172b,Crunchberry9.30.21Ziggy,,403-00840,,,,,
CO4493172b,Grease Monkey12.9.21Q1,,403-00840,,,,,
CO4493172b,Crescendo8.18.22Q1,,403-00840,,,,,
CO4493172b,Green Crack4.28.22Q2,,403-00840,,,,,
CO4493172b,Blue Dream3.10.22Q3,,403-00840,,,,,
CO4493172b,Golden Goat12.22.21Q2,,403-00840,,,,,
CO4493172b,King Kush12.22.21Q2,,403-00840,,,,,
CO4493172b,Monkey Spunk12.22.21Q2,,403-00840,,,,,
CO4493172b,Tropsanto #512.9.21Q1,,403-00840,,,,,
CO4493172b,Grease Monkey12.9.21Q1,,403-00840,,,,,
CO4493172b,Mandarin Cookies 3.10.22Q3,,403-00840,,,,,
CO4493172b,Super Lemon Haze01.06.22Q3,,403-00840,,,,,
CO4493172b,Garlicane8.18.22Q1,,403-00840,,,,,
CO4493172b,Sweet Purple3.10.22Q3,,403-00840,,,,,
CO4493172b,Monkey Spunk12.22.21Q2,,403-00840,,,,,
CO4493172b,GG#410.7.21Q1,,403-00840,,,,,
CO4493172b,Grease Monkey12.9.21Q1,,403-00840,,,,,
CO4493172b,Blue Dream3.10.22Q3,,403-00840,,,,,
CO4493172b,Crunchberry12.9.21Q1,,403-00840,,,,,
CO4493172b,Bruce Banner5.26.22Q4,,403-00840,,,,,
CO4493172b,Cotton C Romulan3.10.22Q3,,403-00840,,,,,
CO4493172b,Black Fire OG4.14.22Q1,,403-00840,,,,,
CO4493172b,Black Fire OG4.28.22Q2,,403-00840,,,,,
CO4493172b,Monkey Spunk9.29.22Q4,,403-00840,,,,,
CO4493172b,Grease Monkey6.9.22Ziggy,,403-00840,,,,,
CO4493172b,Crunchberry9.30.21Ziggy,,403-00840,,,,,
CO4493172b,MAC10.20.22Q1,,403-00840,,,,,
CO4493172b,Sweet Purple3.10.22Q3,,403-00840,,,,,
CO4493172b,Colin OG4.14.22Q1,,403-00840,,,,,
CO4493172b,Mandarin Cookies 3.10.22Q3,,403-00840,,,,,
CO4493172b,Crunchberry12.9.21Q1,,403-00840,,,,,
CO4493172b,Mandarin Cookies12.22.21Q2,,403-00840,,,,,
CO4493172b,Grease Monkey12.9.21Q1,,403-00840,,,,,
CO4493172b,Mandarin Cookies12.22.21Q2,,403-00840,,,,,
CO4493172b,Super Boof10.27.22Rita,,403-00840,,,,,
CO4493172b,BlueDream10.7.21Q1,,403-00840,,,,,
CO4493172b,Bruce Banner5.26.22Q4,,403-00840,,,,,
CO4493172b,Grease Monkey12.9.21Q1,,403-00840,,,,,
CO4493172b,Crescendo4.7.22Ziggy,,403-00840,,,,,
CO4493172b,Blue Dream3.10.22Q3,,403-00840,,,,,
CO4493172b,Grease Monkey12.22.21Q2,,403-00840,,,,,
CO4493172b,Garlicane8.25.22Rita,,403-00840,,,,,
CO4493172b,Garlicane8.18.22Q1,,403-00840,,,,,
CO4493172b,Garlicane10.20.22Q1,,403-00840,,,,,
CO4493172b,Grease Monkey12.9.21Q1,,403-00840,,,,,
CO4493172b,Sweet Purple10.20.22Q1,,403-00840,,,,,
CO4493172b,Crunchberry7.21.22Damian,,403-00840,,,,,
CO4493172b,Cotton C Romulan3.10.22Q3,,403-00840,,,,,
CO4493172b,GreaseMonkey11.4.21Q3,,403-00840,,,,,
CO4493172b,Grease Monkey9.29.22Q4,,403-00840,,,,,
CO4493172b,Super Lemon Haze01.06.22Q3,,403-00840,,,,,
CO4493172b,Crunchberry12.9.21Q1,,403-00840,,,,,
CO4493172b,Sweet Purple3.10.22Q3,,403-00840,,,,,
CO4493172b,Grease Monkey12.9.21Q1,,403-00840,,,,,
CO4493172b,Garlicane9.8.22Bob,,403-00840,,,,,
CO4493172b,Lilac Diesel7.28.22Q4,,403-00840,,,,,
CO4493172b,Blue Dream3.10.22Q3,,403-00840,,,,,
CO4493172b,Garlicane8.25.22Rita,,403-00840,,,,,
CO4493172b,Blue Dream3.10.22Q3,,403-00840,,,,,
CO4493172b,Lilac Diesel7.28.22Q4,,403-00840,,,,,
CO4493172b,Tropicana Banana8.11.22Ziggy,,403-00840,,,,,
CO4493172b,Cotton C Romulan10.20.22Q1,,403-00840,,,,,
CO4493172b,Crunchberry5.26.22Q4,,403-00840,,,,,
CO4495373,MAC AND PUNCH 052622F11,,"403-01905, 403-00955",,,"403R-00309, 403R-00192",,
CO4495373b,GLTI032422F11,,"403-01905, 403-00955",,,"403R-00309, 403R-00192",,
CO4495373b,APPLE FRITTER 7722F7,,"403-01905, 403-00955",,,"403R-00309, 403R-00192",,
CO4495373d,GA021022F7,,"403-01905, 403-00955",,,"403R-00309, 403R-00192",,
CO4495373c,2020-10-05-Drying,,"403-01905, 403-00955",,,"403R-00309, 403R-00192",,
CO4495373c,Room-H,,"403-01905, 403-00955",,,"403R-00309, 403R-00192",,
CO4495373c,AF012722F12,,"403-01905, 403-00955",,,"403R-00309, 403R-00192",,
CO4495373c,AF022422,,"403-01905, 403-00955",,,"403R-00309, 403R-00192",,
CO4495373c,AF031022F5,,"403-01905, 403-00955",,,"403R-00309, 403R-00192",,
CO4495373c,AF042122F1,,"403-01905, 403-00955",,,"403R-00309, 403R-00192",,
CO4495373c,AF051222F5,,"403-01905, 403-00955",,,"403R-00309, 403R-00192",,
CO4495373c,AF06032021F1,,"403-01905, 403-00955",,,"403R-00309, 403R-00192",,
CO4495373c,AF06102021F5,,"403-01905, 403-00955",,,"403R-00309, 403R-00192",,
CO4495373c,AF07262021F3,,"403-01905, 403-00955",,,"403R-00309, 403R-00192",,
CO4495373c,AF080521F7,,"403-01905, 403-00955",,,"403R-00309, 403R-00192",,
CO4495373c,AF081122F4,,"403-01905, 403-00955",,,"403R-00309, 403R-00192",,
CO4495373c,AF081221F5,,"403-01905, 403-00955",,,"403R-00309, 403R-00192",,
CO4495373c,AF09132021F1,,"403-01905, 403-00955",,,"403R-00309, 403R-00192",,
CO4495373c,AF09272021,,"403-01905, 403-00955",,,"403R-00309, 403R-00192",,
CO4495373c,AF101421F5,,"403-01905, 403-00955",,,"403R-00309, 403R-00192",,
CO4495373c,AF110421F5,,"403-01905, 403-00955",,,"403R-00309, 403R-00192",,
CO4495373c,AF111821F3,,"403-01905, 403-00955",,,"403R-00309, 403R-00192",,
CO4495373c,AF120921F7,,"403-01905, 403-00955",,,"403R-00309, 403R-00192",,
CO4495373c,AF121621F5,,"403-01905, 403-00955",,,"403R-00309, 403R-00192",,
CO4495373c,AF122321F10,,"403-01905, 403-00955",,,"403R-00309, 403R-00192",,
CO4495373c,AG03042020F4,,"403-01905, 403-00955",,,"403R-00309, 403R-00192",,
CO4495373c,AG04272020F3,,"403-01905, 403-00955",,,"403R-00309, 403R-00192",,
CO4495373c,AG05112020F4,,"403-01905, 403-00955",,,"403R-00309, 403R-00192",,
CO4495373c,APPLE FRITTER 050622,,"403-01905, 403-00955",,,"403R-00309, 403R-00192",,
CO4495373c,F7,,"403-01905, 403-00955",,,"403R-00309, 403R-00192",,
CO4495373c,APPLE FRITTER 050722,,"403-01905, 403-00955",,,"403R-00309, 403R-00192",,
CO4495373c,F7,,"403-01905, 403-00955",,,"403R-00309, 403R-00192",,
CO4495373c,APPLE FRITTER,,"403-01905, 403-00955",,,"403R-00309, 403R-00192",,
CO4495373c,062322F10,,"403-01905, 403-00955",,,"403R-00309, 403R-00192",,
CO4495373c,APPLE FRITTER,,"403-01905, 403-00955",,,"403R-00309, 403R-00192",,
CO4495373c,42922F12,,"403-01905, 403-00955",,,"403R-00309, 403R-00192",,
CO4495373c,APPLE FRITTER,,"403-01905, 403-00955",,,"403R-00309, 403R-00192",,
CO4495373c,63022F12,,"403-01905, 403-00955",,,"403R-00309, 403R-00192",,
CO4495373c,APPLE FRITTER,,"403-01905, 403-00955",,,"403R-00309, 403R-00192",,
CO4495373c,72122F5,,"403-01905, 403-00955",,,"403R-00309, 403R-00192",,
CO4495373c,APPLE FRITTER,,"403-01905, 403-00955",,,"403R-00309, 403R-00192",,
CO4495373c,81822F10,,"403-01905, 403-00955",,,"403R-00309, 403R-00192",,
CO4495373c,AR1202F3,,"403-01905, 403-00955",,,"403R-00309, 403R-00192",,
CO4495373c,AT03042020F4,,"403-01905, 403-00955",,,"403R-00309, 403R-00192",,
CO4495373c,AT03172020F1,,"403-01905, 403-00955",,,"403R-00309, 403R-00192",,
CO4495373c,AT06022020F2,,"403-01905, 403-00955",,,"403R-00309, 403R-00192",,
CO4495373c,AT10202020F5,,"403-01905, 403-00955",,,"403R-00309, 403R-00192",,
CO4495373c,BAN 12212020F5,,"403-01905, 403-00955",,,"403R-00309, 403R-00192",,
CO4495373c,BAN02042020F5,,"403-01905, 403-00955",,,"403R-00309, 403R-00192",,
CO4495373c,BAN03042020F4,,"403-01905, 403-00955",,,"403R-00309, 403R-00192",,
CO4495373c,BAN05112020F4,,"403-01905, 403-00955",,,"403R-00309, 403R-00192",,
CO4495373c,BAN08172020F5,,"403-01905, 403-00955",,,"403R-00309, 403R-00192",,
CO4495373c,BAN10202020F5,,"403-01905, 403-00955",,,"403R-00309, 403R-00192",,
CO4495373c,BD020322F4,,"403-01905, 403-00955",,,"403R-00309, 403R-00192",,
CO4495373c,BD04042022,,"403-01905, 403-00955",,,"403R-00309, 403R-00192",,
CO4495373c,BD040722F4,,"403-01905, 403-00955",,,"403R-00309, 403R-00192",,
CO4495373c,BD05242021F3,,"403-01905, 403-00955",,,"403R-00309, 403R-00192",,
CO4495373c,BD07152021F3,,"403-01905, 403-00955",,,"403R-00309, 403R-00192",,
CO4495373c,BD07262021F3,,"403-01905, 403-00955",,,"403R-00309, 403R-00192",,
CO4495373c,BD080521F7,,"403-01905, 403-00955",,,"403R-00309, 403R-00192",,
CO4495373c,BD081221F5,,"403-01905, 403-00955",,,"403R-00309, 403R-00192",,
CO4495373c,BD091621F3,,"403-01905, 403-00955",,,"403R-00309, 403R-00192",,
CO4495373c,BD110421F5,,"403-01905, 403-00955",,,"403R-00309, 403R-00192",,
CO4495373c,BD111821F3,,"403-01905, 403-00955",,,"403R-00309, 403R-00192",,
CO4495373c,BD120221F3,,"403-01905, 403-00955",,,"403R-00309, 403R-00192",,
CO4495373c,BD120921F7,,"403-01905, 403-00955",,,"403R-00309, 403R-00192",,
CO4495373c,BD121621F5,,"403-01905, 403-00955",,,"403R-00309, 403R-00192",,
CO4495373c,BD12212020F5,,"403-01905, 403-00955",,,"403R-00309, 403R-00192",,
CO4495373c,BD122321F2,,"403-01905, 403-00955",,,"403R-00309, 403R-00192",,
CO4495373c,BLU01212020F2,,"403-01905, 403-00955",,,"403R-00309, 403R-00192",,
CO4495373c,BLU01242020F2,,"403-01905, 403-00955",,,"403R-00309, 403R-00192",,
CO4495373c,BLU02182020F3,,"403-01905, 403-00955",,,"403R-00309, 403R-00192",,
CO4495373c,BLU07012020F3,,"403-01905, 403-00955",,,"403R-00309, 403R-00192",,
CO4495373c,BLU10052020f2,,"403-01905, 403-00955",,,"403R-00309, 403R-00192",,
CO4495373c,BLU10202020F5,,"403-01905, 403-00955",,,"403R-00309, 403R-00192",,
CO4495373c,BLU12072020F2,,"403-01905, 403-00955",,,"403R-00309, 403R-00192",,
CO4495373c,BLUE RAZZICLE,,"403-01905, 403-00955",,,"403R-00309, 403R-00192",,
CO4495373c,061622F4,,"403-01905, 403-00955",,,"403R-00309, 403R-00192",,
CO4495373c,CAP020322F4,,"403-01905, 403-00955",,,"403R-00309, 403R-00192",,
CO4495373c,CAP021022F1,,"403-01905, 403-00955",,,"403R-00309, 403R-00192",,
CO4495373c,CAP100121F4,,"403-01905, 403-00955",,,"403R-00309, 403R-00192",,
CO4495373c,CB120921F7,,"403-01905, 403-00955",,,"403R-00309, 403R-00192",,
CO4495373c,CD122721F2,,"403-01905, 403-00955",,,"403R-00309, 403R-00192",,
CO4495373c,CHD010622F5,,"403-01905, 403-00955",,,"403R-00309, 403R-00192",,
CO4495373c,CHD042122F1,,"403-01905, 403-00955",,,"403R-00309, 403R-00192",,
CO4495373c,CHD051222F5,,"403-01905, 403-00955",,,"403R-00309, 403R-00192",,
CO4495373c,CHD080521F1,,"403-01905, 403-00955",,,"403R-00309, 403R-00192",,
CO4495373c,CHD08092021F4,,"403-01905, 403-00955",,,"403R-00309, 403R-00192",,
CO4495373c,CHD120221F4,,"403-01905, 403-00955",,,"403R-00309, 403R-00192",,
CO4495373c,CHD120921F1,,"403-01905, 403-00955",,,"403R-00309, 403R-00192",,
CO4495373c,CHD122321F2,,"403-01905, 403-00955",,,"403R-00309, 403R-00192",,
CO4495373c,CK02042020F5,,"403-01905, 403-00955",,,"403R-00309, 403R-00192",,
CO4495373c,CK03042020F4,,"403-01905, 403-00955",,,"403R-00309, 403R-00192",,
CO4495373c,CK03252020F2,,"403-01905, 403-00955",,,"403R-00309, 403R-00192",,
CO4495373c,CON01142020F4,,"403-01905, 403-00955",,,"403R-00309, 403R-00192",,
CO4495373c,CON032020F3,,"403-01905, 403-00955",,,"403R-00309, 403R-00192",,
CO4495373c,CON04072020F2,,"403-01905, 403-00955",,,"403R-00309, 403R-00192",,
CO4495373c,CRC120921F7,,"403-01905, 403-00955",,,"403R-00309, 403R-00192",,
CO4495373c,CREAMSIZZLE,,"403-01905, 403-00955",,,"403R-00309, 403R-00192",,
CO4495373c,061622F4,,"403-01905, 403-00955",,,"403R-00309, 403R-00192",,
CO4495373c,DDGP071822F1,,"403-01905, 403-00955",,,"403R-00309, 403R-00192",,
CO4495373c,DEVIL DRIVER,,"403-01905, 403-00955",,,"403R-00309, 403R-00192",,
CO4495373c,061622F4,,"403-01905, 403-00955",,,"403R-00309, 403R-00192",,
CO4495373c,DOG PATCH 72822F11,,"403-01905, 403-00955",,,"403R-00309, 403R-00192",,
CO4495373c,DOG PATCH 81822F10,,"403-01905, 403-00955",,,"403R-00309, 403R-00192",,
CO4495373c,DS051222F5,,"403-01905, 403-00955",,,"403R-00309, 403R-00192",,
CO4495373c,DS07012021F5,,"403-01905, 403-00955",,,"403R-00309, 403R-00192",,
CO4495373c,DS080521F1,,"403-01905, 403-00955",,,"403R-00309, 403R-00192",,
CO4495373c,DS10252021F2,,"403-01905, 403-00955",,,"403R-00309, 403R-00192",,
CO4495373c,DS112921F3,,"403-01905, 403-00955",,,"403R-00309, 403R-00192",,
CO4495373c,DSD03252021F4,,"403-01905, 403-00955",,,"403R-00309, 403R-00192",,
CO4495373c,DSI042822F2,,"403-01905, 403-00955",,,"403R-00309, 403R-00192",,
CO4495373c,DSI110421F5,,"403-01905, 403-00955",,,"403R-00309, 403R-00192",,
CO4495373c,DSI111821F3,,"403-01905, 403-00955",,,"403R-00309, 403R-00192",,
CO4495373c,GA030722,,"403-01905, 403-00955",,,"403R-00309, 403R-00192",,
CO4495373c,GA090221F5,,"403-01905, 403-00955",,,"403R-00309, 403R-00192",,
CO4495373c,GAR03252021F4,,"403-01905, 403-00955",,,"403R-00309, 403R-00192",,
CO4495373c,GEL01042021F3,,"403-01905, 403-00955",,,"403R-00309, 403R-00192",,
CO4495373c,GEL01062021F7,,"403-01905, 403-00955",,,"403R-00309, 403R-00192",,
CO4495373c,GEL01222021F3,,"403-01905, 403-00955",,,"403R-00309, 403R-00192",,
CO4495373c,GEL02042021F5,,"403-01905, 403-00955",,,"403R-00309, 403R-00192",,
CO4495373c,GEL02082021F4,,"403-01905, 403-00955",,,"403R-00309, 403R-00192",,
CO4495373c,GEL021022F7,,"403-01905, 403-00955",,,"403R-00309, 403R-00192",,
CO4495373c,GEL02252021F8,,"403-01905, 403-00955",,,"403R-00309, 403R-00192",,
CO4495373c,GEL03082021F1,,"403-01905, 403-00955",,,"403R-00309, 403R-00192",,
CO4495373c,GEL03112021F3,,"403-01905, 403-00955",,,"403R-00309, 403R-00192",,
CO4495373c,GEL04082021F5,,"403-01905, 403-00955",,,"403R-00309, 403R-00192",,
CO4495373c,GEL04162021F10,,"403-01905, 403-00955",,,"403R-00309, 403R-00192",,
CO4495373c,GEL051222F5,,"403-01905, 403-00955",,,"403R-00309, 403R-00192",,
CO4495373c,GEL05242021F3,,"403-01905, 403-00955",,,"403R-00309, 403R-00192",,
CO4495373c,GEL06102021F5,,"403-01905, 403-00955",,,"403R-00309, 403R-00192",,
CO4495373c,GEL07152021F3,,"403-01905, 403-00955",,,"403R-00309, 403R-00192",,
CO4495373c,GEL081921F10,,"403-01905, 403-00955",,,"403R-00309, 403R-00192",,
CO4495373c,GEL10022020F4,,"403-01905, 403-00955",,,"403R-00309, 403R-00192",,
CO4495373c,GEL10082021F7,,"403-01905, 403-00955",,,"403R-00309, 403R-00192",,
CO4495373c,GEL10142020F7,,"403-01905, 403-00955",,,"403R-00309, 403R-00192",,
CO4495373c,GEL11042020F5,,"403-01905, 403-00955",,,"403R-00309, 403R-00192",,
CO4495373c,GEL111821F3,,"403-01905, 403-00955",,,"403R-00309, 403R-00192",,
CO4495373c,GEL11202020F3,,"403-01905, 403-00955",,,"403R-00309, 403R-00192",,
CO4495373c,GEL11252020F9,,"403-01905, 403-00955",,,"403R-00309, 403R-00192",,
CO4495373c,GEL12182020F2,,"403-01905, 403-00955",,,"403R-00309, 403R-00192",,
CO4495373c,GELLO 050622 F7,,"403-01905, 403-00955",,,"403R-00309, 403R-00192",,
CO4495373c,GELLO 051922F5,,"403-01905, 403-00955",,,"403R-00309, 403R-00192",,
CO4495373c,GG010622F5,,"403-01905, 403-00955",,,"403R-00309, 403R-00192",,
CO4495373c,GG01142020F4,,"403-01905, 403-00955",,,"403R-00309, 403R-00192",,
CO4495373c,GG02222021F2,,"403-01905, 403-00955",,,"403R-00309, 403R-00192",,
CO4495373c,GG04162021F10,,"403-01905, 403-00955",,,"403R-00309, 403R-00192",,
CO4495373c,GG04212020F1,,"403-01905, 403-00955",,,"403R-00309, 403R-00192",,
CO4495373c,GG04292021F5,,"403-01905, 403-00955",,,"403R-00309, 403R-00192",,
CO4495373c,GG05102021F1,,"403-01905, 403-00955",,,"403R-00309, 403R-00192",,
CO4495373c,GG05272021F4,,"403-01905, 403-00955",,,"403R-00309, 403R-00192",,
CO4495373c,GG06032021F7,,"403-01905, 403-00955",,,"403R-00309, 403R-00192",,
CO4495373c,GG06092021F4,,"403-01905, 403-00955",,,"403R-00309, 403R-00192",,
CO4495373c,GG06172021F10FF,,"403-01905, 403-00955",,,"403R-00309, 403R-00192",,
CO4495373c,GG111521F1,,"403-01905, 403-00955",,,"403R-00309, 403R-00192",,
CO4495373c,GG120921F7,,"403-01905, 403-00955",,,"403R-00309, 403R-00192",,
CO4495373c,GG121621F5,,"403-01905, 403-00955",,,"403R-00309, 403R-00192",,
CO4495373c,GG12312020F1,,"403-01905, 403-00955",,,"403R-00309, 403R-00192",,
CO4495373c,GG402082021F4,,"403-01905, 403-00955",,,"403R-00309, 403R-00192",,
CO4495373c,GG405072020F3,,"403-01905, 403-00955",,,"403R-00309, 403R-00192",,
CO4495373c,GG405272020F4,,"403-01905, 403-00955",,,"403R-00309, 403R-00192",,
CO4495373c,GG406112020F2,,"403-01905, 403-00955",,,"403R-00309, 403R-00192",,
CO4495373c,GG407012020F3,,"403-01905, 403-00955",,,"403R-00309, 403R-00192",,
CO4495373c,GG407302020F4,,"403-01905, 403-00955",,,"403R-00309, 403R-00192",,
CO4495373c,GG408132020F2,,"403-01905, 403-00955",,,"403R-00309, 403R-00192",,
CO4495373c,GG408272020F1,,"403-01905, 403-00955",,,"403R-00309, 403R-00192",,
CO4495373c,GG409142020F4,,"403-01905, 403-00955",,,"403R-00309, 403R-00192",,
CO4495373c,GG410022020F4,,"403-01905, 403-00955",,,"403R-00309, 403R-00192",,
CO4495373c,GG410302020F1,,"403-01905, 403-00955",,,"403R-00309, 403R-00192",,
CO4495373c,GG411162020F4,,"403-01905, 403-00955",,,"403R-00309, 403R-00192",,
CO4495373c,GG412182020F2,,"403-01905, 403-00955",,,"403R-00309, 403R-00192",,
CO4495373c,GGG11022020F3,,"403-01905, 403-00955",,,"403R-00309, 403R-00192",,
CO4495373c,GLT02042021F5,,"403-01905, 403-00955",,,"403R-00309, 403R-00192",,
CO4495373c,GLT04012021F7,,"403-01905, 403-00955",,,"403R-00309, 403R-00192",,
CO4495373c,GLT04022021F1,,"403-01905, 403-00955",,,"403R-00309, 403R-00192",,
CO4495373c,GLT040722F4,,"403-01905, 403-00955",,,"403R-00309, 403R-00192",,
CO4495373c,GLT051222F5,,"403-01905, 403-00955",,,"403R-00309, 403R-00192",,
CO4495373c,GLT09182020F3,,"403-01905, 403-00955",,,"403R-00309, 403R-00192",,
CO4495373c,GLT093021F3,,"403-01905, 403-00955",,,"403R-00309, 403R-00192",,
CO4495373c,GLT10142020F7,,"403-01905, 403-00955",,,"403R-00309, 403R-00192",,
CO4495373c,GLT11042020F5,,"403-01905, 403-00955",,,"403R-00309, 403R-00192",,
CO4495373c,GLTI01042021F3,,"403-01905, 403-00955",,,"403R-00309, 403R-00192",,
CO4495373c,GLTI02252021F8,,"403-01905, 403-00955",,,"403R-00309, 403R-00192",,
CO4495373c,GLTI05092022F2,,"403-01905, 403-00955",,,"403R-00309, 403R-00192",,
CO4495373c,GLTI05132021F3,,"403-01905, 403-00955",,,"403R-00309, 403R-00192",,
CO4495373c,GLTI06032021F7,,"403-01905, 403-00955",,,"403R-00309, 403R-00192",,
CO4495373c,GLTI081921F10,,"403-01905, 403-00955",,,"403R-00309, 403R-00192",,
CO4495373c,GLTI101421F5,,"403-01905, 403-00955",,,"403R-00309, 403R-00192",,
CO4495373c,GM010622F5,,"403-01905, 403-00955",,,"403R-00309, 403R-00192",,
CO4495373c,GM012022F3,,"403-01905, 403-00955",,,"403R-00309, 403R-00192",,
CO4495373c,GM020322F4,,"403-01905, 403-00955",,,"403R-00309, 403R-00192",,
CO4495373c,GM022422F2,,"403-01905, 403-00955",,,"403R-00309, 403R-00192",,
CO4495373c,GM03042020F4,,"403-01905, 403-00955",,,"403R-00309, 403R-00192",,
CO4495373c,GM04152021F2,,"403-01905, 403-00955",,,"403R-00309, 403R-00192",,
CO4495373c,GM05202020F1,,"403-01905, 403-00955",,,"403R-00309, 403R-00192",,
CO4495373c,GM05242021F3,,"403-01905, 403-00955",,,"403R-00309, 403R-00192",,
CO4495373c,GM062322F1,,"403-01905, 403-00955",,,"403R-00309, 403R-00192",,
CO4495373c,GM071422F5,,"403-01905, 403-00955",,,"403R-00309, 403R-00192",,
CO4495373c,GM081221F5,,"403-01905, 403-00955",,,"403R-00309, 403R-00192",,
CO4495373c,GM090221F5,,"403-01905, 403-00955",,,"403R-00309, 403R-00192",,
CO4495373c,GM100121F4,,"403-01905, 403-00955",,,"403R-00309, 403R-00192",,
CO4495373c,GM101421F5,,"403-01905, 403-00955",,,"403R-00309, 403R-00192",,
CO4495373c,GM10202020F5,,"403-01905, 403-00955",,,"403R-00309, 403R-00192",,
CO4495373c,GM121621F5,,"403-01905, 403-00955",,,"403R-00309, 403R-00192",,
CO4495373c,GM12212020F5,,"403-01905, 403-00955",,,"403R-00309, 403R-00192",,
CO4495373c,GMO COOKIES,,"403-01905, 403-00955",,,"403R-00309, 403R-00192",,
CO4495373c,63022F12,,"403-01905, 403-00955",,,"403R-00309, 403R-00192",,
CO4495373c,GMO COOKIES 72122F5,,"403-01905, 403-00955",,,"403R-00309, 403R-00192",,
CO4495373c,GMO01062021F7,,"403-01905, 403-00955",,,"403R-00309, 403R-00192",,
CO4495373c,GMO01182021F7,,"403-01905, 403-00955",,,"403R-00309, 403R-00192",,
CO4495373c,GMO02042021F5,,"403-01905, 403-00955",,,"403R-00309, 403R-00192",,
CO4495373c,GMO02112020F1,,"403-01905, 403-00955",,,"403R-00309, 403R-00192",,
CO4495373c,GMO03252020F4,,"403-01905, 403-00955",,,"403R-00309, 403R-00192",,
CO4495373c,GMO04012021F7,,"403-01905, 403-00955",,,"403R-00309, 403R-00192",,
CO4495373c,GMO04082021F5,,"403-01905, 403-00955",,,"403R-00309, 403R-00192",,
CO4495373c,GMO04132020F5,,"403-01905, 403-00955",,,"403R-00309, 403R-00192",,
CO4495373c,GMO04162021F10,,"403-01905, 403-00955",,,"403R-00309, 403R-00192",,
CO4495373c,GMO04212020F1,,"403-01905, 403-00955",,,"403R-00309, 403R-00192",,
CO4495373c,GMO04272020F3,,"403-01905, 403-00955",,,"403R-00309, 403R-00192",,
CO4495373c,GMO04292021F5,,"403-01905, 403-00955",,,"403R-00309, 403R-00192",,
CO4495373c,GMO05132021F3,,"403-01905, 403-00955",,,"403R-00309, 403R-00192",,
CO4495373c,GMO05242021F3,,"403-01905, 403-00955",,,"403R-00309, 403R-00192",,
CO4495373c,GMO05272021F4,,"403-01905, 403-00955",,,"403R-00309, 403R-00192",,
CO4495373c,GMO06032021F1,,"403-01905, 403-00955",,,"403R-00309, 403R-00192",,
CO4495373c,GMO06032021F7,,"403-01905, 403-00955",,,"403R-00309, 403R-00192",,
CO4495373c,GMO060922F4,,"403-01905, 403-00955",,,"403R-00309, 403R-00192",,
CO4495373c,GMO06152020F5,,"403-01905, 403-00955",,,"403R-00309, 403R-00192",,
CO4495373c,GMO07012020F3,,"403-01905, 403-00955",,,"403R-00309, 403R-00192",,
CO4495373c,GMO07142020F3,,"403-01905, 403-00955",,,"403R-00309, 403R-00192",,
CO4495373c,GMO080521F7,,"403-01905, 403-00955",,,"403R-00309, 403R-00192",,
CO4495373c,GMO08272020F1,,"403-01905, 403-00955",,,"403R-00309, 403R-00192",,
CO4495373c,GMO09142020F4,,"403-01905, 403-00955",,,"403R-00309, 403R-00192",,
CO4495373c,GMO10052020F2,,"403-01905, 403-00955",,,"403R-00309, 403R-00192",,
CO4495373c,GMO10142020F7,,"403-01905, 403-00955",,,"403R-00309, 403R-00192",,
CO4495373c,GMO10162020F2,,"403-01905, 403-00955",,,"403R-00309, 403R-00192",,
CO4495373c,GMO11022020F3,,"403-01905, 403-00955",,,"403R-00309, 403R-00192",,
CO4495373c,GMO11162020F3,,"403-01905, 403-00955",,,"403R-00309, 403R-00192",,
CO4495373c,GMO1125/2020F9,,"403-01905, 403-00955",,,"403R-00309, 403R-00192",,
CO4495373c,GMO12042020F4,,"403-01905, 403-00955",,,"403R-00309, 403R-00192",,
CO4495373c,GMO121621F5,,"403-01905, 403-00955",,,"403R-00309, 403R-00192",,
CO4495373c,GMO12182020F2,,"403-01905, 403-00955",,,"403R-00309, 403R-00192",,
CO4495373c,GMO12212020F5,,"403-01905, 403-00955",,,"403R-00309, 403R-00192",,
CO4495373c,GMO12312020F1,,"403-01905, 403-00955",,,"403R-00309, 403R-00192",,
CO4495373c,GOG02042020F5,,"403-01905, 403-00955",,,"403R-00309, 403R-00192",,
CO4495373c,GOG02182020F3,,"403-01905, 403-00955",,,"403R-00309, 403R-00192",,
CO4495373c,GOG03172020F1,,"403-01905, 403-00955",,,"403R-00309, 403R-00192",,
CO4495373c,GOG03252020F2,,"403-01905, 403-00955",,,"403R-00309, 403R-00192",,
CO4495373c,GOG05112020F4,,"403-01905, 403-00955",,,"403R-00309, 403R-00192",,
CO4495373c,GS02042020F5,,"403-01905, 403-00955",,,"403R-00309, 403R-00192",,
CO4495373c,GS03042020F4,,"403-01905, 403-00955",,,"403R-00309, 403R-00192",,
CO4495373c,GS03172020F1,,"403-01905, 403-00955",,,"403R-00309, 403R-00192",,
CO4495373c,GT02112021F2,,"403-01905, 403-00955",,,"403R-00309, 403R-00192",,
CO4495373c,GT02262021F5,,"403-01905, 403-00955",,,"403R-00309, 403R-00192",,
CO4495373c,GT03042020F4,,"403-01905, 403-00955",,,"403R-00309, 403R-00192",,
CO4495373c,GT03172020F1,,"403-01905, 403-00955",,,"403R-00309, 403R-00192",,
CO4495373c,GT03252020F2,,"403-01905, 403-00955",,,"403R-00309, 403R-00192",,
CO4495373c,GT10082021F7,,"403-01905, 403-00955",,,"403R-00309, 403R-00192",,
CO4495373c,GTH022422F5,,"403-01905, 403-00955",,,"403R-00309, 403R-00192",,
CO4495373c,GUA01062021F7,,"403-01905, 403-00955",,,"403R-00309, 403R-00192",,
CO4495373c,GUA01222021F3,,"403-01905, 403-00955",,,"403R-00309, 403R-00192",,
CO4495373c,GUA02042021F5,,"403-01905, 403-00955",,,"403R-00309, 403R-00192",,
CO4495373c,GUA02082021F4,,"403-01905, 403-00955",,,"403R-00309, 403R-00192",,
CO4495373c,GUA02222021F2,,"403-01905, 403-00955",,,"403R-00309, 403R-00192",,
CO4495373c,GUA02262021F5,,"403-01905, 403-00955",,,"403R-00309, 403R-00192",,
CO4495373c,GUA03042021F9,,"403-01905, 403-00955",,,"403R-00309, 403R-00192",,
CO4495373c,GUA03112021F3,,"403-01905, 403-00955",,,"403R-00309, 403R-00192",,
CO4495373c,GUA03222021F3,,"403-01905, 403-00955",,,"403R-00309, 403R-00192",,
CO4495373c,GUA04012021F7,,"403-01905, 403-00955",,,"403R-00309, 403R-00192",,
CO4495373c,GUA04022021F7,,"403-01905, 403-00955",,,"403R-00309, 403R-00192",,
CO4495373c,GUA04162021F10,,"403-01905, 403-00955",,,"403R-00309, 403R-00192",,
CO4495373c,GUA04292021F5,,"403-01905, 403-00955",,,"403R-00309, 403R-00192",,
CO4495373c,GUA05242021F3,,"403-01905, 403-00955",,,"403R-00309, 403R-00192",,
CO4495373c,GUA06032021F7,,"403-01905, 403-00955",,,"403R-00309, 403R-00192",,
CO4495373c,GUA06092021F4,,"403-01905, 403-00955",,,"403R-00309, 403R-00192",,
CO4495373c,GUA07152021F3,,"403-01905, 403-00955",,,"403R-00309, 403R-00192",,
CO4495373c,GUA07292021F4,,"403-01905, 403-00955",,,"403R-00309, 403R-00192",,
CO4495373c,GUA093021F3,,"403-01905, 403-00955",,,"403R-00309, 403R-00192",,
CO4495373c,GUA10022020F4,,"403-01905, 403-00955",,,"403R-00309, 403R-00192",,
CO4495373c,GUA10082021F7,,"403-01905, 403-00955",,,"403R-00309, 403R-00192",,
CO4495373c,GUA10142020F7,,"403-01905, 403-00955",,,"403R-00309, 403R-00192",,
CO4495373c,GUA10162020F2,,"403-01905, 403-00955",,,"403R-00309, 403R-00192",,
CO4495373c,GUA11022020F5,,"403-01905, 403-00955",,,"403R-00309, 403R-00192",,
CO4495373c,GUA11182020F8,,"403-01905, 403-00955",,,"403R-00309, 403R-00192",,
CO4495373c,GUA11202020F3,,"403-01905, 403-00955",,,"403R-00309, 403R-00192",,
CO4495373c,GUA12042020F4,,"403-01905, 403-00955",,,"403R-00309, 403R-00192",,
CO4495373c,GUA12182020F2,,"403-01905, 403-00955",,,"403R-00309, 403R-00192",,
CO4495373c,GUA12312020F1,,"403-01905, 403-00955",,,"403R-00309, 403R-00192",,
CO4495373c,Guav022422F5.A,,"403-01905, 403-00955",,,"403R-00309, 403R-00192",,
CO4495373c,Guav022422F5.B,,"403-01905, 403-00955",,,"403R-00309, 403R-00192",,
CO4495373c,GUAV07262021F3,,"403-01905, 403-00955",,,"403R-00309, 403R-00192",,
CO4495373c,Guav080521F7,,"403-01905, 403-00955",,,"403R-00309, 403R-00192",,
CO4495373c,Guav081221F5,,"403-01905, 403-00955",,,"403R-00309, 403R-00192",,
CO4495373c,GUAV101421F5,,"403-01905, 403-00955",,,"403R-00309, 403R-00192",,
CO4495373c,GUAV111821F3,,"403-01905, 403-00955",,,"403R-00309, 403R-00192",,
CO4495373c,Guav121621F5,,"403-01905, 403-00955",,,"403R-00309, 403R-00192",,
CO4495373c,GUAVA 051922F5,,"403-01905, 403-00955",,,"403R-00309, 403R-00192",,
CO4495373c,GUAVA 062322F10,,"403-01905, 403-00955",,,"403R-00309, 403R-00192",,
CO4495373c,GUAVA 42922F12,,"403-01905, 403-00955",,,"403R-00309, 403R-00192",,
CO4495373c,GUAVA 43022F12,,"403-01905, 403-00955",,,"403R-00309, 403R-00192",,
CO4495373c,GUAVA 63022F12,,"403-01905, 403-00955",,,"403R-00309, 403R-00192",,
CO4495373c,GUAVA 72122F5,,"403-01905, 403-00955",,,"403R-00309, 403R-00192",,
CO4495373c,GUAVA 72822F11,,"403-01905, 403-00955",,,"403R-00309, 403R-00192",,
CO4495373c,GUAVA 72922F3,,"403-01905, 403-00955",,,"403R-00309, 403R-00192",,
CO4495373c,GUAVA 7722F7,,"403-01905, 403-00955",,,"403R-00309, 403R-00192",,
CO4495373c,GUAVA 81822F10,,"403-01905, 403-00955",,,"403R-00309, 403R-00192",,
CO4495373c,GUAVA 82522F3,,"403-01905, 403-00955",,,"403R-00309, 403R-00192",,
CO4495373c,Guava Primary Harvest 21,,"403-01905, 403-00955",,,"403R-00309, 403R-00192",,
CO4495373c,Oct 2021,,"403-01905, 403-00955",,,"403R-00309, 403R-00192",,
CO4495373c,GUV01042021F3,,"403-01905, 403-00955",,,"403R-00309, 403R-00192",,
CO4495373c,GV071422F5,,"403-01905, 403-00955",,,"403R-00309, 403R-00192",,
CO4495373c,GV081122F4,,"403-01905, 403-00955",,,"403R-00309, 403R-00192",,
CO4495373c,HA071822F1,,"403-01905, 403-00955",,,"403R-00309, 403R-00192",,
CO4495373c,HD122321F10,,"403-01905, 403-00955",,,"403R-00309, 403R-00192",,
CO4495373c,HF02112021F2,,"403-01905, 403-00955",,,"403R-00309, 403R-00192",,
CO4495373c,HF032422F11,,"403-01905, 403-00955",,,"403R-00309, 403R-00192",,
CO4495373c,HF093021F3,,"403-01905, 403-00955",,,"403R-00309, 403R-00192",,
CO4495373c,HF10202020F5,,"403-01905, 403-00955",,,"403R-00309, 403R-00192",,
CO4495373c,HULK FRUIT 41822F10,,"403-01905, 403-00955",,,"403R-00309, 403R-00192",,
CO4495373c,IP01242020F2,,"403-01905, 403-00955",,,"403R-00309, 403R-00192",,
CO4495373c,IP04212020F1,,"403-01905, 403-00955",,,"403R-00309, 403R-00192",,
CO4495373c,IP07012020F3,,"403-01905, 403-00955",,,"403R-00309, 403R-00192",,
CO4495373c,IP09212020F1,,"403-01905, 403-00955",,,"403R-00309, 403R-00192",,
CO4495373c,JM022422F5,,"403-01905, 403-00955",,,"403R-00309, 403R-00192",,
CO4495373c,JR03252020F4,,"403-01905, 403-00955",,,"403R-00309, 403R-00192",,
CO4495373c,KEY LIME MINTS,,"403-01905, 403-00955",,,"403R-00309, 403R-00192",,
CO4495373c,42922F12,,"403-01905, 403-00955",,,"403R-00309, 403R-00192",,
CO4495373c,KEY LIME PIE 051922F5,,"403-01905, 403-00955",,,"403R-00309, 403R-00192",,
CO4495373c,KEY LIME PIE,,"403-01905, 403-00955",,,"403R-00309, 403R-00192",,
CO4495373c,052622F11,,"403-01905, 403-00955",,,"403R-00309, 403R-00192",,
CO4495373c,KEY LIME PIE 42922F12,,"403-01905, 403-00955",,,"403R-00309, 403R-00192",,
CO4495373c,KLM010622F5,,"403-01905, 403-00955",,,"403R-00309, 403R-00192",,
CO4495373c,KLM012722F12,,"403-01905, 403-00955",,,"403R-00309, 403R-00192",,
CO4495373c,KLM020322F4,,"403-01905, 403-00955",,,"403R-00309, 403R-00192",,
CO4495373c,KLM022422F2,,"403-01905, 403-00955",,,"403R-00309, 403R-00192",,
CO4495373c,KLM052622F3,,"403-01905, 403-00955",,,"403R-00309, 403R-00192",,
CO4495373c,KLM06032021F1,,"403-01905, 403-00955",,,"403R-00309, 403R-00192",,
CO4495373c,KLM06102021F5,,"403-01905, 403-00955",,,"403R-00309, 403R-00192",,
CO4495373c,KLM07262021F3,,"403-01905, 403-00955",,,"403R-00309, 403R-00192",,
CO4495373c,KLM081221F5,,"403-01905, 403-00955",,,"403R-00309, 403R-00192",,
CO4495373c,KLM100721F1,,"403-01905, 403-00955",,,"403R-00309, 403R-00192",,
CO4495373c,KLM102121RM2,,"403-01905, 403-00955",,,"403R-00309, 403R-00192",,
CO4495373c,KLM10252021F2,,"403-01905, 403-00955",,,"403R-00309, 403R-00192",,
CO4495373c,KLM110421F5,,"403-01905, 403-00955",,,"403R-00309, 403R-00192",,
CO4495373c,KLM120921F7,,"403-01905, 403-00955",,,"403R-00309, 403R-00192",,
CO4495373c,KLM7262021F3,,"403-01905, 403-00955",,,"403R-00309, 403R-00192",,
CO4495373c,KLP01042021F3,,"403-01905, 403-00955",,,"403R-00309, 403R-00192",,
CO4495373c,KLP01092020F1,,"403-01905, 403-00955",,,"403R-00309, 403R-00192",,
CO4495373c,KLP01212020F2,,"403-01905, 403-00955",,,"403R-00309, 403R-00192",,
CO4495373c,KLP02112021F2,,"403-01905, 403-00955",,,"403R-00309, 403R-00192",,
CO4495373c,KLP03042020F4,,"403-01905, 403-00955",,,"403R-00309, 403R-00192",,
CO4495373c,KLP03112021F3,,"403-01905, 403-00955",,,"403R-00309, 403R-00192",,
CO4495373c,KLP04042022F3,,"403-01905, 403-00955",,,"403R-00309, 403R-00192",,
CO4495373c,KLP04072020F2,,"403-01905, 403-00955",,,"403R-00309, 403R-00192",,
CO4495373c,KLP04162021F10,,"403-01905, 403-00955",,,"403R-00309, 403R-00192",,
CO4495373c,KLP04292021F5,,"403-01905, 403-00955",,,"403R-00309, 403R-00192",,
CO4495373c,KLP06112020F2,,"403-01905, 403-00955",,,"403R-00309, 403R-00192",,
CO4495373c,KLP06152020F5,,"403-01905, 403-00955",,,"403R-00309, 403R-00192",,
CO4495373c,KLP07262021F3,,"403-01905, 403-00955",,,"403R-00309, 403R-00192",,
CO4495373c,KLP08172020F5,,"403-01905, 403-00955",,,"403R-00309, 403R-00192",,
CO4495373c,KLP10202020F5,,"403-01905, 403-00955",,,"403R-00309, 403R-00192",,
CO4495373c,KLP11022020F3,,"403-01905, 403-00955",,,"403R-00309, 403R-00192",,
CO4495373c,KLP120921F7,,"403-01905, 403-00955",,,"403R-00309, 403R-00192",,
CO4495373c,KM022422F2,,"403-01905, 403-00955",,,"403R-00309, 403R-00192",,
CO4495373c,KM032422F11,,"403-01905, 403-00955",,,"403R-00309, 403R-00192",,
CO4495373c,KM042822F2,,"403-01905, 403-00955",,,"403R-00309, 403R-00192",,
CO4495373c,KM05092022F2,,"403-01905, 403-00955",,,"403R-00309, 403R-00192",,
CO4495373c,KM063022F2,,"403-01905, 403-00955",,,"403R-00309, 403R-00192",,
CO4495373c,KM110421F5,,"403-01905, 403-00955",,,"403R-00309, 403R-00192",,
CO4495373c,KUSH MINTS 050722 F7,,"403-01905, 403-00955",,,"403R-00309, 403R-00192",,
CO4495373c,KUSH MINTS 052622F11,,"403-01905, 403-00955",,,"403R-00309, 403R-00192",,
CO4495373c,KUSH MINTS 061622F4,,"403-01905, 403-00955",,,"403R-00309, 403R-00192",,
CO4495373c,KUSH MINTS 062322F10,,"403-01905, 403-00955",,,"403R-00309, 403R-00192",,
CO4495373c,KUSH MINTS 42922F12,,"403-01905, 403-00955",,,"403R-00309, 403R-00192",,
CO4495373c,KUSH MINTS 72822F11,,"403-01905, 403-00955",,,"403R-00309, 403R-00192",,
CO4495373c,KUSH MINTS 7722F7,,"403-01905, 403-00955",,,"403R-00309, 403R-00192",,
CO4495373c,LC0127222F12,,"403-01905, 403-00955",,,"403R-00309, 403R-00192",,
CO4495373c,LC021022F1,,"403-01905, 403-00955",,,"403R-00309, 403R-00192",,
CO4495373c,LC021022F7,,"403-01905, 403-00955",,,"403R-00309, 403R-00192",,
CO4495373c,LC022422F2,,"403-01905, 403-00955",,,"403R-00309, 403R-00192",,
CO4495373c,LC022422F5,,"403-01905, 403-00955",,,"403R-00309, 403R-00192",,
CO4495373c,LC03112021F3,,"403-01905, 403-00955",,,"403R-00309, 403R-00192",,
CO4495373c,LC04162021F10,,"403-01905, 403-00955",,,"403R-00309, 403R-00192",,
CO4495373c,LC07012021F5,,"403-01905, 403-00955",,,"403R-00309, 403R-00192",,
CO4495373c,LC07292021F4,,"403-01905, 403-00955",,,"403R-00309, 403R-00192",,
CO4495373c,LC080521F7,,"403-01905, 403-00955",,,"403R-00309, 403R-00192",,
CO4495373c,LC08232021F2,,"403-01905, 403-00955",,,"403R-00309, 403R-00192",,
CO4495373c,LC09132021F1,,"403-01905, 403-00955",,,"403R-00309, 403R-00192",,
CO4495373c,LC1202F3,,"403-01905, 403-00955",,,"403R-00309, 403R-00192",,
CO4495373c,LC120921F7,,"403-01905, 403-00955",,,"403R-00309, 403R-00192",,
CO4495373c,LC6172021F2,,"403-01905, 403-00955",,,"403R-00309, 403R-00192",,
CO4495373c,LIME OG 050622 F7,,"403-01905, 403-00955",,,"403R-00309, 403R-00192",,
CO4495373c,LKP022422F5,,"403-01905, 403-00955",,,"403R-00309, 403R-00192",,
CO4495373c,LOG01062021F7,,"403-01905, 403-00955",,,"403R-00309, 403R-00192",,
CO4495373c,LOG010622F5,,"403-01905, 403-00955",,,"403R-00309, 403R-00192",,
CO4495373c,LOG01182021F4,,"403-01905, 403-00955",,,"403R-00309, 403R-00192",,
CO4495373c,LOG01252021F1,,"403-01905, 403-00955",,,"403R-00309, 403R-00192",,
CO4495373c,LOG012722F12,,"403-01905, 403-00955",,,"403R-00309, 403R-00192",,
CO4495373c,LOG02042021F5,,"403-01905, 403-00955",,,"403R-00309, 403R-00192",,
CO4495373c,LOG02262021F5,,"403-01905, 403-00955",,,"403R-00309, 403R-00192",,
CO4495373c,LOG03042021F9,,"403-01905, 403-00955",,,"403R-00309, 403R-00192",,
CO4495373c,LOG04022021F1,,"403-01905, 403-00955",,,"403R-00309, 403R-00192",,
CO4495373c,LOG0420201F2,,"403-01905, 403-00955",,,"403R-00309, 403R-00192",,
CO4495373c,LOG04202021F2,,"403-01905, 403-00955",,,"403R-00309, 403R-00192",,
CO4495373c,LOG05132021F3,,"403-01905, 403-00955",,,"403R-00309, 403R-00192",,
CO4495373c,LOG05242021F3,,"403-01905, 403-00955",,,"403R-00309, 403R-00192",,
CO4495373c,LOG06032021F7,,"403-01905, 403-00955",,,"403R-00309, 403R-00192",,
CO4495373c,LOG07122021F1,,"403-01905, 403-00955",,,"403R-00309, 403R-00192",,
CO4495373c,LOG10022020F4,,"403-01905, 403-00955",,,"403R-00309, 403R-00192",,
CO4495373c,LOG10082021F7,,"403-01905, 403-00955",,,"403R-00309, 403R-00192",,
CO4495373c,LOG10142020F7,,"403-01905, 403-00955",,,"403R-00309, 403R-00192",,
CO4495373c,LOG111521F1,,"403-01905, 403-00955",,,"403R-00309, 403R-00192",,
CO4495373c,LOG11182020F8,,"403-01905, 403-00955",,,"403R-00309, 403R-00192",,
CO4495373c,LOG11202020F3,,"403-01905, 403-00955",,,"403R-00309, 403R-00192",,
CO4495373c,LOG1202F3,,"403-01905, 403-00955",,,"403R-00309, 403R-00192",,
CO4495373c,LOG121621F5,,"403-01905, 403-00955",,,"403R-00309, 403R-00192",,
CO4495373c,LOG12312020F1,,"403-01905, 403-00955",,,"403R-00309, 403R-00192",,
CO4495373c,LOST TRIBE 062322F10,,"403-01905, 403-00955",,,"403R-00309, 403R-00192",,
CO4495373c,LOST TRIBE 63022F12,,"403-01905, 403-00955",,,"403R-00309, 403R-00192",,
CO4495373c,LT012022F3,,"403-01905, 403-00955",,,"403R-00309, 403R-00192",,
CO4495373c,LT021022F1,,"403-01905, 403-00955",,,"403R-00309, 403R-00192",,
CO4495373c,LT022422F5,,"403-01905, 403-00955",,,"403R-00309, 403R-00192",,
CO4495373c,LT031022F5,,"403-01905, 403-00955",,,"403R-00309, 403R-00192",,
CO4495373c,LT062322F1,,"403-01905, 403-00955",,,"403R-00309, 403R-00192",,
CO4495373c,LT063022F2,,"403-01905, 403-00955",,,"403R-00309, 403R-00192",,
CO4495373c,LT090221F5,,"403-01905, 403-00955",,,"403R-00309, 403R-00192",,
CO4495373c,LT091621F3,,"403-01905, 403-00955",,,"403R-00309, 403R-00192",,
CO4495373c,LUC01142020F4,,"403-01905, 403-00955",,,"403R-00309, 403R-00192",,
CO4495373c,LUC02222021F2,,"403-01905, 403-00955",,,"403R-00309, 403R-00192",,
CO4495373c,LUC03252020F4,,"403-01905, 403-00955",,,"403R-00309, 403R-00192",,
CO4495373c,LUC04072020F2,,"403-01905, 403-00955",,,"403R-00309, 403R-00192",,
CO4495373c,LUC05072020F3,,"403-01905, 403-00955",,,"403R-00309, 403R-00192",,
CO4495373c,LUC08272020F1,,"403-01905, 403-00955",,,"403R-00309, 403R-00192",,
CO4495373c,LUC10052020F2,,"403-01905, 403-00955",,,"403R-00309, 403R-00192",,
CO4495373c,LUC10302020F1,,"403-01905, 403-00955",,,"403R-00309, 403R-00192",,
CO4495373c,LUC11162020F4,,"403-01905, 403-00955",,,"403R-00309, 403R-00192",,
CO4495373c,LUC12182020F2,,"403-01905, 403-00955",,,"403R-00309, 403R-00192",,
CO4495373c,LUC12312020F1,,"403-01905, 403-00955",,,"403R-00309, 403R-00192",,
CO4495373c,LUCKY CHARMS,,"403-01905, 403-00955",,,"403R-00309, 403R-00192",,
CO4495373c,051922F5,,"403-01905, 403-00955",,,"403R-00309, 403R-00192",,
CO4495373c,LUCKY CHARMS,,"403-01905, 403-00955",,,"403R-00309, 403R-00192",,
CO4495373c,052622F11,,"403-01905, 403-00955",,,"403R-00309, 403R-00192",,
CO4495373c,LUCKY CHARMS,,"403-01905, 403-00955",,,"403R-00309, 403R-00192",,
CO4495373c,061622F4,,"403-01905, 403-00955",,,"403R-00309, 403R-00192",,
CO4495373c,LUCKY CHARMS,,"403-01905, 403-00955",,,"403R-00309, 403R-00192",,
CO4495373c,72122F5,,"403-01905, 403-00955",,,"403R-00309, 403R-00192",,
CO4495373c,LUCKY CHARMS,,"403-01905, 403-00955",,,"403R-00309, 403R-00192",,
CO4495373c,72822F11,,"403-01905, 403-00955",,,"403R-00309, 403R-00192",,
CO4495373c,LUCKY CHARMS,,"403-01905, 403-00955",,,"403R-00309, 403R-00192",,
CO4495373c,81122F4,,"403-01905, 403-00955",,,"403R-00309, 403R-00192",,
CO4495373c,LUCKY CHARMS,,"403-01905, 403-00955",,,"403R-00309, 403R-00192",,
CO4495373c,82522F3,,"403-01905, 403-00955",,,"403R-00309, 403R-00192",,
CO4495373c,M&P021022F1,,"403-01905, 403-00955",,,"403R-00309, 403R-00192",,
CO4495373c,M&P05272021F4,,"403-01905, 403-00955",,,"403R-00309, 403R-00192",,
CO4495373c,M&P090221F5,,"403-01905, 403-00955",,,"403R-00309, 403R-00192",,
CO4495373c,M&P100721F1,,"403-01905, 403-00955",,,"403R-00309, 403R-00192",,
CO4495373c,M&P102121RM2,,"403-01905, 403-00955",,,"403R-00309, 403R-00192",,
CO4495373c,MAC AND PUNCH,,"403-01905, 403-00955",,,"403R-00309, 403R-00192",,
CO4495373c,051922F5,,"403-01905, 403-00955",,,"403R-00309, 403R-00192",,
CO4495373c,MAC020322F4,,"403-01905, 403-00955",,,"403R-00309, 403R-00192",,
CO4495373c,MAC031022F5,,"403-01905, 403-00955",,,"403R-00309, 403R-00192",,
CO4495373c,MAI TAI 050622 F7,,"403-01905, 403-00955",,,"403R-00309, 403R-00192",,
CO4495373c,MAI TAI 050722 F7,,"403-01905, 403-00955",,,"403R-00309, 403R-00192",,
CO4495373c,MAI TAI 061622F4,,"403-01905, 403-00955",,,"403R-00309, 403R-00192",,
CO4495373c,MAI TAI 062322F10,,"403-01905, 403-00955",,,"403R-00309, 403R-00192",,
CO4495373c,MAI TAI 41822F10,,"403-01905, 403-00955",,,"403R-00309, 403R-00192",,
CO4495373c,MAI TAI 41922F10,,"403-01905, 403-00955",,,"403R-00309, 403R-00192",,
CO4495373c,MAI TAI 42922F12,,"403-01905, 403-00955",,,"403R-00309, 403R-00192",,
CO4495373c,MAI TAI 63022F12,,"403-01905, 403-00955",,,"403R-00309, 403R-00192",,
CO4495373c,MAI TAI 72122F5,,"403-01905, 403-00955",,,"403R-00309, 403R-00192",,
CO4495373c,MAI TAI 72922F3,,"403-01905, 403-00955",,,"403R-00309, 403R-00192",,
CO4495373c,MAI TAI 7722F7,,"403-01905, 403-00955",,,"403R-00309, 403R-00192",,
CO4495373c,MAI02082021F4,,"403-01905, 403-00955",,,"403R-00309, 403R-00192",,
CO4495373c,MAI03022020F3,,"403-01905, 403-00955",,,"403R-00309, 403R-00192",,
CO4495373c,MAI04132020F5,,"403-01905, 403-00955",,,"403R-00309, 403R-00192",,
CO4495373c,MAI04212020F1,,"403-01905, 403-00955",,,"403R-00309, 403R-00192",,
CO4495373c,MAI06022020F2,,"403-01905, 403-00955",,,"403R-00309, 403R-00192",,
CO4495373c,MAI06112020F2,,"403-01905, 403-00955",,,"403R-00309, 403R-00192",,
CO4495373c,MAI07302020F4,,"403-01905, 403-00955",,,"403R-00309, 403R-00192",,
CO4495373c,MAI09182020F3,,"403-01905, 403-00955",,,"403R-00309, 403R-00192",,
CO4495373c,MAI10052020F2,,"403-01905, 403-00955",,,"403R-00309, 403R-00192",,
CO4495373c,MAI10202020F5,,"403-01905, 403-00955",,,"403R-00309, 403R-00192",,
CO4495373c,MAI12042020F4,,"403-01905, 403-00955",,,"403R-00309, 403R-00192",,
CO4495373c,MAITAI91522F5,,"403-01905, 403-00955",,,"403R-00309, 403R-00192",,
CO4495373c,MAITAI9822F7,,"403-01905, 403-00955",,,"403R-00309, 403R-00192",,
CO4495373c,MANDARINE CREAM,,"403-01905, 403-00955",,,"403R-00309, 403R-00192",,
CO4495373c,PIE 051922F5,,"403-01905, 403-00955",,,"403R-00309, 403R-00192",,
CO4495373c,MANDERINE CREAM,,"403-01905, 403-00955",,,"403R-00309, 403R-00192",,
CO4495373c,PIE 052622F11,,"403-01905, 403-00955",,,"403R-00309, 403R-00192",,
CO4495373c,MB071422F5,,"403-01905, 403-00955",,,"403R-00309, 403R-00192",,
CO4495373c,MCP021022F7,,"403-01905, 403-00955",,,"403R-00309, 403R-00192",,
CO4495373c,MCP031022F5,,"403-01905, 403-00955",,,"403R-00309, 403R-00192",,
CO4495373c,MCP032422F11,,"403-01905, 403-00955",,,"403R-00309, 403R-00192",,
CO4495373c,MCP04182022F4,,"403-01905, 403-00955",,,"403R-00309, 403R-00192",,
CO4495373c,MCP06172021F2.,,"403-01905, 403-00955",,,"403R-00309, 403R-00192",,
CO4495373c,MCP062322F1,,"403-01905, 403-00955",,,"403R-00309, 403R-00192",,
CO4495373c,MCP100721F1,,"403-01905, 403-00955",,,"403R-00309, 403R-00192",,
CO4495373c,MCP102121RM2,,"403-01905, 403-00955",,,"403R-00309, 403R-00192",,
CO4495373c,MEL012722F12,,"403-01905, 403-00955",,,"403R-00309, 403R-00192",,
CO4495373c,MEL013122F3,,"403-01905, 403-00955",,,"403R-00309, 403R-00192",,
CO4495373c,MEL022422F5,,"403-01905, 403-00955",,,"403R-00309, 403R-00192",,
CO4495373c,MEL02262021F5,,"403-01905, 403-00955",,,"403R-00309, 403R-00192",,
CO4495373c,MEL042122F1,,"403-01905, 403-00955",,,"403R-00309, 403R-00192",,
CO4495373c,MEL052622F3,,"403-01905, 403-00955",,,"403R-00309, 403R-00192",,
CO4495373c,MEL06032021F7,,"403-01905, 403-00955",,,"403R-00309, 403R-00192",,
CO4495373c,MEL06172021F2,,"403-01905, 403-00955",,,"403R-00309, 403R-00192",,
CO4495373c,MEL07152021F3,,"403-01905, 403-00955",,,"403R-00309, 403R-00192",,
CO4495373c,MEL09132021F1,,"403-01905, 403-00955",,,"403R-00309, 403R-00192",,
CO4495373c,MEL09252021F3,,"403-01905, 403-00955",,,"403R-00309, 403R-00192",,
CO4495373c,MEL100721F1,,"403-01905, 403-00955",,,"403R-00309, 403R-00192",,
CO4495373c,MEL10082021F7,,"403-01905, 403-00955",,,"403R-00309, 403R-00192",,
CO4495373c,MEL102121RM2,,"403-01905, 403-00955",,,"403R-00309, 403R-00192",,
CO4495373c,MEL111821F3,,"403-01905, 403-00955",,,"403R-00309, 403R-00192",,
CO4495373c,MEL120221F4,,"403-01905, 403-00955",,,"403R-00309, 403R-00192",,
CO4495373c,MELONADE 051922F5,,"403-01905, 403-00955",,,"403R-00309, 403R-00192",,
CO4495373c,MELONADE 052622F11,,"403-01905, 403-00955",,,"403R-00309, 403R-00192",,
CO4495373c,MELONADE 72122F5,,"403-01905, 403-00955",,,"403R-00309, 403R-00192",,
CO4495373c,MGMO1202F3,,"403-01905, 403-00955",,,"403R-00309, 403R-00192",,
CO4495373c,MH02112021F2,,"403-01905, 403-00955",,,"403R-00309, 403R-00192",,
CO4495373c,MH04022021F1,,"403-01905, 403-00955",,,"403R-00309, 403R-00192",,
CO4495373c,MH051222F5,,"403-01905, 403-00955",,,"403R-00309, 403R-00192",,
CO4495373c,MH06032021F1,,"403-01905, 403-00955",,,"403R-00309, 403R-00192",,
CO4495373c,MH07012021F5,,"403-01905, 403-00955",,,"403R-00309, 403R-00192",,
CO4495373c,MH081921F2,,"403-01905, 403-00955",,,"403R-00309, 403R-00192",,
CO4495373c,MH090221F5,,"403-01905, 403-00955",,,"403R-00309, 403R-00192",,
CO4495373c,MH120221F4,,"403-01905, 403-00955",,,"403R-00309, 403R-00192",,
CO4495373c,MNP10112021F4,,"403-01905, 403-00955",,,"403R-00309, 403R-00192",,
CO4495373c,MOO04072020F2,,"403-01905, 403-00955",,,"403R-00309, 403R-00192",,
CO4495373c,MOO11022020F3,,"403-01905, 403-00955",,,"403R-00309, 403R-00192",,
CO4495373c,MOTOR BREATH,,"403-01905, 403-00955",,,"403R-00309, 403R-00192",,
CO4495373c,061622F4,,"403-01905, 403-00955",,,"403R-00309, 403R-00192",,
CO4495373c,MP04152021F2,,"403-01905, 403-00955",,,"403R-00309, 403R-00192",,
CO4495373c,MP121321,,"403-01905, 403-00955",,,"403R-00309, 403R-00192",,
CO4495373c,MP122721F2,,"403-01905, 403-00955",,,"403R-00309, 403R-00192",,
CO4495373c,MT011722,,"403-01905, 403-00955",,,"403R-00309, 403R-00192",,
CO4495373c,MT042822F2,,"403-01905, 403-00955",,,"403R-00309, 403R-00192",,
CO4495373c,MT05272021F4,,"403-01905, 403-00955",,,"403R-00309, 403R-00192",,
CO4495373c,MT06152020F5,,"403-01905, 403-00955",,,"403R-00309, 403R-00192",,
CO4495373c,MT06172021F2,,"403-01905, 403-00955",,,"403R-00309, 403R-00192",,
CO4495373c,MT071422F5,,"403-01905, 403-00955",,,"403R-00309, 403R-00192",,
CO4495373c,MT09212020F1,,"403-01905, 403-00955",,,"403R-00309, 403R-00192",,
CO4495373c,MT11252020F1,,"403-01905, 403-00955",,,"403R-00309, 403R-00192",,
CO4495373c,MT4040722F4,,"403-01905, 403-00955",,,"403R-00309, 403R-00192",,
CO4495373c,MT407152021F3,,"403-01905, 403-00955",,,"403R-00309, 403R-00192",,
CO4495373c,MT4091621F3,,"403-01905, 403-00955",,,"403R-00309, 403R-00192",,
CO4495373c,MT4100121F4,,"403-01905, 403-00955",,,"403R-00309, 403R-00192",,
CO4495373c,MT4111821F3,,"403-01905, 403-00955",,,"403R-00309, 403R-00192",,
CO4495373c,MT4120221F4,,"403-01905, 403-00955",,,"403R-00309, 403R-00192",,
CO4495373c,OG02112020F1,,"403-01905, 403-00955",,,"403R-00309, 403R-00192",,
CO4495373c,PA02262021F5,,"403-01905, 403-00955",,,"403R-00309, 403R-00192",,
CO4495373c,PA030722,,"403-01905, 403-00955",,,"403R-00309, 403R-00192",,
CO4495373c,PA032422F3,,"403-01905, 403-00955",,,"403R-00309, 403R-00192",,
CO4495373c,PA04292021F5,,"403-01905, 403-00955",,,"403R-00309, 403R-00192",,
CO4495373c,PA07132020F4,,"403-01905, 403-00955",,,"403R-00309, 403R-00192",,
CO4495373c,PA071422F5,,"403-01905, 403-00955",,,"403R-00309, 403R-00192",,
CO4495373c,PA090221F5,,"403-01905, 403-00955",,,"403R-00309, 403R-00192",,
CO4495373c,PA09132021F1,,"403-01905, 403-00955",,,"403R-00309, 403R-00192",,
CO4495373c,PA09212020F1,,"403-01905, 403-00955",,,"403R-00309, 403R-00192",,
CO4495373c,PA09272021F3,,"403-01905, 403-00955",,,"403R-00309, 403R-00192",,
CO4495373c,PA100121F4,,"403-01905, 403-00955",,,"403R-00309, 403R-00192",,
CO4495373c,PA11162020F4,,"403-01905, 403-00955",,,"403R-00309, 403R-00192",,
CO4495373c,PA11252020F1,,"403-01905, 403-00955",,,"403R-00309, 403R-00192",,
CO4495373c,PA12072020F2,,"403-01905, 403-00955",,,"403R-00309, 403R-00192",,
CO4495373c,PAP012022F3,,"403-01905, 403-00955",,,"403R-00309, 403R-00192",,
CO4495373c,PAP012722F12,,"403-01905, 403-00955",,,"403R-00309, 403R-00192",,
CO4495373c,PAP020322F4,,"403-01905, 403-00955",,,"403R-00309, 403R-00192",,
CO4495373c,PAP032422F11,,"403-01905, 403-00955",,,"403R-00309, 403R-00192",,
CO4495373c,PAP060922F4,,"403-01905, 403-00955",,,"403R-00309, 403R-00192",,
CO4495373c,PAP090221F5,,"403-01905, 403-00955",,,"403R-00309, 403R-00192",,
CO4495373c,PAP121621,,"403-01905, 403-00955",,,"403R-00309, 403R-00192",,
CO4495373c,PAP122321F2,,"403-01905, 403-00955",,,"403R-00309, 403R-00192",,
CO4495373c,PAPAYA 41822F10,,"403-01905, 403-00955",,,"403R-00309, 403R-00192",,
CO4495373c,PC01032020F3,,"403-01905, 403-00955",,,"403R-00309, 403R-00192",,
CO4495373c,PC01212020F2,,"403-01905, 403-00955",,,"403R-00309, 403R-00192",,
CO4495373c,PC03042020F4,,"403-01905, 403-00955",,,"403R-00309, 403R-00192",,
CO4495373c,PC03252020F2,,"403-01905, 403-00955",,,"403R-00309, 403R-00192",,
CO4495373c,PC04132020F5,,"403-01905, 403-00955",,,"403R-00309, 403R-00192",,
CO4495373c,PJ02-03-22F4,,"403-01905, 403-00955",,,"403R-00309, 403R-00192",,
CO4495373c,PJ032122F1,,"403-01905, 403-00955",,,"403R-00309, 403R-00192",,
CO4495373c,PJ04042022F3,,"403-01905, 403-00955",,,"403R-00309, 403R-00192",,
CO4495373c,PJ040722F4,,"403-01905, 403-00955",,,"403R-00309, 403R-00192",,
CO4495373c,PJ051222F5,,"403-01905, 403-00955",,,"403R-00309, 403R-00192",,
CO4495373c,PJ081921F2,,"403-01905, 403-00955",,,"403R-00309, 403R-00192",,
CO4495373c,PJ090221F5,,"403-01905, 403-00955",,,"403R-00309, 403R-00192",,
CO4495373c,PJ122321F2,,"403-01905, 403-00955",,,"403R-00309, 403R-00192",,
CO4495373c,PJG022422F5.A,,"403-01905, 403-00955",,,"403R-00309, 403R-00192",,
CO4495373c,PJG08232021F2,,"403-01905, 403-00955",,,"403R-00309, 403R-00192",,
CO4495373c,PJP121621F5,,"403-01905, 403-00955",,,"403R-00309, 403R-00192",,
CO4495373c,PP010622F5,,"403-01905, 403-00955",,,"403R-00309, 403R-00192",,
CO4495373c,PP012022F3,,"403-01905, 403-00955",,,"403R-00309, 403R-00192",,
CO4495373c,PP01222021F3,,"403-01905, 403-00955",,,"403R-00309, 403R-00192",,
CO4495373c,PP01252021F1,,"403-01905, 403-00955",,,"403R-00309, 403R-00192",,
CO4495373c,PP03022020F3,,"403-01905, 403-00955",,,"403R-00309, 403R-00192",,
CO4495373c,PP031022F5,,"403-01905, 403-00955",,,"403R-00309, 403R-00192",,
CO4495373c,PP03222021F3,,"403-01905, 403-00955",,,"403R-00309, 403R-00192",,
CO4495373c,PP04012021F7,,"403-01905, 403-00955",,,"403R-00309, 403R-00192",,
CO4495373c,PP04042022F3,,"403-01905, 403-00955",,,"403R-00309, 403R-00192",,
CO4495373c,PP04152021F2,,"403-01905, 403-00955",,,"403R-00309, 403R-00192",,
CO4495373c,PP04202021F2,,"403-01905, 403-00955",,,"403R-00309, 403R-00192",,
CO4495373c,PP04212020F1,,"403-01905, 403-00955",,,"403R-00309, 403R-00192",,
CO4495373c,PP04272020F3,,"403-01905, 403-00955",,,"403R-00309, 403R-00192",,
CO4495373c,PP05102021F1,,"403-01905, 403-00955",,,"403R-00309, 403R-00192",,
CO4495373c,PP051222F5,,"403-01905, 403-00955",,,"403R-00309, 403R-00192",,
CO4495373c,PP05242021F3,,"403-01905, 403-00955",,,"403R-00309, 403R-00192",,
CO4495373c,PP052622F3,,"403-01905, 403-00955",,,"403R-00309, 403R-00192",,
CO4495373c,PP05272020F4,,"403-01905, 403-00955",,,"403R-00309, 403R-00192",,
CO4495373c,PP081122F4,,"403-01905, 403-00955",,,"403R-00309, 403R-00192",,
CO4495373c,PP081921F2,,"403-01905, 403-00955",,,"403R-00309, 403R-00192",,
CO4495373c,PP08272020F1,,"403-01905, 403-00955",,,"403R-00309, 403R-00192",,
CO4495373c,PP090221F5,,"403-01905, 403-00955",,,"403R-00309, 403R-00192",,
CO4495373c,PP091621F3,,"403-01905, 403-00955",,,"403R-00309, 403R-00192",,
CO4495373c,PP09182020F3,,"403-01905, 403-00955",,,"403R-00309, 403R-00192",,
CO4495373c,PP10052020F2,,"403-01905, 403-00955",,,"403R-00309, 403R-00192",,
CO4495373c,PP10142020F7,,"403-01905, 403-00955",,,"403R-00309, 403R-00192",,
CO4495373c,PP10162020F2,,"403-01905, 403-00955",,,"403R-00309, 403R-00192",,
CO4495373c,PP10302020F1,,"403-01905, 403-00955",,,"403R-00309, 403R-00192",,
CO4495373c,PP11022020F3,,"403-01905, 403-00955",,,"403R-00309, 403R-00192",,
CO4495373c,PP11042020F5,,"403-01905, 403-00955",,,"403R-00309, 403R-00192",,
CO4495373c,PP12072020F2,,"403-01905, 403-00955",,,"403R-00309, 403R-00192",,
CO4495373c,PP120921F1,,"403-01905, 403-00955",,,"403R-00309, 403R-00192",,
CO4495373c,PP121321,,"403-01905, 403-00955",,,"403R-00309, 403R-00192",,
CO4495373c,PP12212020F5,,"403-01905, 403-00955",,,"403R-00309, 403R-00192",,
CO4495373c,PP122321F2,,"403-01905, 403-00955",,,"403R-00309, 403R-00192",,
CO4495373c,PRK071422F5,,"403-01905, 403-00955",,,"403R-00309, 403R-00192",,
CO4495373c,PS060922F4,,"403-01905, 403-00955",,,"403R-00309, 403R-00192",,
CO4495373c,PUR01092020F1,,"403-01905, 403-00955",,,"403R-00309, 403R-00192",,
CO4495373c,PUR03022020F3,,"403-01905, 403-00955",,,"403R-00309, 403R-00192",,
CO4495373c,PUR03172020F1,,"403-01905, 403-00955",,,"403R-00309, 403R-00192",,
CO4495373c,PUR03252020F2,,"403-01905, 403-00955",,,"403R-00309, 403R-00192",,
CO4495373c,PUR10202020F5,,"403-01905, 403-00955",,,"403R-00309, 403R-00192",,
CO4495373c,PURPLE JAHGOO,,"403-01905, 403-00955",,,"403R-00309, 403R-00192",,
CO4495373c,052622F11,,"403-01905, 403-00955",,,"403R-00309, 403R-00192",,
CO4495373c,PURPLE JAHGOO,,"403-01905, 403-00955",,,"403R-00309, 403R-00192",,
CO4495373c,63022F12,,"403-01905, 403-00955",,,"403R-00309, 403R-00192",,
CO4495373c,PURPLE PUNCH,,"403-01905, 403-00955",,,"403R-00309, 403R-00192",,
CO4495373c,061622F4,,"403-01905, 403-00955",,,"403R-00309, 403R-00192",,
CO4495373c,PURPLE PUNCH,,"403-01905, 403-00955",,,"403R-00309, 403R-00192",,
CO4495373c,062322F10,,"403-01905, 403-00955",,,"403R-00309, 403R-00192",,
CO4495373c,PURPLE PUNCH,,"403-01905, 403-00955",,,"403R-00309, 403R-00192",,
CO4495373c,72822F11,,"403-01905, 403-00955",,,"403R-00309, 403R-00192",,
CO4495373c,PURPLE PUNCH,,"403-01905, 403-00955",,,"403R-00309, 403R-00192",,
CO4495373c,72922F3,,"403-01905, 403-00955",,,"403R-00309, 403R-00192",,
CO4495373c,PURPLE PUNCH,,"403-01905, 403-00955",,,"403R-00309, 403R-00192",,
CO4495373c,81822F10,,"403-01905, 403-00955",,,"403R-00309, 403R-00192",,
CO4495373c,RC031022F5,,"403-01905, 403-00955",,,"403R-00309, 403R-00192",,
CO4495373c,RC032422F3,,"403-01905, 403-00955",,,"403R-00309, 403R-00192",,
CO4495373c,RC042822F2,,"403-01905, 403-00955",,,"403R-00309, 403R-00192",,
CO4495373c,RC05232022F1,,"403-01905, 403-00955",,,"403R-00309, 403R-00192",,
CO4495373c,RC110421F5,,"403-01905, 403-00955",,,"403R-00309, 403R-00192",,
CO4495373c,RC122321F2,,"403-01905, 403-00955",,,"403R-00309, 403R-00192",,
CO4495373c,RM021022F1,,"403-01905, 403-00955",,,"403R-00309, 403R-00192",,
CO4495373c,RM031022F5,,"403-01905, 403-00955",,,"403R-00309, 403R-00192",,
CO4495373c,RM04042022F3,,"403-01905, 403-00955",,,"403R-00309, 403R-00192",,
CO4495373c,RM052622F3,,"403-01905, 403-00955",,,"403R-00309, 403R-00192",,
CO4495373c,RM100121F4,,"403-01905, 403-00955",,,"403R-00309, 403R-00192",,
CO4495373c,RM102121RM2,,"403-01905, 403-00955",,,"403R-00309, 403R-00192",,
CO4495373c,RM1202F3,,"403-01905, 403-00955",,,"403R-00309, 403R-00192",,
CO4495373c,RM6172021F2,,"403-01905, 403-00955",,,"403R-00309, 403R-00192",,
CO4495373c,RNT03252021F4,,"403-01905, 403-00955",,,"403R-00309, 403R-00192",,
CO4495373c,RTZ022422F5,,"403-01905, 403-00955",,,"403R-00309, 403R-00192",,
CO4495373c,RUM CAKE 051922F5,,"403-01905, 403-00955",,,"403R-00309, 403R-00192",,
CO4495373c,RUM CAKE 052622F11,,"403-01905, 403-00955",,,"403R-00309, 403R-00192",,
CO4495373c,RUM CAKE 061622F4,,"403-01905, 403-00955",,,"403R-00309, 403R-00192",,
CO4495373c,RUM CAKE 062322F10,,"403-01905, 403-00955",,,"403R-00309, 403R-00192",,
CO4495373c,RUM CAKE 42922F12,,"403-01905, 403-00955",,,"403R-00309, 403R-00192",,
CO4495373c,RUM CAKE 43022F12,,"403-01905, 403-00955",,,"403R-00309, 403R-00192",,
CO4495373c,RUM CAKE 81122F4,,"403-01905, 403-00955",,,"403R-00309, 403R-00192",,
CO4495373c,RZ010622F5,,"403-01905, 403-00955",,,"403R-00309, 403R-00192",,
CO4495373c,RZ020322F4,,"403-01905, 403-00955",,,"403R-00309, 403R-00192",,
CO4495373c,RZ063022F2,,"403-01905, 403-00955",,,"403R-00309, 403R-00192",,
CO4495373c,RZ080521F1,,"403-01905, 403-00955",,,"403R-00309, 403R-00192",,
CO4495373c,SD031022F5,,"403-01905, 403-00955",,,"403R-00309, 403R-00192",,
CO4495373c,SD032122F1,,"403-01905, 403-00955",,,"403R-00309, 403R-00192",,
CO4495373c,SD032422F3,,"403-01905, 403-00955",,,"403R-00309, 403R-00192",,
CO4495373c,SD03252021F4,,"403-01905, 403-00955",,,"403R-00309, 403R-00192",,
CO4495373c,SD040722F4,,"403-01905, 403-00955",,,"403R-00309, 403R-00192",,
CO4495373c,SD042122F1,,"403-01905, 403-00955",,,"403R-00309, 403R-00192",,
CO4495373c,SD070121F5,,"403-01905, 403-00955",,,"403R-00309, 403R-00192",,
CO4495373c,SD07292021F4,,"403-01905, 403-00955",,,"403R-00309, 403R-00192",,
CO4495373c,SD080521F7,,"403-01905, 403-00955",,,"403R-00309, 403R-00192",,
CO4495373c,SD110421F5,,"403-01905, 403-00955",,,"403R-00309, 403R-00192",,
CO4495373c,SD120221F4,,"403-01905, 403-00955",,,"403R-00309, 403R-00192",,
CO4495373c,SD120921F7,,"403-01905, 403-00955",,,"403R-00309, 403R-00192",,
CO4495373c,SD122321F10,,"403-01905, 403-00955",,,"403R-00309, 403R-00192",,
CO4495373c,SDU021022F7,,"403-01905, 403-00955",,,"403R-00309, 403R-00192",,
CO4495373c,SDU122321F10,,"403-01905, 403-00955",,,"403R-00309, 403R-00192",,
CO4495373c,SN021022F1,,"403-01905, 403-00955",,,"403R-00309, 403R-00192",,
CO4495373c,SN032122F1,,"403-01905, 403-00955",,,"403R-00309, 403R-00192",,
CO4495373c,SN07012021F5,,"403-01905, 403-00955",,,"403R-00309, 403R-00192",,
CO4495373c,SN080521F7,,"403-01905, 403-00955",,,"403R-00309, 403R-00192",,
CO4495373c,SN112921F3,,"403-01905, 403-00955",,,"403R-00309, 403R-00192",,
CO4495373c,SO122321F10,,"403-01905, 403-00955",,,"403R-00309, 403R-00192",,
CO4495373c,SOUR DEUCE 72222F5,,"403-01905, 403-00955",,,"403R-00309, 403R-00192",,
CO4495373c,SOUR DEUCE 72922F11,,"403-01905, 403-00955",,,"403R-00309, 403R-00192",,
CO4495373c,SOUR DEUCE 81822F10,,"403-01905, 403-00955",,,"403R-00309, 403R-00192",,
CO4495373c,SR121621F5,,"403-01905, 403-00955",,,"403R-00309, 403R-00192",,
CO4495373c,STR01142020F4,,"403-01905, 403-00955",,,"403R-00309, 403R-00192",,
CO4495373c,STR04072020F2,,"403-01905, 403-00955",,,"403R-00309, 403R-00192",,
CO4495373c,STR06112020F2,,"403-01905, 403-00955",,,"403R-00309, 403R-00192",,
CO4495373c,STR06152020F5,,"403-01905, 403-00955",,,"403R-00309, 403R-00192",,
CO4495373c,STR06252020F1,,"403-01905, 403-00955",,,"403R-00309, 403R-00192",,
CO4495373c,STR08132020F2,,"403-01905, 403-00955",,,"403R-00309, 403R-00192",,
CO4495373c,STR09142020F4,,"403-01905, 403-00955",,,"403R-00309, 403R-00192",,
CO4495373c,STR09182020F3,,"403-01905, 403-00955",,,"403R-00309, 403R-00192",,
CO4495373c,STR10052020F2,,"403-01905, 403-00955",,,"403R-00309, 403R-00192",,
CO4495373c,STR10302020F1,,"403-01905, 403-00955",,,"403R-00309, 403R-00192",,
CO4495373c,STR11252020F1,,"403-01905, 403-00955",,,"403R-00309, 403R-00192",,
CO4495373c,STR12042020F4,,"403-01905, 403-00955",,,"403R-00309, 403R-00192",,
CO4495373c,SUNDAE DRIVER,,"403-01905, 403-00955",,,"403R-00309, 403R-00192",,
CO4495373c,050622 F7,,"403-01905, 403-00955",,,"403R-00309, 403R-00192",,
CO4495373c,SUNDAE DRIVER,,"403-01905, 403-00955",,,"403R-00309, 403R-00192",,
CO4495373c,051922F5,,"403-01905, 403-00955",,,"403R-00309, 403R-00192",,
CO4495373c,SUNDAE DRIVER,,"403-01905, 403-00955",,,"403R-00309, 403R-00192",,
CO4495373c,81122F4,,"403-01905, 403-00955",,,"403R-00309, 403R-00192",,
CO4495373c,TAN01032020F3,,"403-01905, 403-00955",,,"403R-00309, 403R-00192",,
CO4495373c,TAN01142020F4,,"403-01905, 403-00955",,,"403R-00309, 403R-00192",,
CO4495373c,TAN04212020F1,,"403-01905, 403-00955",,,"403R-00309, 403R-00192",,
CO4495373c,TAN05072020F3,,"403-01905, 403-00955",,,"403R-00309, 403R-00192",,
CO4495373c,TAN07142020F3,,"403-01905, 403-00955",,,"403R-00309, 403R-00192",,
CO4495373c,TAN10162020F2,,"403-01905, 403-00955",,,"403R-00309, 403R-00192",,
CO4495373c,TAN11202020F3,,"403-01905, 403-00955",,,"403R-00309, 403R-00192",,
CO4495373c,TAN12042020F4,,"403-01905, 403-00955",,,"403R-00309, 403R-00192",,
CO4495373c,TAN12182020F2,,"403-01905, 403-00955",,,"403R-00309, 403R-00192",,
CO4495373c,TAN12312020F1,,"403-01905, 403-00955",,,"403R-00309, 403R-00192",,
CO4495373c,TANG10162020F2,,"403-01905, 403-00955",,,"403R-00309, 403R-00192",,
CO4495373c,TB012022F3,,"403-01905, 403-00955",,,"403R-00309, 403R-00192",,
CO4495373c,TB022422F5,,"403-01905, 403-00955",,,"403R-00309, 403R-00192",,
CO4495373c,TES04022021F1,,"403-01905, 403-00955",,,"403R-00309, 403R-00192",,
CO4495373c,TES051222F5,,"403-01905, 403-00955",,,"403R-00309, 403R-00192",,
CO4495373c,TES08232021F2,,"403-01905, 403-00955",,,"403R-00309, 403R-00192",,
CO4495373c,TES090221F5,,"403-01905, 403-00955",,,"403R-00309, 403R-00192",,
CO4495373c,TES120221F4,,"403-01905, 403-00955",,,"403R-00309, 403R-00192",,
CO4495373c,TESS012022F3,,"403-01905, 403-00955",,,"403R-00309, 403R-00192",,
CO4495373c,TESS02182020F3,,"403-01905, 403-00955",,,"403R-00309, 403R-00192",,
CO4495373c,TESS032422F11,,"403-01905, 403-00955",,,"403R-00309, 403R-00192",,
CO4495373c,TESS080521F1,,"403-01905, 403-00955",,,"403R-00309, 403R-00192",,
CO4495373c,TESS080521F7,,"403-01905, 403-00955",,,"403R-00309, 403R-00192",,
CO4495373c,TESS081921F10,,"403-01905, 403-00955",,,"403R-00309, 403R-00192",,
CO4495373c,TESS081921F2,,"403-01905, 403-00955",,,"403R-00309, 403R-00192",,
CO4495373c,TESS09212020F1,,"403-01905, 403-00955",,,"403R-00309, 403R-00192",,
CO4495373c,TESS10202020F5,,"403-01905, 403-00955",,,"403R-00309, 403R-00192",,
CO4495373c,TESS122321F2,,"403-01905, 403-00955",,,"403R-00309, 403R-00192",,
CO4495373c,TESSARACT Primary,,"403-01905, 403-00955",,,"403R-00309, 403R-00192",,
CO4495373c,Harvest 21 Oct 2021,,"403-01905, 403-00955",,,"403R-00309, 403R-00192",,
CO4495373c,TESSERACT 050622 F7,,"403-01905, 403-00955",,,"403R-00309, 403R-00192",,
CO4495373c,TESSERACT 062322F10,,"403-01905, 403-00955",,,"403R-00309, 403R-00192",,
CO4495373c,TK06032021F1,,"403-01905, 403-00955",,,"403R-00309, 403R-00192",,
CO4495373c,TK06032021F7,,"403-01905, 403-00955",,,"403R-00309, 403R-00192",,
CO4495373c,TK06102021F5,,"403-01905, 403-00955",,,"403R-00309, 403R-00192",,
CO4495373c,TK07012021F5,,"403-01905, 403-00955",,,"403R-00309, 403R-00192",,
CO4495373c,TK07012021F5FF,,"403-01905, 403-00955",,,"403R-00309, 403R-00192",,
CO4495373c,TK07292021F4,,"403-01905, 403-00955",,,"403R-00309, 403R-00192",,
CO4495373c,TK100121F4,,"403-01905, 403-00955",,,"403R-00309, 403R-00192",,
CO4495373c,TK111821F3,,"403-01905, 403-00955",,,"403R-00309, 403R-00192",,
CO4495373c,TK122721F2,,"403-01905, 403-00955",,,"403R-00309, 403R-00192",,
CO4495373c,TOX01242020F2,,"403-01905, 403-00955",,,"403R-00309, 403R-00192",,
CO4495373c,TROP090221F5,,"403-01905, 403-00955",,,"403R-00309, 403R-00192",,
CO4495373c,TROPICANNA BANANA,,"403-01905, 403-00955",,,"403R-00309, 403R-00192",,
CO4495373c,07042022F2,,"403-01905, 403-00955",,,"403R-00309, 403R-00192",,
CO4495373c,VS01092020F1,,"403-01905, 403-00955",,,"403R-00309, 403R-00192",,
CO4495373c,VS02042020F5,,"403-01905, 403-00955",,,"403R-00309, 403R-00192",,
CO4495373c,VS02182020F3,,"403-01905, 403-00955",,,"403R-00309, 403R-00192",,
CO4495373c,WAS01032020F3,,"403-01905, 403-00955",,,"403R-00309, 403R-00192",,
CO4495373c,WAS01242020F2,,"403-01905, 403-00955",,,"403R-00309, 403R-00192",,
CO4495373c,WAS04132020F5,,"403-01905, 403-00955",,,"403R-00309, 403R-00192",,
CO4495373c,WC01062021F7,,"403-01905, 403-00955",,,"403R-00309, 403R-00192",,
CO4495373c,WC010622F5,,"403-01905, 403-00955",,,"403R-00309, 403R-00192",,
CO4495373c,WC011722,,"403-01905, 403-00955",,,"403R-00309, 403R-00192",,
CO4495373c,WC01182021F4,,"403-01905, 403-00955",,,"403R-00309, 403R-00192",,
CO4495373c,WC01252021F1,,"403-01905, 403-00955",,,"403R-00309, 403R-00192",,
CO4495373c,WC012722F12,,"403-01905, 403-00955",,,"403R-00309, 403R-00192",,
CO4495373c,WC02082021F4,,"403-01905, 403-00955",,,"403R-00309, 403R-00192",,
CO4495373c,WC02112020F1,,"403-01905, 403-00955",,,"403R-00309, 403R-00192",,
CO4495373c,WC021422F4,,"403-01905, 403-00955",,,"403R-00309, 403R-00192",,
CO4495373c,WC02222021F2,,"403-01905, 403-00955",,,"403R-00309, 403R-00192",,
CO4495373c,WC022422F5.A,,"403-01905, 403-00955",,,"403R-00309, 403R-00192",,
CO4495373c,WC02262021F5,,"403-01905, 403-00955",,,"403R-00309, 403R-00192",,
CO4495373c,WC032422F3,,"403-01905, 403-00955",,,"403R-00309, 403R-00192",,
CO4495373c,WC03252020F4,,"403-01905, 403-00955",,,"403R-00309, 403R-00192",,
CO4495373c,WC04072020F2,,"403-01905, 403-00955",,,"403R-00309, 403R-00192",,
CO4495373c,WC04082021F5,,"403-01905, 403-00955",,,"403R-00309, 403R-00192",,
CO4495373c,WC04132020F5,,"403-01905, 403-00955",,,"403R-00309, 403R-00192",,
CO4495373c,WC04152021F2,,"403-01905, 403-00955",,,"403R-00309, 403R-00192",,
CO4495373c,WC04202021F2,,"403-01905, 403-00955",,,"403R-00309, 403R-00192",,
CO4495373c,WC042822F2,,"403-01905, 403-00955",,,"403R-00309, 403R-00192",,
CO4495373c,WC05102021F1,,"403-01905, 403-00955",,,"403R-00309, 403R-00192",,
CO4495373c,WC05132021F3,,"403-01905, 403-00955",,,"403R-00309, 403R-00192",,
CO4495373c,WC05242021F3,,"403-01905, 403-00955",,,"403R-00309, 403R-00192",,
CO4495373c,WC05272021F4,,"403-01905, 403-00955",,,"403R-00309, 403R-00192",,
CO4495373c,WC06022020F2,,"403-01905, 403-00955",,,"403R-00309, 403R-00192",,
CO4495373c,WC06032021F1,,"403-01905, 403-00955",,,"403R-00309, 403R-00192",,
CO4495373c,WC060922F4,,"403-01905, 403-00955",,,"403R-00309, 403R-00192",,
CO4495373c,WC06252020F1,,"403-01905, 403-00955",,,"403R-00309, 403R-00192",,
CO4495373c,WC063022F2,,"403-01905, 403-00955",,,"403R-00309, 403R-00192",,
CO4495373c,WC07012020F3,,"403-01905, 403-00955",,,"403R-00309, 403R-00192",,
CO4495373c,WC07012021F5,,"403-01905, 403-00955",,,"403R-00309, 403R-00192",,
CO4495373c,WC07122021F1,,"403-01905, 403-00955",,,"403R-00309, 403R-00192",,
CO4495373c,WC07292021F4,,"403-01905, 403-00955",,,"403R-00309, 403R-00192",,
CO4495373c,WC081122F4,,"403-01905, 403-00955",,,"403R-00309, 403R-00192",,
CO4495373c,WC081221F5,,"403-01905, 403-00955",,,"403R-00309, 403R-00192",,
CO4495373c,WC08132020F2,,"403-01905, 403-00955",,,"403R-00309, 403R-00192",,
CO4495373c,WC08272020F1,,"403-01905, 403-00955",,,"403R-00309, 403R-00192",,
CO4495373c,WC09142020F4,,"403-01905, 403-00955",,,"403R-00309, 403R-00192",,
CO4495373c,WC10022020F4,,"403-01905, 403-00955",,,"403R-00309, 403R-00192",,
CO4495373c,WC10142020F7,,"403-01905, 403-00955",,,"403R-00309, 403R-00192",,
CO4495373c,WC10162020F2,,"403-01905, 403-00955",,,"403R-00309, 403R-00192",,
CO4495373c,WC10202020F5,,"403-01905, 403-00955",,,"403R-00309, 403R-00192",,
CO4495373c,WC11042020F5,,"403-01905, 403-00955",,,"403R-00309, 403R-00192",,
CO4495373c,WC110421F5,,"403-01905, 403-00955",,,"403R-00309, 403R-00192",,
CO4495373c,WC11162020F4,,"403-01905, 403-00955",,,"403R-00309, 403R-00192",,
CO4495373c,WC11202020F3,,"403-01905, 403-00955",,,"403R-00309, 403R-00192",,
CO4495373c,WC12042020F4,,"403-01905, 403-00955",,,"403R-00309, 403R-00192",,
CO4495373c,WC120921F1,,"403-01905, 403-00955",,,"403R-00309, 403R-00192",,
CO4495373c,WC122321F2,,"403-01905, 403-00955",,,"403R-00309, 403R-00192",,
CO4495373c,WC12312020F1,,"403-01905, 403-00955",,,"403R-00309, 403R-00192",,
CO4495373c,WC6172021F2,,"403-01905, 403-00955",,,"403R-00309, 403R-00192",,
CO4495373c,WEDDING CAKE 050722,,"403-01905, 403-00955",,,"403R-00309, 403R-00192",,
CO4495373c,F7,,"403-01905, 403-00955",,,"403R-00309, 403R-00192",,
CO4495373c,WEDDING CAKE,,"403-01905, 403-00955",,,"403R-00309, 403R-00192",,
CO4495373c,062322F10,,"403-01905, 403-00955",,,"403R-00309, 403R-00192",,
CO4495373c,WEDDING CAKE,,"403-01905, 403-00955",,,"403R-00309, 403R-00192",,
CO4495373c,43022F12,,"403-01905, 403-00955",,,"403R-00309, 403R-00192",,
CO4495373c,WEDDING CAKE,,"403-01905, 403-00955",,,"403R-00309, 403R-00192",,
CO4495373c,7722F7,,"403-01905, 403-00955",,,"403R-00309, 403R-00192",,
CO4495373c,WEDDING CAKE,,"403-01905, 403-00955",,,"403R-00309, 403R-00192",,
CO4495373c,82522F3,,"403-01905, 403-00955",,,"403R-00309, 403R-00192",,
CO4495373c,WP01242020F2,,"403-01905, 403-00955",,,"403R-00309, 403R-00192",,
CO4495373c,WP03252020F2,,"403-01905, 403-00955",,,"403R-00309, 403R-00192",,
CO4495373c,WP06152020F5,,"403-01905, 403-00955",,,"403R-00309, 403R-00192",,
CO4495373c,ZS022422F5,,"403-01905, 403-00955",,,"403R-00309, 403R-00192",,
CO4499474,HBR2Cherrypunch11262022,,403-01933,,,,,
CO4499474b,WaffleconeR4HB10312022,,403-01933,,,,,
CO4499474c,HB081522LAKushCake,,403-01933,,,,,
CO4499474,HB08112022AokiBerry,,,,,403R-01199,,
CO4500575,#454-PR (Pre-roll),,,,,403R-00869,,
CO4500575,#454-BT (Blunt),,,,,403R-00869,,
CO4500575,#454-BB (Bubble Blunt),,,,,403R-00869,,
CO4500575b,#477-PR (Pre-roll),,,,,403R-00869,,
CO4500575c,#477-BT (Blunt),,,,,403R-00869,,
CO4500575c,#454-BHP(Bubble Pre-roll),,,,,403R-00869,,
CO4500876,All marijuana with a Harvest Batch number between the range of XXXH4-XXX through XXXH291-XXX,,403-01381,,,403-01381,,
CO4500876,All marijuana with a Harvest Batch number between the range of XH275-XXX through XXH488-XXX,,,,,403R-00063,,
CO4500876,All marijuana with a Harvest Batch number between the range of XXXH3-XXX through XXXH291-XXX,,,,,403R-00596,,
CO4502877,2067 Hoku Moku,,403-00790,,,,,
CO4502877,3205 Rotten Rozay,,403-00790,,,,,
CO4502877,3235 Meat Breath,,403-00790,,,,,
CO4502877,B3305 Don Carlos,,403-00790,,,,,
CO4502877,3049 Nina's Web,,403-00790,,,,,
CO4502877,3214 Meat Breath,,403-00790,,,,,
CO4502877,3239 Rotten Rozay,,403-00790,,,,,
CO4502877,B3306 Strawberry Guava,,403-00790,,,,,
CO4502877,3065 Gelato,,403-00790,,,,,
CO4502877,3218 Strawberry Guava,,403-00790,,,,,
CO4502877,3291 Light of Venus,,403-00790,,,,,
CO4502877,B3307 Headband,,403-00790,,,,,
CO4502877,3139 Durban Poison,,403-00790,,,,,
CO4502877,3232 Robert Plant,,403-00790,,,,,
CO4502877,3292 Strawberry Guava,,403-00790,,,,,
CO4502877,B3308 Meatbreath,,403-00790,,,,,
CO4502877,3171 Ukulele,,403-00790,,,,,
CO4502877,3233 Don Carlos,,403-00790,,,,,
CO4502877,3293 GhanDaddy 11,,403-00790,,,,,
CO4502877,B3309 Tropicana Cookies,,403-00790,,,,,
CO4502877b,B 511 Golden Goat,,,,,403R-00312 and 403R-01399,,
CO4502877b,B305 Headband,,,,,403R-00312 and 403R-01399,,
CO4502877b,B422 Nina's Web,,,,,403R-00312 and 403R-01399,,
CO4502877b,B567 Super Lemon Haze,,,,,403R-00312 and 403R-01399,,
CO4502877b,B181 Lost Tribe,,,,,403R-00312 and 403R-01399,,
CO4502877b,B306 Karl Malone,,,,,403R-00312 and 403R-01399,,
CO4502877b,B423 Durban Poison,,,,,403R-00312 and 403R-01399,,
CO4502877b,B568 Mandarin Cookies,,,,,403R-00312 and 403R-01399,,
CO4502877b,B182 Headband,,,,,403R-00312 and 403R-01399,,
CO4502877b,B308 Mr. E,,,,,403R-00312 and 403R-01399,,
CO4502877b,B424 Gelato Cake,,,,,403R-00312 and 403R-01399,,
CO4502877b,B569 Durban Poison,,,,,403R-00312 and 403R-01399,,
CO4502877b,B183 Blueberry Headband,,,,,403R-00312 and 403R-01399,,
CO4502877b,B309 Mujica Suave,,,,,403R-00312 and 403R-01399,,
CO4502877b,B425 Golden Goat,,,,,403R-00312 and 403R-01399,,
CO4502877b,B570 Lost Tribe,,,,,403R-00312 and 403R-01399,,
CO4502877b,B185 Mandarin Cookies,,,,,403R-00312 and 403R-01399,,
CO4502877b,B310 Nina Limone,,,,,403R-00312 and 403R-01399,,
CO4502877b,B426 Grape Lean,,,,,403R-00312 and 403R-01399,,
CO4502877b,B571 Mandarin Cookies,,,,,403R-00312 and 403R-01399,,
CO4502877b,B186 Snowball,,,,,403R-00312 and 403R-01399,,
CO4502877b,B311 Pure Moods,,,,,403R-00312 and 403R-01399,,
CO4502877b,B427 Headband,,,,,403R-00312 and 403R-01399,,
CO4502877b,B572 Mandarin Sunset,,,,,403R-00312 and 403R-01399,,
CO4502877b,B187 Gelato Cake,,,,,403R-00312 and 403R-01399,,
CO4502877b,B312 Purple Cake Daddy,,,,,403R-00312 and 403R-01399,,
CO4502877b,B428 Lost Tribe,,,,,403R-00312 and 403R-01399,,
CO4502877b,B573 Quattro Kush,,,,,403R-00312 and 403R-01399,,
CO4502877b,B188 Kimbo,,,,,403R-00312 and 403R-01399,,
CO4502877b,B315 Runtz,,,,,403R-00312 and 403R-01399,,
CO4502877b,B429 Mandarin Cookies,,,,,403R-00312 and 403R-01399,,
CO4502877b,B574 Snowball,,,,,403R-00312 and 403R-01399,,
CO4502877b,B189 Frodo Baggins,,,,,403R-00312 and 403R-01399,,
CO4502877b,B316 Snowball,,,,,403R-00312 and 403R-01399,,
CO4502877b,B430 Mandarin Sunset,,,,,403R-00312 and 403R-01399,,
CO4502877b,B575 Strawberry Guava,,,,,403R-00312 and 403R-01399,,
CO4502877b,B192 Gelato Cake,,,,,403R-00312 and 403R-01399,,
CO4502877b,B317 Sour Tangerine Smoothie,,,,,403R-00312 and 403R-01399,,
CO4502877b,B431 Rotten Rozay,,,,,403R-00312 and 403R-01399,,
CO4502877b,B576 Super Lemon Haze,,,,,403R-00312 and 403R-01399,,
CO4502877b,B193 Purple Cake Daddy,,,,,403R-00312 and 403R-01399,,
CO4502877b,B318 Lost Tribe,,,,,403R-00312 and 403R-01399,,
CO4502877b,B432 Tangerine Snowday,,,,,403R-00312 and 403R-01399,,
CO4502877b,B577 Skunk #1,,,,,403R-00312 and 403R-01399,,
CO4502877b,B194 Karl Malone,,,,,403R-00312 and 403R-01399,,
CO4502877b,B319 Afternoon Delight,,,,,403R-00312 and 403R-01399,,
CO4502877b,B433 Quattro Kush,,,,,403R-00312 and 403R-01399,,
CO4502877b,B578 Mandarin Cookies,,,,,403R-00312 and 403R-01399,,
CO4502877b,B195 Heaven Sativa,,,,,403R-00312 and 403R-01399,,
CO4502877b,B320 Blueberry Headband,,,,,403R-00312 and 403R-01399,,
CO4502877b,B434 Lost Tribe,,,,,403R-00312 and 403R-01399,,
CO4502877b,B579 Snowball,,,,,403R-00312 and 403R-01399,,
CO4502877b,B196 Mr. E,,,,,403R-00312 and 403R-01399,,
CO4502877b,B321 Gelato Cake,,,,,403R-00312 and 403R-01399,,
CO4502877b,B435 Gelato,,,,,403R-00312 and 403R-01399,,
CO4502877b,B580 Don Carlos,,,,,403R-00312 and 403R-01399,,
CO4502877b,B197 Royal Huckleberry Kush,,,,,403R-00312 and 403R-01399,,
CO4502877b,B322 Golden Goat,,,,,403R-00312 and 403R-01399,,
CO4502877b,B436 Gelato Cake,,,,,403R-00312 and 403R-01399,,
CO4502877b,B581 Crescendo,,,,,403R-00312 and 403R-01399,,
CO4502877b,B198 Silver Nina,,,,,403R-00312 and 403R-01399,,
CO4502877b,B324 Lilac Diesel,,,,,403R-00312 and 403R-01399,,
CO4502877b,B437 Runtz,,,,,403R-00312 and 403R-01399,,
CO4502877b,B582 Durban Poison,,,,,403R-00312 and 403R-01399,,
CO4502877b,B199 Kush Rise,,,,,403R-00312 and 403R-01399,,
CO4502877b,B326 Mujica Suave,,,,,403R-00312 and 403R-01399,,
CO4502877b,B438 Snowball,,,,,403R-00312 and 403R-01399,,
CO4502877b,B583 Golden Goat,,,,,403R-00312 and 403R-01399,,
CO4502877b,B202 Pure Moods,,,,,403R-00312 and 403R-01399,,
CO4502877b,B327 Nina Limone,,,,,403R-00312 and 403R-01399,,
CO4502877b,B439 Rotten Rozay,,,,,403R-00312 and 403R-01399,,
CO4502877b,B584 Lost Tribe,,,,,403R-00312 and 403R-01399,,
CO4502877b,B204 Crescendo,,,,,403R-00312 and 403R-01399,,
CO4502877b,B328 Purple Punch,,,,,403R-00312 and 403R-01399,,
CO4502877b,B456 Blueberry Headband,,,,,403R-00312 and 403R-01399,,
CO4502877b,B585 Meatbreath,,,,,403R-00312 and 403R-01399,,
CO4502877b,B205 Sour Tangerine Smoothie,,,,,403R-00312 and 403R-01399,,
CO4502877b,B329 Suncakes,,,,,403R-00312 and 403R-01399,,
CO4502877b,B457 Gelato Cake,,,,,403R-00312 and 403R-01399,,
CO4502877b,B586 Robert Plant,,,,,403R-00312 and 403R-01399,,
CO4502877b,B206 Golden Goat,,,,,403R-00312 and 403R-01399,,
CO4502877b,B330 Tropicana Cookies,,,,,403R-00312 and 403R-01399,,
CO4502877b,B458 Golden Goat,,,,,403R-00312 and 403R-01399,,
CO4502877b,B588 Crescendo,,,,,403R-00312 and 403R-01399,,
CO4502877b,B207 Gelato Cake,,,,,403R-00312 and 403R-01399,,
CO4502877b,B331 Durban Poison,,,,,403R-00312 and 403R-01399,,
CO4502877b,B459 Grape Lean,,,,,403R-00312 and 403R-01399,,
CO4502877b,B589 Durban Poison,,,,,403R-00312 and 403R-01399,,
CO4502877b,B208 Mujica Suave,,,,,403R-00312 and 403R-01399,,
CO4502877b,B332 Gelato Cake,,,,,403R-00312 and 403R-01399,,
CO4502877b,B460 Lost Tribe,,,,,403R-00312 and 403R-01399,,
CO4502877b,B590 Skunk #1,,,,,403R-00312 and 403R-01399,,
CO4502877b,B209 Afternoon Delight,,,,,403R-00312 and 403R-01399,,
CO4502877b,B333 Headband,,,,,403R-00312 and 403R-01399,,
CO4502877b,B461 Headband,,,,,403R-00312 and 403R-01399,,
CO4502877b,B591 Snowball,,,,,403R-00312 and 403R-01399,,
CO4502877b,B210 Mr. E,,,,,403R-00312 and 403R-01399,,
CO4502877b,B334 Lost Tribe,,,,,403R-00312 and 403R-01399,,
CO4502877b,B462 Lilac Diesel,,,,,403R-00312 and 403R-01399,,
CO4502877b,B592 Strawberry Cheesecake,,,,,403R-00312 and 403R-01399,,
CO4502877b,B211 Royal Huckleberry Kush,,,,,403R-00312 and 403R-01399,,
CO4502877b,B335 Mandarin Cookies,,,,,403R-00312 and 403R-01399,,
CO4502877b,B463 Mandarin Sunset,,,,,403R-00312 and 403R-01399,,
CO4502877b,B593 Strawberry Guava,,,,,403R-00312 and 403R-01399,,
CO4502877b,B212 Purple Punch,,,,,403R-00312 and 403R-01399,,
CO4502877b,B336 Mandarin Sunset,,,,,403R-00312 and 403R-01399,,
CO4502877b,B464 Meatbreath,,,,,403R-00312 and 403R-01399,,
CO4502877b,B594 Tangerine Snow Day,,,,,403R-00312 and 403R-01399,,
CO4502877b,B214 Quattro Kush,,,,,403R-00312 and 403R-01399,,
CO4502877b,B337 Nina's Web,,,,,403R-00312 and 403R-01399,,
CO4502877b,B465 Nina's Web,,,,,403R-00312 and 403R-01399,,
CO4502877b,B595 Hella Jelly,,,,,403R-00312 and 403R-01399,,
CO4502877b,B215 Durban Poison,,,,,403R-00312 and 403R-01399,,
CO4502877b,B338 Quattro Kush,,,,,403R-00312 and 403R-01399,,
CO4502877b,B466 Rotten Rozay,,,,,403R-00312 and 403R-01399,,
CO4502877b,B596 Cheetah Piss,,,,,403R-00312 and 403R-01399,,
CO4502877b,B216 Mandarin Sunset,,,,,403R-00312 and 403R-01399,,
CO4502877b,B339 Quattro Kush,,,,,403R-00312 and 403R-01399,,
CO4502877b,B467 Skunk #1,,,,,403R-00312 and 403R-01399,,
CO4502877b,B597 Bitters,,,,,403R-00312 and 403R-01399,,
CO4502877b,B218 Nina's Web,,,,,403R-00312 and 403R-01399,,
CO4502877b,B340 Snowball,,,,,403R-00312 and 403R-01399,,
CO4502877b,B468 Tropicana Cookies,,,,,403R-00312 and 403R-01399,,
CO4502877b,B598 Crescendo,,,,,403R-00312 and 403R-01399,,
CO4502877b,B219 Girl Scout Cookies,,,,,403R-00312 and 403R-01399,,
CO4502877b,B341 Doobiebird Daydream,,,,,403R-00312 and 403R-01399,,
CO4502877b,B469 Grape Lean,,,,,403R-00312 and 403R-01399,,
CO4502877b,B599 Don Carlos,,,,,403R-00312 and 403R-01399,,
CO4502877b,B220 Gelato Cake,,,,,403R-00312 and 403R-01399,,
CO4502877b,B342 Gelato Cake,,,,,403R-00312 and 403R-01399,,
CO4502877b,B470 Bubblegum,,,,,403R-00312 and 403R-01399,,
CO4502877b,B600 Headband,,,,,403R-00312 and 403R-01399,,
CO4502877b,B221 Suncakes,,,,,403R-00312 and 403R-01399,,
CO4502877b,B343 Karl Malone,,,,,403R-00312 and 403R-01399,,
CO4502877b,B471 Rotten Rozay,,,,,403R-00312 and 403R-01399,,
CO4502877b,B601 Lost Tribe,,,,,403R-00312 and 403R-01399,,
CO4502877b,B222 Gorilla Glue #4,,,,,403R-00312 and 403R-01399,,
CO4502877b,B344 Mr. E,,,,,403R-00312 and 403R-01399,,
CO4502877b,B472 Lost Tribe,,,,,403R-00312 and 403R-01399,,
CO4502877b,B602 Meatbreath,,,,,403R-00312 and 403R-01399,,
CO4502877b,B224 Lilac Diesel,,,,,403R-00312 and 403R-01399,,
CO4502877b,B345 Nina's Web,,,,,403R-00312 and 403R-01399,,
CO4502877b,B473 Lilac Diesel,,,,,403R-00312 and 403R-01399,,
CO4502877b,B603 Strawberry Cheesecake,,,,,403R-00312 and 403R-01399,,
CO4502877b,B225 Headband,,,,,403R-00312 and 403R-01399,,
CO4502877b,B346 Purple Cake Daddy,,,,,403R-00312 and 403R-01399,,
CO4502877b,B474 Blueberry Headband,,,,,403R-00312 and 403R-01399,,
CO4502877b,B604 Strawberry Guava,,,,,403R-00312 and 403R-01399,,
CO4502877b,B226 Lost Tribe,,,,,403R-00312 and 403R-01399,,
CO4502877b,B347 Rotten Rozay,,,,,403R-00312 and 403R-01399,,
CO4502877b,B475 Robert Plant,,,,,403R-00312 and 403R-01399,,
CO4502877b,B605 Tropicana Cookies,,,,,403R-00312 and 403R-01399,,
CO4502877b,B227 Snowball,,,,,403R-00312 and 403R-01399,,
CO4502877b,B348 Royal Huckleberry Kush,,,,,403R-00312 and 403R-01399,,
CO4502877b,B476 Tangerine Snowday,,,,,403R-00312 and 403R-01399,,
CO4502877b,B607 Mandarin Cookies,,,,,403R-00312 and 403R-01399,,
CO4502877b,B230 Mandarin Cookies,,,,,403R-00312 and 403R-01399,,
CO4502877b,B350 Silver Nina,,,,,403R-00312 and 403R-01399,,
CO4502877b,B477 Tropicana Cookies,,,,,403R-00312 and 403R-01399,,
CO4502877b,B608 Mandarin Sunset,,,,,403R-00312 and 403R-01399,,
CO4502877b,B231 Blueberry Headband,,,,,403R-00312 and 403R-01399,,
CO4502877b,B351 Snowball,,,,,403R-00312 and 403R-01399,,
CO4502877b,B478 Gelato Cake,,,,,403R-00312 and 403R-01399,,
CO4502877b,B609 Skunk #1,,,,,403R-00312 and 403R-01399,,
CO4502877b,B232 Runtz,,,,,403R-00312 and 403R-01399,,
CO4502877b,B354 Bubblegum,,,,,403R-00312 and 403R-01399,,
CO4502877b,B479 Don Carlos,,,,,403R-00312 and 403R-01399,,
CO4502877b,B610 Bubblegum,,,,,403R-00312 and 403R-01399,,
CO4502877b,B233 Meatbreath,,,,,403R-00312 and 403R-01399,,
CO4502877b,B355 Colombian Gold,,,,,403R-00312 and 403R-01399,,
CO4502877b,B480 Mandarin Cookies,,,,,403R-00312 and 403R-01399,,
CO4502877b,B611 Durban Poison,,,,,403R-00312 and 403R-01399,,
CO4502877b,B234 Runtz,,,,,403R-00312 and 403R-01399,,
CO4502877b,B356 Crescendo,,,,,403R-00312 and 403R-01399,,
CO4502877b,B481 Golden Goat,,,,,403R-00312 and 403R-01399,,
CO4502877b,B612 Meatbreath,,,,,403R-00312 and 403R-01399,,
CO4502877b,B235 Meatbreath,,,,,403R-00312 and 403R-01399,,
CO4502877b,B357 Doobiebird Daydream,,,,,403R-00312 and 403R-01399,,
CO4502877b,B482 Quattro Kush,,,,,403R-00312 and 403R-01399,,
CO4502877b,B613 Rotten Rozay,,,,,403R-00312 and 403R-01399,,
CO4502877b,B236 Kush Rise,,,,,403R-00312 and 403R-01399,,
CO4502877b,B358 Gelato,,,,,403R-00312 and 403R-01399,,
CO4502877b,B484 Tangerine Snowday,,,,,403R-00312 and 403R-01399,,
CO4502877b,B614 Snowball,,,,,403R-00312 and 403R-01399,,
CO4502877b,B237 Gelato Cake,,,,,403R-00312 and 403R-01399,,
CO4502877b,B359 Gelato Cake,,,,,403R-00312 and 403R-01399,,
CO4502877b,B485 Super Lemon Haze,,,,,403R-00312 and 403R-01399,,
CO4502877b,B615 Crescendo,,,,,403R-00312 and 403R-01399,,
CO4502877b,B238 Nina Limone,,,,,403R-00312 and 403R-01399,,
CO4502877b,B360 Golden Goat,,,,,403R-00312 and 403R-01399,,
CO4502877b,B486 Rotten Rozay,,,,,403R-00312 and 403R-01399,,
CO4502877b,B616 Don Carlos,,,,,403R-00312 and 403R-01399,,
CO4502877b,B239 Bubblegum,,,,,403R-00312 and 403R-01399,,
CO4502877b,B361 Gorilla Glue #4,,,,,403R-00312 and 403R-01399,,
CO4502877b,B487 Lost Tribe,,,,,403R-00312 and 403R-01399,,
CO4502877b,B617 Durban Poison,,,,,403R-00312 and 403R-01399,,
CO4502877b,B240 Mujica Suave,,,,,403R-00312 and 403R-01399,,
CO4502877b,B362 Kush Rise,,,,,403R-00312 and 403R-01399,,
CO4502877b,B488 Crescendo,,,,,403R-00312 and 403R-01399,,
CO4502877b,B618 GhanDaddy,,,,,403R-00312 and 403R-01399,,
CO4502877b,B241 Silver Nina,,,,,403R-00312 and 403R-01399,,
CO4502877b,B363 Mujica Suave,,,,,403R-00312 and 403R-01399,,
CO4502877b,B489 Robert Plant,,,,,403R-00312 and 403R-01399,,
CO4502877b,B619 Golden Goat,,,,,403R-00312 and 403R-01399,,
CO4502877b,B242 Sour Tangerine Smoothie,,,,,403R-00312 and 403R-01399,,
CO4502877b,B365 Nina's Web,,,,,403R-00312 and 403R-01399,,
CO4502877b,B490 Blueberry Headband,,,,,403R-00312 and 403R-01399,,
CO4502877b,B620 Lost Tribe,,,,,403R-00312 and 403R-01399,,
CO4502877b,B243 Mr. E,,,,,403R-00312 and 403R-01399,,
CO4502877b,B366 Pure Moods,,,,,403R-00312 and 403R-01399,,
CO4502877b,B491 Crescendo,,,,,403R-00312 and 403R-01399,,
CO4502877b,B621 Mandarin Cookies,,,,,403R-00312 and 403R-01399,,
CO4502877b,B244 Heaven Sativa,,,,,403R-00312 and 403R-01399,,
CO4502877b,B367 Quattro Kush,,,,,403R-00312 and 403R-01399,,
CO4502877b,B492 Durban Poison,,,,,403R-00312 and 403R-01399,,
CO4502877b,B622 Meatbreath,,,,,403R-00312 and 403R-01399,,
CO4502877b,B245 Royal Huckleberry Kush,,,,,403R-00312 and 403R-01399,,
CO4502877b,B368 Rotten Rozay,,,,,403R-00312 and 403R-01399,,
CO4502877b,B493 Golden Goat,,,,,403R-00312 and 403R-01399,,
CO4502877b,B623 Quattro Kush,,,,,403R-00312 and 403R-01399,,
CO4502877b,B246 Purple Cake Daddy,,,,,403R-00312 and 403R-01399,,
CO4502877b,B369 Runtz,,,,,403R-00312 and 403R-01399,,
CO4502877b,B494 Grape Lean,,,,,403R-00312 and 403R-01399,,
CO4502877b,B624 Robert Plant,,,,,403R-00312 and 403R-01399,,
CO4502877b,B247 Karl Malone,,,,,403R-00312 and 403R-01399,,
CO4502877b,B370 Snowball,,,,,403R-00312 and 403R-01399,,
CO4502877b,B495 Headband,,,,,403R-00312 and 403R-01399,,
CO4502877b,B625 Skunk #1,,,,,403R-00312 and 403R-01399,,
CO4502877b,B248 Kush Rise,,,,,403R-00312 and 403R-01399,,
CO4502877b,B371 Sour Tangerine Smoothie,,,,,403R-00312 and 403R-01399,,
CO4502877b,B496 Lilac Diesel,,,,,403R-00312 and 403R-01399,,
CO4502877b,B626 Smoothie,,,,,403R-00312 and 403R-01399,,
CO4502877b,B249 Gelato Cake,,,,,403R-00312 and 403R-01399,,
CO4502877b,B372 Afternoon Delight,,,,,403R-00312 and 403R-01399,,
CO4502877b,B497 Lost Tribe,,,,,403R-00312 and 403R-01399,,
CO4502877b,B627 Strawberry Cheesecake,,,,,403R-00312 and 403R-01399,,
CO4502877b,B250 Nina Limone,,,,,403R-00312 and 403R-01399,,
CO4502877b,B373 Blueberry Headband,,,,,403R-00312 and 403R-01399,,
CO4502877b,B498 Mandarin Sunset,,,,,403R-00312 and 403R-01399,,
CO4502877b,B628 Strawberry Guava,,,,,403R-00312 and 403R-01399,,
CO4502877b,B251 Bubblegum,,,,,403R-00312 and 403R-01399,,
CO4502877b,B374 Gelato Cake,,,,,403R-00312 and 403R-01399,,
CO4502877b,B499 Meatbreath,,,,,403R-00312 and 403R-01399,,
CO4502877b,B629 Super Lemon Haze,,,,,403R-00312 and 403R-01399,,
CO4502877b,B252 Silver Nina,,,,,403R-00312 and 403R-01399,,
CO4502877b,B375 Headband,,,,,403R-00312 and 403R-01399,,
CO4502877b,B500 Nina's Web,,,,,403R-00312 and 403R-01399,,
CO4502877b,B630 Snowball,,,,,403R-00312 and 403R-01399,,
CO4502877b,B253 Mujica Suave,,,,,403R-00312 and 403R-01399,,
CO4502877b,B376 Lilac Diesel,,,,,403R-00312 and 403R-01399,,
CO4502877b,B501 Robert Plant,,,,,403R-00312 and 403R-01399,,
CO4502877b,B632 Banana OG,,,,,403R-00312 and 403R-01399,,
CO4502877b,B255 Golden Goat,,,,,403R-00312 and 403R-01399,,
CO4502877b,B377 Lost Tribe,,,,,403R-00312 and 403R-01399,,
CO4502877b,B502 Rotten Rozay,,,,,403R-00312 and 403R-01399,,
CO4502877b,B633 Crescendo,,,,,403R-00312 and 403R-01399,,
CO4502877b,B256 Sour Tangerine Smoothie,,,,,403R-00312 and 403R-01399,,
CO4502877b,B378 Meatbreath,,,,,403R-00312 and 403R-01399,,
CO4502877b,B503 Skunk #1,,,,,403R-00312 and 403R-01399,,
CO4502877b,B634 Don Carlos,,,,,403R-00312 and 403R-01399,,
CO4502877b,B257 Pure Moods,,,,,403R-00312 and 403R-01399,,
CO4502877b,B379 Afternoon Delight,,,,,403R-00312 and 403R-01399,,
CO4502877b,B507 Lost Tribe,,,,,403R-00312 and 403R-01399,,
CO4502877b,B635 Headband,,,,,403R-00312 and 403R-01399,,
CO4502877b,B259 Mr. E,,,,,403R-00312 and 403R-01399,,
CO4502877b,B380 Blueberry Headband,,,,,403R-00312 and 403R-01399,,
CO4502877b,B507 Mendo Purps F2,,,,,403R-00312 and 403R-01399,,
CO4502877b,B260 Afternoon Delight,,,,,403R-00312 and 403R-01399,,
CO4502877b,B381 Gelato Cake,,,,,403R-00312 and 403R-01399,,
CO4502877b,B508 Bubblegum,,,,,403R-00312 and 403R-01399,,
CO4502877b,B261 Purple Punch,,,,,403R-00312 and 403R-01399,,
CO4502877b,B382 Golden Goat,,,,,403R-00312 and 403R-01399,,
CO4502877b,B509 Meatbreath,,,,,403R-00312 and 403R-01399,,
CO4502877b,B638 Snowball,,,,,403R-00312 and 403R-01399,,
CO4502877b,B262 Karl Malone,,,,,403R-00312 and 403R-01399,,
CO4502877b,B383 Headband,,,,,403R-00312 and 403R-01399,,
CO4502877b,B510 Grape Lean,,,,,403R-00312 and 403R-01399,,
CO4502877b,B639 Strawberry Cheesecake #17,,,,,403R-00312 and 403R-01399,,
CO4502877b,B263 Heaven Sativa,,,,,403R-00312 and 403R-01399,,
CO4502877b,B384 Lilac Diesel,,,,,403R-00312 and 403R-01399,,
CO4502877b,B512 Headband,,,,,403R-00312 and 403R-01399,,
CO4502877b,B641 Bitters,,,,,403R-00312 and 403R-01399,,
CO4502877b,B264 Runtz,,,,,403R-00312 and 403R-01399,,
CO4502877b,B385 Mandarin Cookies,,,,,403R-00312 and 403R-01399,,
CO4502877b,B513 Mendo Purps,,,,,403R-00312 and 403R-01399,,
CO4502877b,B642 Cheetah Piss,,,,,403R-00312 and 403R-01399,,
CO4502877b,B265 Meatbreath,,,,,403R-00312 and 403R-01399,,
CO4502877b,B386 Mandarin Sunset,,,,,403R-00312 and 403R-01399,,
CO4502877b,B532 Crescendo,,,,,403R-00312 and 403R-01399,,
CO4502877b,B643 Don Carlos,,,,,403R-00312 and 403R-01399,,
CO4502877b,B266 Purple Cake Daddy,,,,,403R-00312 and 403R-01399,,
CO4502877b,B387 Meatbreath,,,,,403R-00312 and 403R-01399,,
CO4502877b,B533 Durban Poison,,,,,403R-00312 and 403R-01399,,
CO4502877b,B644 Hella Jelly,,,,,403R-00312 and 403R-01399,,
CO4502877b,B269 Mandarin Sunset,,,,,403R-00312 and 403R-01399,,
CO4502877b,B388 Nina's Web,,,,,403R-00312 and 403R-01399,,
CO4502877b,B534 Golden Goat,,,,,403R-00312 and 403R-01399,,
CO4502877b,B645 Honey Banana,,,,,403R-00312 and 403R-01399,,
CO4502877b,B270 Quattro Kush,,,,,403R-00312 and 403R-01399,,
CO4502877b,B389 Quattro Kush,,,,,403R-00312 and 403R-01399,,
CO4502877b,B536 Lost Tribe,,,,,403R-00312 and 403R-01399,,
CO4502877b,B271 Meatbreath,,,,,403R-00312 and 403R-01399,,
CO4502877b,B390 Snowball,,,,,403R-00312 and 403R-01399,,
CO4502877b,B537 Mandarin Cookies,,,,,403R-00312 and 403R-01399,,
CO4502877b,B647 Mandarin Cookies,,,,,403R-00312 and 403R-01399,,
CO4502877b,B272 Suncakes,,,,,403R-00312 and 403R-01399,,
CO4502877b,B391 Suncakes,,,,,403R-00312 and 403R-01399,,
CO4502877b,B538 Meatbreath,,,,,403R-00312 and 403R-01399,,
CO4502877b,B648 Oreoz,,,,,403R-00312 and 403R-01399,,
CO4502877b,B273 Nina's Web,,,,,403R-00312 and 403R-01399,,
CO4502877b,B393 Rotten Rozay,,,,,403R-00312 and 403R-01399,,
CO4502877b,B539 Skunk #1,,,,,403R-00312 and 403R-01399,,
CO4502877b,B649 Pancakes,,,,,403R-00312 and 403R-01399,,
CO4502877b,B274 Durban Poison,,,,,403R-00312 and 403R-01399,,
CO4502877b,B394 Gelato Cake,,,,,403R-00312 and 403R-01399,,
CO4502877b,B540 Snowball,,,,,403R-00312 and 403R-01399,,
CO4502877b,B650 Skunk #1,,,,,403R-00312 and 403R-01399,,
CO4502877b,B278 Lost Tribe,,,,,403R-00312 and 403R-01399,,
CO4502877b,B395 Gelato,,,,,403R-00312 and 403R-01399,,
CO4502877b,B541 Strawberry Cheesecake,,,,,403R-00312 and 403R-01399,,
CO4502877b,B651 Smoothie,,,,,403R-00312 and 403R-01399,,
CO4502877b,B279 Gelato Cake,,,,,403R-00312 and 403R-01399,,
CO4502877b,B396 Mandarin Cookies,,,,,403R-00312 and 403R-01399,,
CO4502877b,B542 Strawberry Guava,,,,,403R-00312 and 403R-01399,,
CO4502877b,B652 Strawberry Cheesecake,,,,,403R-00312 and 403R-01399,,
CO4502877b,B280 Lilac Diesel,,,,,403R-00312 and 403R-01399,,
CO4502877b,B397 Lost Tribe,,,,,403R-00312 and 403R-01399,,
CO4502877b,B543 Super Lemon Haze,,,,,403R-00312 and 403R-01399,,
CO4502877b,B653 Strawberry Guava,,,,,403R-00312 and 403R-01399,,
CO4502877b,B281 Headband,,,,,403R-00312 and 403R-01399,,
CO4502877b,B398 Doobiebird Daydream,,,,,403R-00312 and 403R-01399,,
CO4502877b,B544 Tangerine Snow Day,,,,,403R-00312 and 403R-01399,,
CO4502877b,B658 Strawberry Guava,,,,,403R-00312 and 403R-01399,,
CO4502877b,B282 Mandarin Cookies,,,,,403R-00312 and 403R-01399,,
CO4502877b,B399 Runtz,,,,,403R-00312 and 403R-01399,,
CO4502877b,B545 Lilac Diesel,,,,,403R-00312 and 403R-01399,,
CO4502877b,B659 Durban Poison,,,,,403R-00312 and 403R-01399,,
CO4502877b,B283 Runtz,,,,,403R-00312 and 403R-01399,,
CO4502877b,B400 Snowball,,,,,403R-00312 and 403R-01399,,
CO4502877b,B546 Rotten Rozay,,,,,403R-00312 and 403R-01399,,
CO4502877b,B660 Headband,,,,,403R-00312 and 403R-01399,,
CO4502877b,B284 Snowball,,,,,403R-00312 and 403R-01399,,
CO4502877b,B401 Durban Poison,,,,,403R-00312 and 403R-01399,,
CO4502877b,B547 Mandarin Cookies,,,,,403R-00312 and 403R-01399,,
CO4502877b,B285 Nina's Web,,,,,403R-00312 and 403R-01399,,
CO4502877b,B402 Gelato Cake,,,,,403R-00312 and 403R-01399,,
CO4502877b,B548 Snowball,,,,,403R-00312 and 403R-01399,,
CO4502877b,B662 Rotten Rozay,,,,,403R-00312 and 403R-01399,,
CO4502877b,B286 Mandarin Sunset,,,,,403R-00312 and 403R-01399,,
CO4502877b,B403 Crescendo,,,,,403R-00312 and 403R-01399,,
CO4502877b,B550 Robert Plant,,,,,403R-00312 and 403R-01399,,
CO4502877b,B663 Smoothie,,,,,403R-00312 and 403R-01399,,
CO4502877b,B287 Quattro Kush,,,,,403R-00312 and 403R-01399,,
CO4502877b,B404 Durban Poison,,,,,403R-00312 and 403R-01399,,
CO4502877b,B551 Lost Tribe,,,,,403R-00312 and 403R-01399,,
CO4502877b,B665 Banana OG,,,,,403R-00312 and 403R-01399,,
CO4502877b,B288 Royal Huckleberry Kush,,,,,403R-00312 and 403R-01399,,
CO4502877b,B405 Gelato,,,,,403R-00312 and 403R-01399,,
CO4502877b,B552 Headband,,,,,403R-00312 and 403R-01399,,
CO4502877b,B666 Bubblegum,,,,,403R-00312 and 403R-01399,,
CO4502877b,B289 Headband,,,,,403R-00312 and 403R-01399,,
CO4502877b,B406 Gorilla Glue #4,,,,,403R-00312 and 403R-01399,,
CO4502877b,B553 Don Carlos,,,,,403R-00312 and 403R-01399,,
CO4502877b,B667 Don Carlos,,,,,403R-00312 and 403R-01399,,
CO4502877b,B290 Meatbreath,,,,,403R-00312 and 403R-01399,,
CO4502877b,B408 Golden Goat,,,,,403R-00312 and 403R-01399,,
CO4502877b,B554 Meatbreath,,,,,403R-00312 and 403R-01399,,
CO4502877b,B668 GhanDaddy,,,,,403R-00312 and 403R-01399,,
CO4502877b,B291 Runtz,,,,,403R-00312 and 403R-01399,,
CO4502877b,B409 Lost Tribe,,,,,403R-00312 and 403R-01399,,
CO4502877b,B555 Mendo Purps,,,,,403R-00312 and 403R-01399,,
CO4502877b,B669 Golden Goat,,,,,403R-00312 and 403R-01399,,
CO4502877b,B292 Mandarin Sunset,,,,,403R-00312 and 403R-01399,,
CO4502877b,B410 Meatbreath,,,,,403R-00312 and 403R-01399,,
CO4502877b,B556 Bubblegum,,,,,403R-00312 and 403R-01399,,
CO4502877b,B670 Headband,,,,,403R-00312 and 403R-01399,,
CO4502877b,B293 Purple Cake Daddy,,,,,403R-00312 and 403R-01399,,
CO4502877b,B411 Nina's Web,,,,,403R-00312 and 403R-01399,,
CO4502877b,B557 Crescendo,,,,,403R-00312 and 403R-01399,,
CO4502877b,B671 Hindu Kush,,,,,403R-00312 and 403R-01399,,
CO4502877b,B294 Snowball,,,,,403R-00312 and 403R-01399,,
CO4502877b,B412 Pure Moods,,,,,403R-00312 and 403R-01399,,
CO4502877b,B558 Golden Goat,,,,,403R-00312 and 403R-01399,,
CO4502877b,B672 Lost Tribe,,,,,403R-00312 and 403R-01399,,
CO4502877b,B295 Karl Malone,,,,,403R-00312 and 403R-01399,,
CO4502877b,B413 Golden Goat,,,,,403R-00312 and 403R-01399,,
CO4502877b,B559 Grape Lean,,,,,403R-00312 and 403R-01399,,
CO4502877b,B673 Mandarin Sunset,,,,,403R-00312 and 403R-01399,,
CO4502877b,B296 Gelato Cake,,,,,403R-00312 and 403R-01399,,
CO4502877b,B414 Lost Tribe,,,,,403R-00312 and 403R-01399,,
CO4502877b,B560 Headband,,,,,403R-00312 and 403R-01399,,
CO4502877b,B674 Quattro Kush,,,,,403R-00312 and 403R-01399,,
CO4502877b,B297 Purple Punch,,,,,403R-00312 and 403R-01399,,
CO4502877b,B415 Headband,,,,,403R-00312 and 403R-01399,,
CO4502877b,B561 Lilac Diesel,,,,,403R-00312 and 403R-01399,,
CO4502877b,B676 Skunk #1,,,,,403R-00312 and 403R-01399,,
CO4502877b,B298 Silver Nina,,,,,403R-00312 and 403R-01399,,
CO4502877b,B416 Lilac Diesel,,,,,403R-00312 and 403R-01399,,
CO4502877b,B562 Lost Tribe,,,,,403R-00312 and 403R-01399,,
CO4502877b,B677 Smoothie,,,,,403R-00312 and 403R-01399,,
CO4502877b,B299 Mandarin Cookies,,,,,403R-00312 and 403R-01399,,
CO4502877b,B417 Blueberry Headband,,,,,403R-00312 and 403R-01399,,
CO4502877b,B563 Meatbreath,,,,,403R-00312 and 403R-01399,,
CO4502877b,B678 Snowball,,,,,403R-00312 and 403R-01399,,
CO4502877b,B300 Crescendo,,,,,403R-00312 and 403R-01399,,
CO4502877b,B418 Tropicana Cookies,,,,,403R-00312 and 403R-01399,,
CO4502877b,B564 Robert Plant,,,,,403R-00312 and 403R-01399,,
CO4502877b,B679 Strawberry Cheesecake,,,,,403R-00312 and 403R-01399,,
CO4502877b,B301 Gelato,,,,,403R-00312 and 403R-01399,,
CO4502877b,B419 Bubblegum,,,,,403R-00312 and 403R-01399,,
CO4502877b,B565 Skunk #1,,,,,403R-00312 and 403R-01399,,
CO4502877b,B680 Strawberry Guava,,,,,403R-00312 and 403R-01399,,
CO4502877b,B302 Gelato Cake,,,,,403R-00312 and 403R-01399,,
CO4502877b,B420 Afternoon Delight,,,,,403R-00312 and 403R-01399,,
CO4502877b,B566 Strawberry Guava,,,,,403R-00312 and 403R-01399,,
CO4502877b,B681 Super Lemon Haze,,,,,403R-00312 and 403R-01399,,
CO4502877b,B303 Girl Scout Cookies B,,,,,403R-00312 and 403R-01399,,
CO4502877,0013 Smoothie,,,,,403R-00312 and 403R-01399,,
CO4502877,B51 Meatbreath,,,,,403R-00312 and 403R-01399,,
CO4502877,B446 Grape Lean,,,,,403R-00312 and 403R-01399,,
CO4502877,B631 Mendo Purps,,,,,403R-00312 and 403R-01399,,
CO4502877,0029 Don Carlos,,,,,403R-00312 and 403R-01399,,
CO4502877,B54 Headband,,,,,403R-00312 and 403R-01399,,
CO4502877,B447 Rotten Rozay,,,,,403R-00312 and 403R-01399,,
CO4502877,B688 Hindu Kush,,,,,403R-00312 and 403R-01399,,
CO4502877,0037 Lost Tribe,,,,,403R-00312 and 403R-01399,,
CO4502877,B56 Don Carlos,,,,,403R-00312 and 403R-01399,,
CO4502877,B454 Super Lemon Haze,,,,,403R-00312 and 403R-01399,,
CO4502877,B689 Oreoz,,,,,403R-00312 and 403R-01399,,
CO4502877,0040 Ghan Daddy,,,,,403R-00312 and 403R-01399,,
CO4502877,B67 DonCarlos,,,,,403R-00312 and 403R-01399,,
CO4502877,B517 Snowball,,,,,403R-00312 and 403R-01399,,
CO4502877,B698 Don Carlos,,,,,403R-00312 and 403R-01399,,
CO4502877,0041 Meat Breath,,,,,403R-00312 and 403R-01399,,
CO4502877,B441 Mandarin Sunset,,,,,403R-00312 and 403R-01399,,
CO4502877,B529 Rotten Rozay,,,,,403R-00312 and 403R-01399,,
CO4502877,421 Mandarin Sunset,,,,,403R-00312 and 403R-01399,,
CO4502877b,1530 Cindy 99,,403-00790,,,,,
CO4502877b,1695 Lucy,,403-00790,,,,,
CO4502877b,1938 Cherry Lime Haze,,403-00790,,,,,
CO4502877b,3022 Tangerine Snow Day,,403-00790,,,,,
CO4502877b,1531 Blueberry Headband,,403-00790,,,,,
CO4502877b,1696 Tangerine Sunrise,,403-00790,,,,,
CO4502877b,1939 Robert Plant,,403-00790,,,,,
CO4502877b,3024 Gelato,,403-00790,,,,,
CO4502877b,1532 Bubblegum,,403-00790,,,,,
CO4502877b,1697 Pakistani,,403-00790,,,,,
CO4502877b,1940 Gelato,,403-00790,,,,,
CO4502877b,3025 Rotten Rozay,,403-00790,,,,,
CO4502877b,1533 Mandarin Cookies,,403-00790,,,,,
CO4502877b,1698 Golden Goat,,403-00790,,,,,
CO4502877b,1941 Blueberry Headband,,403-00790,,,,,
CO4502877b,3026 Bubblegum,,403-00790,,,,,
CO4502877b,1534 Cannatonic,,403-00790,,,,,
CO4502877b,1699 Purple Train,,403-00790,,,,,
CO4502877b,1943 Lilac Diesel,,403-00790,,,,,
CO4502877b,3027 Tropicana Cookies,,403-00790,,,,,
CO4502877b,1535 Hibiscus Sunrise,,403-00790,,,,,
CO4502877b,1700 Hibiscus Sunrise,,403-00790,,,,,
CO4502877b,1944 Cheese Quake,,403-00790,,,,,
CO4502877b,3029 Meat Breath,,403-00790,,,,,
CO4502877b,1536 Blue Dream,,403-00790,,,,,
CO4502877b,1701 Gelato,,403-00790,,,,,
CO4502877b,1945 Gelato Cake,,403-00790,,,,,
CO4502877b,3031 Ukulele,,403-00790,,,,,
CO4502877b,1537 Lost Tribe,,403-00790,,,,,
CO4502877b,1703 Cherry Lime Haze,,403-00790,,,,,
CO4502877b,1946 Mandarin Cookies,,403-00790,,,,,
CO4502877b,3044 Grape Lean,,403-00790,,,,,
CO4502877b,1538 Tangerine Snowday,,403-00790,,,,,
CO4502877b,1704 Bubblegum,,403-00790,,,,,
CO4502877b,1947 Chunky Berry Sorbet,,403-00790,,,,,
CO4502877b,3048 Meat Breath,,403-00790,,,,,
CO4502877b,1539 Lucy,,403-00790,,,,,
CO4502877b,1705 Gelato Cake,,403-00790,,,,,
CO4502877b,1948 Golden Goat,,403-00790,,,,,
CO4502877b,3052 Tropicana Cookies,,403-00790,,,,,
CO4502877b,1540 Golden Goat,,403-00790,,,,,
CO4502877b,1706 Gupta,,403-00790,,,,,
CO4502877b,1950 Cherry Lime Haze,,403-00790,,,,,
CO4502877b,3054 Gelato Cake,,403-00790,,,,,
CO4502877b,1541 Cherry Lime Haze,,403-00790,,,,,
CO4502877b,1707 Blueberry Headband,,403-00790,,,,,
CO4502877b,1951 Mandarin Cookies,,403-00790,,,,,
CO4502877b,3060 Bubblegum,,403-00790,,,,,
CO4502877b,1543 Green Crack,,403-00790,,,,,
CO4502877b,1708 Crescendo,,403-00790,,,,,
CO4502877b,1952 Bubblegum,,403-00790,,,,,
CO4502877b,3062 Smoothie,,403-00790,,,,,
CO4502877b,1544 Cheese Quake,,403-00790,,,,,
CO4502877b,1709 Cheese Quake,,403-00790,,,,,
CO4502877b,1953 Lilac Diesel,,403-00790,,,,,
CO4502877b,3063 Rotten Rozay,,403-00790,,,,,
CO4502877b,1545 Hoku Moku,,403-00790,,,,,
CO4502877b,1710 Thelonius Skunk,,403-00790,,,,,
CO4502877b,1954 Gelato Cake,,403-00790,,,,,
CO4502877b,3064 Afternoon Delight,,403-00790,,,,,
CO4502877b,1546 Mile High Purps,,403-00790,,,,,
CO4502877b,1720 Hoku Moku,,403-00790,,,,,
CO4502877b,1955 Robert Plant,,403-00790,,,,,
CO4502877b,3066 Meat Breath,,403-00790,,,,,
CO4502877b,1547 Girl Scout Cookie,,403-00790,,,,,
CO4502877b,1721 Robert Plant,,403-00790,,,,,
CO4502877b,1956 Afternoon Delight,,403-00790,,,,,
CO4502877b,3067 Robert Plant,,403-00790,,,,,
CO4502877b,1548 Gupta,,403-00790,,,,,
CO4502877b,1722 Cherry Lime Haze,,403-00790,,,,,
CO4502877b,1958 Gelato,,403-00790,,,,,
CO4502877b,3068 Super Lemon Haze,,403-00790,,,,,
CO4502877b,1549 Afternoon Delight,,403-00790,,,,,
CO4502877b,1723 Bubblegum,,403-00790,,,,,
CO4502877b,1959 Super Lemon Haze,,403-00790,,,,,
CO4502877b,3069 Blueberry Headband,,403-00790,,,,,
CO4502877b,1550 Pakistani,,403-00790,,,,,
CO4502877b,1724 Mandarin Sunset,,403-00790,,,,,
CO4502877b,1960 Robert Plant,,403-00790,,,,,
CO4502877b,3070 Tropicana Cookies,,403-00790,,,,,
CO4502877b,1551 Robert Plant,,403-00790,,,,,
CO4502877b,1726 Pakistani,,403-00790,,,,,
CO4502877b,1961 Ukulele,,403-00790,,,,,
CO4502877b,3071 Cheese Quake,,403-00790,,,,,
CO4502877b,1552 Super Lemon Haze,,403-00790,,,,,
CO4502877b,1727 Blueberry Headband,,403-00790,,,,,
CO4502877b,1962 Lilac Diesel,,403-00790,,,,,
CO4502877b,3072 Tangerine Snow Day,,403-00790,,,,,
CO4502877b,1554 San Fernando Valley,,403-00790,,,,,
CO4502877b,1728 Gelato Cake,,403-00790,,,,,
CO4502877b,1964 Gelato Cake,,403-00790,,,,,
CO4502877b,3080 Meat Breath,,403-00790,,,,,
CO4502877b,1555 Crescendo,,403-00790,,,,,
CO4502877b,1730 Tangerine Snowday,,403-00790,,,,,
CO4502877b,1965 Bubblegum,,403-00790,,,,,
CO4502877b,3081 Tangerine Snow Day,,403-00790,,,,,
CO4502877b,1556 Glueball,,403-00790,,,,,
CO4502877b,1731 Purple Train,,403-00790,,,,,
CO4502877b,1966 Gupta Kush,,403-00790,,,,,
CO4502877b,3082 Rotten Rozay,,403-00790,,,,,
CO4502877b,1557 Gelato,,403-00790,,,,,
CO4502877b,1733 Super Lemon Haze,,403-00790,,,,,
CO4502877b,1967 Chunky Berry Sorbet,,403-00790,,,,,
CO4502877b,3083 Lost Tribe,,403-00790,,,,,
CO4502877b,1558 Gelato Cake,,403-00790,,,,,
CO4502877b,1734 Cheese Quake,,403-00790,,,,,
CO4502877b,1970 Afternoon Delight,,403-00790,,,,,
CO4502877b,3084 Afternoon Delight,,403-00790,,,,,
CO4502877b,1559 Thelonius Skunk,,403-00790,,,,,
CO4502877b,1735 Lucy,,403-00790,,,,,
CO4502877b,1971 Blueberry Headband,,403-00790,,,,,
CO4502877b,3085 Grape Lean,,403-00790,,,,,
CO4502877b,1560 Island Sweet Skunk,,403-00790,,,,,
CO4502877b,1736 Island Sweet Skunk,,403-00790,,,,,
CO4502877b,1972 Bubblegum,,403-00790,,,,,
CO4502877b,3086 Robert Plant,,403-00790,,,,,
CO4502877b,1570 Blue Dream,,403-00790,,,,,
CO4502877b,1737 Crescendo,,403-00790,,,,,
CO4502877b,1973 Cherry Lime Haze,,403-00790,,,,,
CO4502877b,3087 Bubblegum,,403-00790,,,,,
CO4502877b,1571 Bubblegum,,403-00790,,,,,
CO4502877b,1738 Gupta,,403-00790,,,,,
CO4502877b,1974 Chunky Berry Sorbet,,403-00790,,,,,
CO4502877b,3088 Super Lemon Haze,,403-00790,,,,,
CO4502877b,1572 Cheese Quake,,403-00790,,,,,
CO4502877b,1739 Mandarin Cookies,,403-00790,,,,,
CO4502877b,1975 Gelato,,403-00790,,,,,
CO4502877b,3089 Tropicana Cookies,,403-00790,,,,,
CO4502877b,1573 Gelato,,403-00790,,,,,
CO4502877b,1751 Gelato Cake,,403-00790,,,,,
CO4502877b,1976 Gelato Cake,,403-00790,,,,,
CO4502877b,3090 Meat Breath,,403-00790,,,,,
CO4502877b,1574 Pakistani,,403-00790,,,,,
CO4502877b,1752 Hibiscus Sunrise,,403-00790,,,,,
CO4502877b,1977 Gupta Kush,,403-00790,,,,,
CO4502877b,3091 Blueberry Headband,,403-00790,,,,,
CO4502877b,1575 Cannatonic,,403-00790,,,,,
CO4502877b,1753 Cherry Lime Haze,,403-00790,,,,,
CO4502877b,1979 Lilac Diesel,,403-00790,,,,,
CO4502877b,3092 Rotten Rozay,,403-00790,,,,,
CO4502877b,1576 Lucy,,403-00790,,,,,
CO4502877b,1755 Super Lemon Haze,,403-00790,,,,,
CO4502877b,1980 Mandarin Cookies,,403-00790,,,,,
CO4502877b,3093 Robert Plant,,403-00790,,,,,
CO4502877b,1577 Lost Tribe,,403-00790,,,,,
CO4502877b,1756 Pakistan,,403-00790,,,,,
CO4502877b,1981 Robert Plant,,403-00790,,,,,
CO4502877b,3094 Gupta,,403-00790,,,,,
CO4502877b,1578 Mandarin Cookies,,403-00790,,,,,
CO4502877b,1756 Pakistani,,403-00790,,,,,
CO4502877b,1982 Super Lemon Haze,,403-00790,,,,,
CO4502877b,3095 Super Lemon Haze,,403-00790,,,,,
CO4502877b,1579 Girl Scout Cookie,,403-00790,,,,,
CO4502877b,1757 Mandarin Cookies,,403-00790,,,,,
CO4502877b,1983 Tangerine Snowday,,403-00790,,,,,
CO4502877b,3096 Bubblegum,,403-00790,,,,,
CO4502877b,1580 Golden Goat,,403-00790,,,,,
CO4502877b,1758 Golden Goat,,403-00790,,,,,
CO4502877b,1985 Afternoon Delight 3097 Grape Lean,,403-00790,,,,,
CO4502877b,1581 Robert Plant,,403-00790,,,,,
CO4502877b,1759 Cheese Quake,,403-00790,,,,,
CO4502877b,1986 Blueberry Headband,,403-00790,,,,,
CO4502877b,3098 Tropicana Cookies,,403-00790,,,,,
CO4502877b,1582 Cindy 99,,403-00790,,,,,
CO4502877b,1760 Afternoon Delight,,403-00790,,,,,
CO4502877b,1987 Bubblegum,,403-00790,,,,,
CO4502877b,3099 Tangerine Snow Day,,403-00790,,,,,
CO4502877b,1583 Thelonius Skunk,,403-00790,,,,,
CO4502877b,1761 Crescendo,,403-00790,,,,,
CO4502877b,1989 Cherry Lime Haze,,403-00790,,,,,
CO4502877b,3150 Headband,,403-00790,,,,,
CO4502877b,1584 Tangerine Snowday,,403-00790,,,,,
CO4502877b,1762 Bubblegum,,403-00790,,,,,
CO4502877b,1990 Chunky Berry Sorbet,,403-00790,,,,,
CO4502877b,3151 Strawberry Guava,,403-00790,,,,,
CO4502877b,1585 Super Lemon Haze,,403-00790,,,,,
CO4502877b,1763 Chunky Pineapple Sorbet,,403-00790,,,,,
CO4502877b,1991 Gelato,,403-00790,,,,,
CO4502877b,3152 Robert Plant,,403-00790,,,,,
CO4502877b,1586 Hibiscus Sunrise,,403-00790,,,,,
CO4502877b,1765 Gupta,,403-00790,,,,,
CO4502877b,1992 Gelato Cake,,403-00790,,,,,
CO4502877b,3153 Golden Goat,,403-00790,,,,,
CO4502877b,1587 Tangerine Sunrise,,403-00790,,,,,
CO4502877b,1769 Blueberry Headband,,403-00790,,,,,
CO4502877b,1993 Golden Goat,,403-00790,,,,,
CO4502877b,3154 Bubba's Sis,,403-00790,,,,,
CO4502877b,1588 Cherry Lime Haze,,403-00790,,,,,
CO4502877b,1771 Gelato,,403-00790,,,,,
CO4502877b,1994 Gupta Kush,,403-00790,,,,,
CO4502877b,3155 Smoothie,,403-00790,,,,,
CO4502877b,1589 Scepter,,403-00790,,,,,
CO4502877b,1773 Island Sweet Skunk,,403-00790,,,,,
CO4502877b,1995 Lilac Diesel,,403-00790,,,,,
CO4502877b,3156 Durban Poison,,403-00790,,,,,
CO4502877b,1591 Glueball,,403-00790,,,,,
CO4502877b,1780 Cheese Quake,,403-00790,,,,,
CO4502877b,1996 Mandarin Cookies,,403-00790,,,,,
CO4502877b,3157 Meat Breath,,403-00790,,,,,
CO4502877b,1592 Crescendo,,403-00790,,,,,
CO4502877b,1781 Blueberry Headband,,403-00790,,,,,
CO4502877b,1997 Robert Plant,,403-00790,,,,,
CO4502877b,3158 Bubblegum,,403-00790,,,,,
CO4502877b,1593 Island Sweet Skunk,,403-00790,,,,,
CO4502877b,1782 Bubblegum,,403-00790,,,,,
CO4502877b,1998 Super Lemon Haze,,403-00790,,,,,
CO4502877b,3159 Lost Tribe,,403-00790,,,,,
CO4502877b,1594 Afternoon Delight,,403-00790,,,,,
CO4502877b,1783 Gelato,,403-00790,,,,,
CO4502877b,1999 Tropicana Cookies,,403-00790,,,,,
CO4502877b,3160 Tangerine Snow Day,,403-00790,,,,,
CO4502877b,1600 Cheese Quake,,403-00790,,,,,
CO4502877b,1784 Gelato Cake,,403-00790,,,,,
CO4502877b,2000 Lilac Diesel,,403-00790,,,,,
CO4502877b,3170 Nina's Web,,403-00790,,,,,
CO4502877b,1601 Lucy 1785 Sour Diesel 2001 Robert Plant 3172 Skunk,,403-00790,,,,,
CO4502877b,1602 Tangerine Sunrise,,403-00790,,,,,
CO4502877b,1786 Lilac Diesel,,403-00790,,,,,
CO4502877b,2002 Hoku Moku,,403-00790,,,,,
CO4502877b,3173 Super Lemon Dragon,,403-00790,,,,,
CO4502877b,1603 Girl Scout Cookie,,403-00790,,,,,
CO4502877b,1787 Robert Plant,,403-00790,,,,,
CO4502877b,2003 Mandarin Cookies,,403-00790,,,,,
CO4502877b,3174 Deaths Breath,,403-00790,,,,,
CO4502877b,1604 Bubblegum,,403-00790,,,,,
CO4502877b,1789 Crescendo,,403-00790,,,,,
CO4502877b,2004 Gupta Kush,,403-00790,,,,,
CO4502877b,3175 Cheese Quake,,403-00790,,,,,
CO4502877b,1605 Gupta,,403-00790,,,,,
CO4502877b,1790 Purple Train,,403-00790,,,,,
CO4502877b,2005 Cherry Lime Haze,,403-00790,,,,,
CO4502877b,3176 Meat Breath,,403-00790,,,,,
CO4502877b,1606 Blueberry Headband,,403-00790,,,,,
CO4502877b,1791 Super Lemon Haze,,403-00790,,,,,
CO4502877b,2006 Gelato Cake,,403-00790,,,,,
CO4502877b,3178 Tropicana Cookies,,403-00790,,,,,
CO4502877b,1607 San Fernando Valley,,403-00790,,,,,
CO4502877b,1800 Cheese Quake,,403-00790,,,,,
CO4502877b,2007 Bubblegum,,403-00790,,,,,
CO4502877b,3179 Golden Goat,,403-00790,,,,,
CO4502877b,1608 Pakistani,,403-00790,,,,,
CO4502877b,1801 Gelato Cake,,403-00790,,,,,
CO4502877b,2010 Ukulele,,403-00790,,,,,
CO4502877b,3180 Smoothie,,403-00790,,,,,
CO4502877b,1609 Robert Plant,,403-00790,,,,,
CO4502877b,1802 Robert Plant,,403-00790,,,,,
CO4502877b,2011 Bubblegum,,403-00790,,,,,
CO4502877b,3181 Bubba's Sis,,403-00790,,,,,
CO4502877b,1610 Hibiscus Sunrise,,403-00790,,,,,
CO4502877b,1803 Cherry Lime Haze,,403-00790,,,,,
CO4502877b,2013 Cherry Lime Haze,,403-00790,,,,,
CO4502877b,3182 Strawberry Guava,,403-00790,,,,,
CO4502877b,1611 Scepter,,403-00790,,,,,
CO4502877b,1804 Crescendo,,403-00790,,,,,
CO4502877b,2014 Gelato Cake,,403-00790,,,,,
CO4502877b,3183 Robert Plant,,403-00790,,,,,
CO4502877b,1612 Super Lemon Haze,,403-00790,,,,,
CO4502877b,1806 Blueberry Headband,,403-00790,,,,,
CO4502877b,2015 Cheese Quake,,403-00790,,,,,
CO4502877b,3184 Tangerine Snow Day,,403-00790,,,,,
CO4502877b,1613 Lost Tribe,,403-00790,,,,,
CO4502877b,1807 Mandarin Cookies,,403-00790,,,,,
CO4502877b,2016 Robert Plant,,403-00790,,,,,
CO4502877b,3185 Headband,,403-00790,,,,,
CO4502877b,1614 Gelato,,403-00790,,,,,
CO4502877b,1808 Super Lemon Haze,,403-00790,,,,,
CO4502877b,2017 Afternoon Delight,,403-00790,,,,,
CO4502877b,3186 Durban Poison,,403-00790,,,,,
CO4502877b,1615 Gelato Cake,,403-00790,,,,,
CO4502877b,1809 Gelato,,403-00790,,,,,
CO4502877b,2018 Mandarin Cookies,,403-00790,,,,,
CO4502877b,3187 Super Lemon Haze,,403-00790,,,,,
CO4502877b,1616 Thelonius Skunk,,403-00790,,,,,
CO4502877b,1810 Bubblegum,,403-00790,,,,,
CO4502877b,2019 Gelato,,403-00790,,,,,
CO4502877b,3190 Jack Herer,,403-00790,,,,,
CO4502877b,1617 Tangerine Snowday,,403-00790,,,,,
CO4502877b,1811 Nina's Web,,403-00790,,,,,
CO4502877b,2020 Blueberry Headband,,403-00790,,,,,
CO4502877b,3191 Robert Plant,,403-00790,,,,,
CO4502877b,1618 Afternoon Delight,,403-00790,,,,,
CO4502877b,1814 Afternoon Delight,,403-00790,,,,,
CO4502877b,2021 Lilac Diesel,,403-00790,,,,,
CO4502877b,3192 Headband,,403-00790,,,,,
CO4502877b,1619 Golden Goat,,403-00790,,,,,
CO4502877b,1815 Tangerine Snowday,,403-00790,,,,,
CO4502877b,2022 Hoku Moku,,403-00790,,,,,
CO4502877b,3194 Meat Breath,,403-00790,,,,,
CO4502877b,1620 Island Sweet Skunk,,403-00790,,,,,
CO4502877b,1816 Purple Train,,403-00790,,,,,
CO4502877b,2023 Runtz,,403-00790,,,,,
CO4502877b,3195 Strawberry Guava,,403-00790,,,,,
CO4502877b,1621 Mile High Purps 1&2,,403-00790,,,,,
CO4502877b,1820 Krishna,,403-00790,,,,,
CO4502877b,2024 Meat Breath,,403-00790,,,,,
CO4502877b,3197 Smoothie,,403-00790,,,,,
CO4502877b,1622 Green Crack 123,,403-00790,,,,,
CO4502877b,1821 Hibiscus Sunrise,,403-00790,,,,,
CO4502877b,2026 Tangerine Snowday,,403-00790,,,,,
CO4502877b,3198 Afternoon Delight,,403-00790,,,,,
CO4502877b,1623 Mandarin Cookies,,403-00790,,,,,
CO4502877b,1822 Cheese Quake,,403-00790,,,,,
CO4502877b,2027 Gupta,,403-00790,,,,,
CO4502877b,3199 Durban Poison,,403-00790,,,,,
CO4502877b,1630 Hoku Moku,,403-00790,,,,,
CO4502877b,1823 Hoku Moku,,403-00790,,,,,
CO4502877b,2030 Blueberry Headband,,403-00790,,,,,
CO4502877b,3200 Golden Goat,,403-00790,,,,,
CO4502877b,1631 Thelonius Skunk,,403-00790,,,,,
CO4502877b,1824 Gelato Cake,,403-00790,,,,,
CO4502877b,2031 Gelato Cake,,403-00790,,,,,
CO4502877b,3201 Rotten Rozay,,403-00790,,,,,
CO4502877b,1632 Lucy,,403-00790,,,,,
CO4502877b,1825 Afternoon Delight,,403-00790,,,,,
CO4502877b,2032 Super Lemon Haze,,403-00790,,,,,
CO4502877b,3202 Gupta Kush,,403-00790,,,,,
CO4502877b,1633 Krishna,,403-00790,,,,,
CO4502877b,1826 Golden Goat,,403-00790,,,,,
CO4502877b,2033 Karl Malone,,403-00790,,,,,
CO4502877b,3203 Tangerine Snow Day,,403-00790,,,,,
CO4502877b,1634 Robert Plant,,403-00790,,,,,
CO4502877b,1827 Cherry Lime Haze,,403-00790,,,,,
CO4502877b,2035 Robert Plant,,403-00790,,,,,
CO4502877b,3206 Durban Poison,,403-00790,,,,,
CO4502877b,1635 Super Lemon Haze,,403-00790,,,,,
CO4502877b,1828 Super Lemon Haze,,403-00790,,,,,
CO4502877b,2036 Cherry Lime Haze,,403-00790,,,,,
CO4502877b,3207 Super Lemon Haze,,403-00790,,,,,
CO4502877b,1636 Cherry Lime Haze,,403-00790,,,,,
CO4502877b,1829 Blueberry Headband,,403-00790,,,,,
CO4502877b,2038 Tangerine Snowday,,403-00790,,,,,
CO4502877b,3208 Bubblegum,,403-00790,,,,,
CO4502877b,1637 Cheese Quake,,403-00790,,,,,
CO4502877b,1830 Robert Plant,,403-00790,,,,,
CO4502877b,2039 Golden Goat,,403-00790,,,,,
CO4502877b,3210 Lost Tribe,,403-00790,,,,,
CO4502877b,1638 Bubblegum,,403-00790,,,,,
CO4502877b,1831 Crescendo,,403-00790,,,,,
CO4502877b,2040 Gelato,,403-00790,,,,,
CO4502877b,3211 Light of Venus,,403-00790,,,,,
CO4502877b,1639 Mandarin Cookies,,403-00790,,,,,
CO4502877b,1832 Mandarin Sunset,,403-00790,,,,,
CO4502877b,2041 Meat Breath,,403-00790,,,,,
CO4502877b,3212 Don Carlos,,403-00790,,,,,
CO4502877b,1640 Pakistani,,403-00790,,,,,
CO4502877b,1833 Mandarin Cookies,,403-00790,,,,,
CO4502877b,2042 Runtz,,403-00790,,,,,
CO4502877b,3213 Tropicana Cookies,,403-00790,,,,,
CO4502877b,1641 Tangerine Snowday,,403-00790,,,,,
CO4502877b,1835 Bubblegum,,403-00790,,,,,
CO4502877b,2043 Mandarin Cookies,,403-00790,,,,,
CO4502877b,3216 Robert Plant,,403-00790,,,,,
CO4502877b,1642 Gelato,,403-00790,,,,,
CO4502877b,1842 Cheese Quake,,403-00790,,,,,
CO4502877b,2050 Hoku Moku,,403-00790,,,,,
CO4502877b,3217 Headband,,403-00790,,,,,
CO4502877b,1643 Gelato Cake,,403-00790,,,,,
CO4502877b,1847 Purple Train,,403-00790,,,,,
CO4502877b,2051 Super Lemon Haze,,403-00790,,,,,
CO4502877b,3219 Ghan Daddy,,403-00790,,,,,
CO4502877b,1644 Cannatonic,,403-00790,,,,,
CO4502877b,1852 Crescendo,,403-00790,,,,,
CO4502877b,2053 Cheese Quake,,403-00790,,,,,
CO4502877b,3220 Smoothie,,403-00790,,,,,
CO4502877b,1646 Island Sweet Skunk,,403-00790,,,,,
CO4502877b,1852 Ukulele,,403-00790,,,,,
CO4502877b,2054 Runtz,,403-00790,,,,,
CO4502877b,3231 Tangerine Snow Day,,403-00790,,,,,
CO4502877b,1647 Blueberry Headband,,403-00790,,,,,
CO4502877b,1854 Tangerine Snowday,,403-00790,,,,,
CO4502877b,2055 Blueberry Headband,,403-00790,,,,,
CO4502877b,3234 Headband,,403-00790,,,,,
CO4502877b,1648 Tangerine Sunrise,,403-00790,,,,,
CO4502877b,1861 Gelato,,403-00790,,,,,
CO4502877b,2056 Gelato Cake,,403-00790,,,,,
CO4502877b,3236 Smoothie,,403-00790,,,,,
CO4502877b,1649 Lost Tribe,,403-00790,,,,,
CO4502877b,1862 Lilac Diesel,,403-00790,,,,,
CO4502877b,2057 Rotten Rozay,,403-00790,,,,,
CO4502877b,3237 Afternoon Delight,,403-00790,,,,,
CO4502877b,1650 Afternoon Delight,,403-00790,,,,,
CO4502877b,1863 Cherry Lime Haze,,403-00790,,,,,
CO4502877b,2058 Meat Breath,,403-00790,,,,,
CO4502877b,3238 Strawberry Guava,,403-00790,,,,,
CO4502877b,1661 Bubblegum,,403-00790,,,,,
CO4502877b,1864 Blueberry Headband,,403-00790,,,,,
CO4502877b,2059 Tangerine Snow Day,,403-00790,,,,,
CO4502877b,3240 Durban Poison,,403-00790,,,,,
CO4502877b,1662 Gupta,,403-00790,,,,,
CO4502877b,1865 Gelato Cake,,403-00790,,,,,
CO4502877b,2060 Nina's Web,,403-00790,,,,,
CO4502877b,3241 Lost Tribe,,403-00790,,,,,
CO4502877b,1663 Hibiscus Sunrise,,403-00790,,,,,
CO4502877b,1866 Crescendo,,403-00790,,,,,
CO4502877b,2065 Afternoon Delight,,403-00790,,,,,
CO4502877b,3250 Meat Breath,,403-00790,,,,,
CO4502877b,1664 Crescendo,,403-00790,,,,,
CO4502877b,1868 Bubblegum,,403-00790,,,,,
CO4502877b,2066 Cheese Quake,,403-00790,,,,,
CO4502877b,3251 Robert Plant,,403-00790,,,,,
CO4502877b,1665 Tangerine Sunrise,,403-00790,,,,,
CO4502877b,1869 Mandarin Cookies,,403-00790,,,,,
CO4502877b,2068 Super Lemon Haze,,403-00790,,,,,
CO4502877b,3252 Rotten Rozay,,403-00790,,,,,
CO4502877b,1666 Robert Plant,,403-00790,,,,,
CO4502877b,1900 Mandarin Cookies,,403-00790,,,,,
CO4502877b,2069 Robert Plant,,403-00790,,,,,
CO4502877b,3253 Don Carlos,,403-00790,,,,,
CO4502877b,1667 Ukulele,,403-00790,,,,,
CO4502877b,1901 Afternoon Delight,,403-00790,,,,,
CO4502877b,2070 Ukulele,,403-00790,,,,,
CO4502877b,3254 Tangerine Snow Day,,403-00790,,,,,
CO4502877b,1668 Girl Scout Cookie,,403-00790,,,,,
CO4502877b,1902 Gupta,,403-00790,,,,,
CO4502877b,2071 Gupta,,403-00790,,,,,
CO4502877b,3255 Super Lemon Haze,,403-00790,,,,,
CO4502877b,1669 Cannatonic,,403-00790,,,,,
CO4502877b,1905 Bubblegum,,403-00790,,,,,
CO4502877b,2072 Blueberry Headband,,403-00790,,,,,
CO4502877b,3256 Smoothie,,403-00790,,,,,
CO4502877b,1670 Pakistani,,403-00790,,,,,
CO4502877b,1906 Gelato,,403-00790,,,,,
CO4502877b,2073 Lilac Diesel,,403-00790,,,,,
CO4502877b,3257 Death's Breath,,403-00790,,,,,
CO4502877b,1671 Super Lemon Haze,,403-00790,,,,,
CO4502877b,1907 Cheese Quake,,403-00790,,,,,
CO4502877b,2074 Gelato,,403-00790,,,,,
CO4502877b,3258 Headband,,403-00790,,,,,
CO4502877b,1672 Scepter,,403-00790,,,,,
CO4502877b,1908 Golden Goat,,403-00790,,,,,
CO4502877b,2076 Bubblegum,,403-00790,,,,,
CO4502877b,3260 Super Lemon Dragon,,403-00790,,,,,
CO4502877b,1674 Golden Goat,,403-00790,,,,,
CO4502877b,1910 Super Lemon Haze,,403-00790,,,,,
CO4502877b,2077 Tangerine Snow Day,,403-00790,,,,,
CO4502877b,3262 Nina's Web,,403-00790,,,,,
CO4502877b,1675 Lost Tribe,,403-00790,,,,,
CO4502877b,1911 Crescendo,,403-00790,,,,,
CO4502877b,2079 Meat Breath,,403-00790,,,,,
CO4502877b,3263 Skunk,,403-00790,,,,,
CO4502877b,1676 Afternoon Delight,,403-00790,,,,,
CO4502877b,1912 Robert Plant,,403-00790,,,,,
CO4502877b,3000 Super Lemon Haze,,403-00790,,,,,
CO4502877b,3264 Durban Poison,,403-00790,,,,,
CO4502877b,1677 Mandarin Cookies,,403-00790,,,,,
CO4502877b,1920 Hoku Moku,,403-00790,,,,,
CO4502877b,3001 Meat Breath,,403-00790,,,,,
CO4502877b,3265 Golden Goat,,403-00790,,,,,
CO4502877b,1678 Glueball,,403-00790,,,,,
CO4502877b,1922 Pineapple Whip,,403-00790,,,,,
CO4502877b,3002 Gelato,,403-00790,,,,,
CO4502877b,3271 Headband,,403-00790,,,,,
CO4502877b,1679 Cherry Lime Haze,,403-00790,,,,,
CO4502877b,1923 Chunky Berry Sorbet,,403-00790,,,,,
CO4502877b,3004 Gelato Cake,,403-00790,,,,,
CO4502877b,3272 Strawberry Guava,,403-00790,,,,,
CO4502877b,1680 Thelonius Skunk,,403-00790,,,,,
CO4502877b,1924 Gelato Cake,,403-00790,,,,,
CO4502877b,3005 Rotten Rozay,,403-00790,,,,,
CO4502877b,3273 Ghan Daddy,,403-00790,,,,,
CO4502877b,1681 Gelato,,403-00790,,,,,
CO4502877b,1926 Cheese Quake,,403-00790,,,,,
CO4502877b,3006 Blueberry Headband,,403-00790,,,,,
CO4502877b,3274 Light of Venus,,403-00790,,,,,
CO4502877b,1682 Gelato Cake,,403-00790,,,,,
CO4502877b,1927 Golden Goat,,403-00790,,,,,
CO4502877b,3007 Tangerine Snow Day,,403-00790,,,,,
CO4502877b,3281 Super Lemon Haze,,403-00790,,,,,
CO4502877b,1683 Island Sweet Skunk,,403-00790,,,,,
CO4502877b,1928 Krishna,,403-00790,,,,,
CO4502877b,3008 Robert Plant,,403-00790,,,,,
CO4502877b,3282 Smoothie,,403-00790,,,,,
CO4502877b,1684 Nina's Web,,403-00790,,,,,
CO4502877b,1930 Blueberry Headband,,403-00790,,,,,
CO4502877b,3012 Tangerine Snowday,,403-00790,,,,,
CO4502877b,3290 Bubblegum,,403-00790,,,,,
CO4502877b,1685 Tangerine Snow Day,,403-00790,,,,,
CO4502877b,1931 Mandarin Cookies,,403-00790,,,,,
CO4502877b,3015 Gelato,,403-00790,,,,,
CO4502877b,3291 LIght of Venus,,403-00790,,,,,
CO4502877b,1691 Glue Ball,,403-00790,,,,,
CO4502877b,1933 Bubblegum,,403-00790,,,,,
CO4502877b,3017 Gelato Cake,,403-00790,,,,,
CO4502877b,B3296 Jack Herer,,403-00790,,,,,
CO4502877b,1692 Super Lemon Haze,,403-00790,,,,,
CO4502877b,1935 Afternoon Delight,,403-00790,,,,,
CO4502877b,3018 Gupta,,403-00790,,,,,
CO4502877b,B3298 Light of Venus,,403-00790,,,,,
CO4502877b,1693 Mandarin Cookies,,403-00790,,,,,
CO4502877b,1936 Tangerine Snowday,,403-00790,,,,,
CO4502877b,3020 Afternoon Delight,,403-00790,,,,,
CO4502877b,B3299 GhanDaddy,,403-00790,,,,,
CO4502877b,1694 Mandarin Sunset,,403-00790,,,,,
CO4502877b,1937 Pineapple Whip,,403-00790,,,,,
CO4502877b,3021 Blueberry Headband,,403-00790,,,,,
CO4502877b,B3300 SuperLemonHaze,,403-00790,,,,,
CO4502877b,B3302 Jack Herer,,403-00790,,,,,
CO4502877b,B3311 Super Lemon Haze,,403-00790,,,,,
CO4502877b,B3312 Ghandaddy,,403-00790,,,,,
CO4502877b,B3313 Banana OG,,403-00790,,,,,
CO4502877b,B3314 Honey Banana,,403-00790,,,,,
CO4502877b,B-11,,,,,403R-00312 and 403R-01399,,
CO4502877b,B-20,,,,,403R-00312 and 403R-01399,,
CO4502877b,B-29,,,,,403R-00312 and 403R-01399,,
CO4502877b,B-38,,,,,403R-00312 and 403R-01399,,
CO4502877b,B-48,,,,,403R-00312 and 403R-01399,,
CO4502877b,B-326,,,,,403R-00312 and 403R-01399,,
CO4502877b,B-12,,,,,403R-00312 and 403R-01399,,
CO4502877b,B-21,,,,,403R-00312 and 403R-01399,,
CO4502877b,B-30,,,,,403R-00312 and 403R-01399,,
CO4502877b,B-39,,,,,403R-00312 and 403R-01399,,
CO4502877b,B-49,,,,,403R-00312 and 403R-01399,,
CO4502877b,B-331,,,,,403R-00312 and 403R-01399,,
CO4502877b,B-13,,,,,403R-00312 and 403R-01399,,
CO4502877b,B-22,,,,,403R-00312 and 403R-01399,,
CO4502877b,B-31,,,,,403R-00312 and 403R-01399,,
CO4502877b,B-40,,,,,403R-00312 and 403R-01399,,
CO4502877b,B-50,,,,,403R-00312 and 403R-01399,,
CO4502877b,B-335,,,,,403R-00312 and 403R-01399,,
CO4502877b,B-14,,,,,403R-00312 and 403R-01399,,
CO4502877b,B-23,,,,,403R-00312 and 403R-01399,,
CO4502877b,B-32,,,,,403R-00312 and 403R-01399,,
CO4502877b,B-41,,,,,403R-00312 and 403R-01399,,
CO4502877b,B-51,,,,,403R-00312 and 403R-01399,,
CO4502877b,B-335,,,,,403R-00312 and 403R-01399,,
CO4502877b,B-15,,,,,403R-00312 and 403R-01399,,
CO4502877b,B-24,,,,,403R-00312 and 403R-01399,,
CO4502877b,B-33,,,,,403R-00312 and 403R-01399,,
CO4502877b,B-42,,,,,403R-00312 and 403R-01399,,
CO4502877b,B-298,,,,,403R-00312 and 403R-01399,,
CO4502877b,B-336,,,,,403R-00312 and 403R-01399,,
CO4502877b,B-16,,,,,403R-00312 and 403R-01399,,
CO4502877b,B-25,,,,,403R-00312 and 403R-01399,,
CO4502877b,B-34,,,,,403R-00312 and 403R-01399,,
CO4502877b,B-43,,,,,403R-00312 and 403R-01399,,
CO4502877b,B-304,,,,,403R-00312 and 403R-01399,,
CO4502877b,B-338,,,,,403R-00312 and 403R-01399,,
CO4502877b,B-17,,,,,403R-00312 and 403R-01399,,
CO4502877b,B-26,,,,,403R-00312 and 403R-01399,,
CO4502877b,B-35,,,,,403R-00312 and 403R-01399,,
CO4502877b,B-44,,,,,403R-00312 and 403R-01399,,
CO4502877b,B-305,,,,,403R-00312 and 403R-01399,,
CO4502877b,B-339,,,,,403R-00312 and 403R-01399,,
CO4502877b,B-18,,,,,403R-00312 and 403R-01399,,
CO4502877b,B-27,,,,,403R-00312 and 403R-01399,,
CO4502877b,B-36,,,,,403R-00312 and 403R-01399,,
CO4502877b,B-45,,,,,403R-00312 and 403R-01399,,
CO4502877b,B-310,,,,,403R-00312 and 403R-01399,,
CO4502877b,B-341,,,,,403R-00312 and 403R-01399,,
CO4502877b,B-19,,,,,403R-00312 and 403R-01399,,
CO4502877b,B-28,,,,,403R-00312 and 403R-01399,,
CO4502877b,B-37,,,,,403R-00312 and 403R-01399,,
CO4502877b,B-46,,,,,403R-00312 and 403R-01399,,
CO4502877b,B-321,,,,,403R-00312 and 403R-01399,,
CO4502877b,B-344,,,,,403R-00312 and 403R-01399,,
CO4502878,1/18/23 Pineapple Express B5-6,,403-01526,,,,Multiple,
CO4502879b,Scoops of Chem,,,,,403R-00753,,
CO4502879b,Skunk,,,,,403R-00753,,
CO4502879,Scoops of Cream,,,,,403R-00753,,
CO4503380,Pablo Revenge Indoor 9/15/2022,,403-01096,,,,,
CO4503380,Runtz Indoor 9/15/2022,,403-01096,,,,,
CO4503380,Oreo Cake Indoor 9/15/2022,,403-01096,,,,,
CO4503380,Zero Gravity Indoor 9/15/2022,,403-01096,,,,,
CO4503380,Oatmeal Cookie 10/3/2022 OD,,403-01096,,,,,
CO4503380b,A&B Big Room 5/12/2022,,403-01096,,,,,
CO4503380b,Oreoz Big Room 5/12/2022,,403-01096,,,,,
CO4503380b,White Runtz Big Room 5/12/2022,,403-01096,,,,,
CO4503380b,Blu Ivy Big Room 5/12/2022,,403-01096,,,,,
CO4503380b,Snowman Big Room 5/12/2022,,403-01096,,,,,
CO4503380b,Crush Berries Big Room 5/13/2022,,403-01096,,,,,
CO4505481,F2 Biscotti Pancakes 2.8.2023,,403-01617,,,,,
CO4505481,F2 Blizzard 2.8.2023,,403-01617,,,,,
CO4505481b,F2 Biscotti Pancakes 2.8.2023,,403-01617,,,,,
CO4505481b,F2 Blizzard 2.8.2023,,403-01617,,,,,
CO4505582,082823WCZ.F,,,,,403R-00691,,
CO4505582,082823ZP.F,,,,,403R-00691,,
CO4505582,082823KLM.F,,,,,403R-00691,,
CO4505582,082823JJ.F,,,,,403R-00691,,
CO4505582,082823FIZZ.F,,,,,403R-00691,,
CO4505582,081523MC.B,,,,,403R-00691,,
CO4505582,081523GMO.B,,,,,403R-00691,,
CO4505582,081523SB.B,,,,,403R-00691,,
CO4505582,08152023CP.B,,,,,403R-00691,,
CO4505582,080123CP.A,,,,,403R-00691,,
CO4505582,080123FC.A,,,,,403R-00691,,
CO4505582,Page 1 of 4,,,,,403R-00691,,
CO4505582,080123JM.A,,,,,403R-00691,,
CO4505582,080123JJ.A,,,,,403R-00691,,
CO4505582,080123PC.A,,,,,403R-00691,,
CO4505582,080123KLM.A,,,,,403R-00691,,
CO4505582,072423JJ.C,,,,,403R-00691,,
CO4505582,072423WCZ.C,,,,,403R-00691,,
CO4505582,072423GMO.C,,,,,403R-00691,,
CO4505582,072423SB.C,,,,,403R-00691,,
CO4505582,071023PC.D,,,,,403R-00691,,
CO4505582,2023-07-10- DRY ROOM-H,,,,,403R-00691,,
CO4505582,071023KLM.D,,,,,403R-00691,,
CO4505582,071023MC.D,,,,,403R-00691,,
CO4505582,062623KLM.F,,,,,403R-00691,,
CO4505582,062623GCT.F,,,,,403R-00691,,
CO4505582,062623GMO.F,,,,,403R-00691,,
CO4505582,061223PC.B,,,,,403R-00691,,
CO4505582,061223WCZ.B,,,,,403R-00691,,
CO4505582,061223MC.B,,,,,403R-00691,,
CO4505582,053123FJ2.A,,,,,403R-00691,,
CO4505582,053123FJ.A,,,,,403R-00691,,
CO4505582,053123FJ1.A,,,,,403R-00691,,
CO4505582,053123AD.A,,,,,403R-00691,,
CO4505582,2023-05-31- DRY ROOM-H,,,,,403R-00691,,
CO4505582,053123GST.A,,,,,403R-00691,,
CO4505582,053123PC.A,,,,,403R-00691,,
CO4505582,053123MC.A,,,,,403R-00691,,
CO4505582,052223BC.C,,,,,403R-00691,,
CO4505582,052223GST.C,,,,,403R-00691,,
CO4505582,052223PC.C,,,,,403R-00691,,
CO4505582,052223GCT.C,,,,,403R-00691,,
CO4505582,052223PG.D,,,,,403R-00691,,
CO4505582,050823KLM.D,,,,,403R-00691,,
CO4505582,050823CR.D,,,,,403R-00691,,
CO4505582,05082023PG.D,,,,,403R-00691,,
CO4505582,042423CP.F,,,,,403R-00691,,
CO4505582,042423WZ.F,,,,,403R-00691,,
CO4505582,042423BC.F,,,,,403R-00691,,
CO4505582,041023PG.B,,,,,403R-00691,,
CO4505582,41023SB.B,,,,,403R-00691,,
CO4505582,41023KLM.B,,,,,403R-00691,,
CO4505582,041023KLM.B,,,,,403R-00691,,
CO4505582,041023SB.B,,,,,403R-00691,,
CO4505582,041023JJ.B,,,,,403R-00691,,
CO4505582,41023CR.B,,,,,403R-00691,,
CO4505582,041023CR.B,,,,,403R-00691,,
CO4505582b,061223MC.B,,,,,403R-00691,,
CO4505582b,052223PC.C,,,,,403R-00691,,
CO4505582c,052223PG.D,,,,,403R-00691,,
CO4505582c,053123MC.,,,,,403R-00691,,
CO4506983,E2900 Glittles (Sold as Bud-E2900 Glittles),,,,,,,
CO4506983,MR179 Jam Sandwich (Sold as Popcorn - MR179 Jam Sandwich),,,,,,,
CO4506983,HR1464 Axilla (Sold as Bud-LR 1464 Axilla),,,,,,,
CO4506983,csc 221123 f1 (sold as Bud-Crescendo Sour Cookies),,,,,,,
CO4508984,Modified Grapes 12-13-22,,,,,,,
CO4508984,Mac n Cheese 12-13-22,,,,,,,
CO4508984,Phantom Cookies 10-14-22,,,,,,,
CO4508984,Lemon Hash Sour Diesel 4-12-23B (bud and sold as KCC Singles pre-rolls),,,,,,,
CO4509985b,RGcane1/9/23,,,,,403R-00179,,
CO4509985b,Member1.25,,,,,403R-00179,,
CO4509985b,Macncheese1/25,,,,,403R-00179,,
CO4509985b,R13TRCK11.3.22,,,,,403R-00179,,
CO4509985b,RLilacD1/22/23,,,,,403R-00179,,
CO4509985,RGcake1/11/23,,,,,403R-00179,,
CO4509985c,R13NSM6.27.22,,,,,403R-00179,,
CO4509985c,R13CKCRS8.3.22,,,,,403R-00179,,
CO4509985c,R13GLCK8.9.22,,,,,403R-00179,,
CO4509985c,R13TRCK8.16.22,,,,,403R-00179,,
CO4509985c,R13LD2.14.22FF,,,,,403R-00179,,
CO4509985c,R13GBreath10.19,,,,,403R-00179,,
CO4509985c,R13GRSH10/26/22,,,,,403R-00179,,
CO4509985c,R13GLBL11.3.22,,,,,403R-00179,,
CO4509985c,Gcake11/9/22,,,,,403R-00179,,
CO4509985c,Trop11.9.22,,,,,403R-00179,,
CO4509985c,CHTRP11/23,,,,,403R-00179,,
CO4509985c,Rmember12.12.22,,,,,403R-00179,,
CO4509985c,Rvixen12/16/22,,,,,403R-00179,,
CO4509985c,RGLBL1/2/23,,,,,403R-00179,,
CO4509985c,RGRSH1/2/23,,,,,403R-00179,,
CO4509985c,RTRCK1/9/23FF,,,,,403R-00179,,
CO4509985c,CHTRP1/17/2,,,,,403R-00179,,
CO4509985b,M13TRPCK8.16.22,,403-00117,,,,,
CO4509985c,M13GRBR8.1.22,,403-00117,,,,,
CO4509985c,M13CKCRS8.3.22,,403-00117,,,,,
CO4509985c,M13GLCK8.9.22,,403-00117,,,,,
CO4509985c,M13GLBL9.7.22,,403-00117,,,,,
CO4509985c,M13SD9.8.22,,403-00117,,,,,
CO4516286,RNZ 1/4/23,,403-01300,,,,,
CO4516286,GC 2/8/23,,403-01300,,,,,
CO4516286,GC 2/22/23,,403-01300,,,,,
CO4516286,GP 2/8/23,,403-01300,,,,,
CO4516286,GP 1/4/23,,403-01300,,,,,
CO4516286,WMG 2/8/23,,403-01300,,,,,
CO4516286b,DM 1/25/23,,403-01300,,,,,
CO4516286b,MAC 1/25/23,,403-01300,,,,,
CO4516286b,WMG 8/31/22,,403-01300,,,,,
CO4516286b,DM 11/23/22,,403-01300,,,,,
CO4516286b,MAC 11/23/22,,403-01300,,,,,
CO4516286b,WRZ 11/23/22,,403-01300,,,,,
CO4516286b,DXG 10/19/22,,403-01300,,,,,
CO4516286b,MAC 9/21/22,,403-01300,,,,,
CO4516286b,WRZ 3/29/23,,403-01300,,,,,
CO4516286b,GC 8/31/22,,403-01300,,,,,
CO4516286b,RNZ 10/5/22,,403-01300,,,,,
CO4516286b,WRZ 9/21/22,,403-01300,,,,,
CO4516286b,GP 10/05/22,,403-01300,,,,,
CO4516286b,RNZ 12/21/22,,403-01300,,,,,
CO4516286b,ZZZ 8/31/22,,403-01300,,,,,
CO4516286b,GP 11/2/22,,403-01300,,,,,
CO4516286b,RNZ 3/8/23,,403-01300,,,,,
CO4516286b,GP 8/31/22,,403-01300,,,,,
CO4516286b,STZ 8/31/22,,403-01300,,,,,
CO4516286b,JFG 8/31/22,,403-01300,,,,,
CO4516286b,SWT 9/21/22,,403-01300,,,,,
CO4516286b,JFG 10/5/22,,403-01300,,,,,
CO4516286b,SWT 1/25/23,,403-01300,,,,,
CO4516286b,JP 10/19/22,,403-01300,,,,,
CO4516286b,WMG 10/19/22,,403-01300,,,,,
CO4524687,10-18-21FB,,,,,403R-00953,,
CO4524687,9-21-21PP,,,,,403R-00953,,
CO4524687,10-10-21 I-95,,,,,403R-00953,,
CO4524687,10-18-21SPOG,,,,,403R-00953,,
CO4524687b,10-18-21GOB,,,,,403R-00953,,
CO4524687b,10-17-21TWGB,,,,,403R-00953,,
CO4524687b,10-18-21TK,,,,,403R-00953,,
CO4524687b,10-11-21FBX,,,,,403R-00953,,
CO4524687b,10-18-21ICC,,,,,403R-00953,,
CO4524688,9-30-20I95,,,,,403R-00467,,
CO4524688,10-19-21Maui,,,,,403R-00467,,
CO4524688c,9-29-20DB,,,,,403R-00467,,
CO4524688c,10-5-20DI4,,,,,403R-00467,,
CO4524688c,10-5-20JU3,,,,,403R-00467,,
CO4524688c,10-9-20KK,,,,,403R-00467,,
CO4524688b,10-19-21SPOG ,,,,,403R-00467,,
CO4524688b,10-13-21KK,,,,,,,
CO4526689,I1570 22.02.01 MI,,403-01570,,,,,
CO4526689,I1570 22.07.26 DC,,403-01570,,,,,
CO4526689,I1570 22.07.26 SC,,403-01570,,,,,
CO4526689,I1570 22.07.26 OG,,403-01570,,,,,
CO4526689,I1570 22.12.13 TF,,403-01570,,,,,
CO4526689,I1570 22.07.26 OK,,403-01570,,,,,
CO4526689b,I1570 22.07.26 BD ,,403-01570,,,,,
CO4526689b,I1570 22.06.21 SC,,403-01570,,,,,
CO4526689c,I1570 21.12.28 BD,,403-01570,,,,,
CO4526689c,I1570 22.02.25 CH,,403-01570,,,,,
CO4526689c,I1570 22.05.17 PD,,403-01570,,,,,
CO4526689c,I1570 21.12.28 CH,,403-01570,,,,,
CO4526689c,I1570 22.02.25 DC,,403-01570,,,,,
CO4526689c,I1570 22.05.17 SC,,403-01570,,,,,
CO4526689c,I1570 21.12.28 DC,,403-01570,,,,,
CO4526689c,I1570 22.02.25 DM,,403-01570,,,,,
CO4526689c,I1570 22.06.21 DC,,403-01570,,,,,
CO4526689c,I1570 21.12.28 DM,,403-01570,,,,,
CO4526689c,I1570 22.02.25 DT,,403-01570,,,,,
CO4526689c,I1570 22.06.21 DM,,403-01570,,,,,
CO4526689c,I1570 21.12.28 DT,,403-01570,,,,,
CO4526689c,I1570 22.02.25 GO,,403-01570,,,,,
CO4526689c,I1570 22.06.21 GO,,403-01570,,,,,
CO4526689c,I1570 21.12.28 GO,,403-01570,,,,,
CO4526689c,I1570 22.02.25 IO,,403-01570,,,,,
CO4526689c,I1570 22.06.21 JO,,403-01570,,,,,
CO4526689c,I1570 21.12.28 IO,,403-01570,,,,,
CO4526689c,I1570 22.02.25 JO,,403-01570,,,,,
CO4526689c,I1570 22.06.21 LS,,403-01570,,,,,
CO4526689c,I1570 21.12.28 JO,,403-01570,,,,,
CO4526689c,I1570 22.02.25 LC,,403-01570,,,,,
CO4526689c,I1570 22.06.21 MI,,403-01570,,,,,
CO4526689c,I1570 21.12.28 LC,,403-01570,,,,,
CO4526689c,I1570 22.02.25 LS,,403-01570,,,,,
CO4526689c,I1570 22.06.21 SC,,403-01570,,,,,
CO4526689c,I1570 21.12.28 LS,,403-01570,,,,,
CO4526689c,I1570 22.02.25 MI,,403-01570,,,,,
CO4526689c,I1570 22.07.26 BB,,403-01570,,,,,
CO4526689c,I1570 21.12.28 MI,,403-01570,,,,,
CO4526689c,I1570 22.02.25 OG,,403-01570,,,,,
CO4526689c,I1570 22.07.26 DC,,403-01570,,,,,
CO4526689c,I1570 21.12.28 OG,,403-01570,,,,,
CO4526689c,I1570 22.02.25 OK,,403-01570,,,,,
CO4526689c,I1570 22.07.26 DM,,403-01570,,,,,
CO4526689c,I1570 21.12.28 OK,,403-01570,,,,,
CO4526689c,I1570 22.02.25 PD,,403-01570,,,,,
CO4526689c,I1570 22.07.26 DT,,403-01570,,,,,
CO4526689c,I1570 21.12.28 PD-A,,403-01570,,,,,
CO4526689c,I1570 22.02.25 SC,,403-01570,,,,,
CO4526689c,I1570 22.07.26 GO,,403-01570,,,,,
CO4526689c,I1570 21.12.28 SC,,403-01570,,,,,
CO4526689c,I1570 22.02.25 SF,,403-01570,,,,,
CO4526689c,I1570 22.07.26 IP,,403-01570,,,,,
CO4526689c,I1570 21.12.28 SF,,403-01570,,,,,
CO4526689c,I1570 22.02.25 SK,,403-01570,,,,,
CO4526689c,I1570 22.07.26 LC,,403-01570,,,,,
CO4526689c,I1570 21.12.28 SK,,403-01570,,,,,
CO4526689c,I1570 22.02.25 SN,,403-01570,,,,,
CO4526689c,I1570 22.07.26 LS,,403-01570,,,,,
CO4526689c,I1570 21.12.28 SN,,403-01570,,,,,
CO4526689c,I1570 22.02.25 TF,,403-01570,,,,,
CO4526689c,I1570 22.07.26 MI,,403-01570,,,,,
CO4526689c,I1570 21.12.28 TF,,403-01570,,,,,
CO4526689c,I1570 22.02.25 WW,,403-01570,,,,,
CO4526689c,I1570 22.07.26 PD,,403-01570,,,,,
CO4526689c,I1570 21.12.28 WW,,403-01570,,,,,
CO4526689c,I1570 22.04.12 BB,,403-01570,,,,,
CO4526689c,I1570 22.07.26 SC,,403-01570,,,,,
CO4526689c,I1570 22.02.01 BB,,403-01570,,,,,
CO4526689c,I1570 22.04.12 BD,,403-01570,,,,,
CO4526689c,I1570 22.07.26 SK,,403-01570,,,,,
CO4526689c,I1570 22.02.01 BD,,403-01570,,,,,
CO4526689c,I1570 22.04.12 DC,,403-01570,,,,,
CO4526689c,I1570 22.07.26 SN,,403-01570,,,,,
CO4526689c,I1570 22.02.01 CH,,403-01570,,,,,
CO4526689c,I1570 22.04.12 DM,,403-01570,,,,,
CO4526689c,I1570 22.08.30 BB,,403-01570,,,,,
CO4526689c,I1570 22.02.01 DC,,403-01570,,,,,
CO4526689c,I1570 22.04.12 DT,,403-01570,,,,,
CO4526689c,I1570 22.08.30 BD,,403-01570,,,,,
CO4526689c,I1570 22.02.01 DM,,403-01570,,,,,
CO4526689c,I1570 22.04.12 GO,,403-01570,,,,,
CO4526689c,I1570 22.08.30 CH,,403-01570,,,,,
CO4526689c,I1570 22.02.01 DT,,403-01570,,,,,
CO4526689c,I1570 22.04.12 IO,,403-01570,,,,,
CO4526689c,I1570 22.08.30 DC,,403-01570,,,,,
CO4526689c,I1570 22.02.01 GO,,403-01570,,,,,
CO4526689c,I1570 22.04.12 JO,,403-01570,,,,,
CO4526689c,I1570 22.08.30 DM,,403-01570,,,,,
CO4526689c,I1570 22.02.01 IO,,403-01570,,,,,
CO4526689c,I1570 22.04.12 LS,,403-01570,,,,,
CO4526689c,I1570 22.08.30 DT,,403-01570,,,,,
CO4526689c,I1570 22.02.01 JO,,403-01570,,,,,
CO4526689c,I1570 22.04.12 OG,,403-01570,,,,,
CO4526689c,I1570 22.08.30 GO,,403-01570,,,,,
CO4526689c,I1570 22.02.01 LC,,403-01570,,,,,
CO4526689c,I1570 22.04.12 OK,,403-01570,,,,,
CO4526689c,I1570 22.08.30 IO,,403-01570,,,,,
CO4526689c,I1570 22.02.01 LS,,403-01570,,,,,
CO4526689c,I1570 22.04.12 PD-A,,403-01570,,,,,
CO4526689c,I1570 22.08.30 IP,,403-01570,,,,,
CO4526689c,I1570 22.02.01 MI,,403-01570,,,,,
CO4526689c,I1570 22.04.12 SC,,403-01570,,,,,
CO4526689c,I1570 22.08.30 JO,,403-01570,,,,,
CO4526689c,I1570 22.02.01 OG,,403-01570,,,,,
CO4526689c,I1570 22.04.12 TF,,403-01570,,,,,
CO4526689c,I1570 22.08.30 LS,,403-01570,,,,,
CO4526689c,I1570 22.02.01 PD-A,,403-01570,,,,,
CO4526689c,I1570 22.05.17 BB,,403-01570,,,,,
CO4526689c,I1570 22.08.30 OK,,403-01570,,,,,
CO4526689c,I1570 22.02.01 SC,,403-01570,,,,,
CO4526689c,I1570 22.05.17 BD,,403-01570,,,,,
CO4526689c,I1570 22.08.30 PD,,403-01570,,,,,
CO4526689c,I1570 22.02.01 SF,,403-01570,,,,,
CO4526689c,I1570 22.05.17 DM,,403-01570,,,,,
CO4526689c,I1570 22.08.30 SC,,403-01570,,,,,
CO4526689c,I1570 22.02.01 SK,,403-01570,,,,,
CO4526689c,I1570 22.05.17 IO,,403-01570,,,,,
CO4526689c,I1570 22.08.30 SK,,403-01570,,,,,
CO4526689c,I1570 22.02.01 SN,,403-01570,,,,,
CO4526689c,I1570 22.05.17 IP,,403-01570,,,,,
CO4526689c,I1570 22.08.30 SN,,403-01570,,,,,
CO4526689c,I1570 22.02.01 TF,,403-01570,,,,,
CO4526689c,I1570 22.05.17 LS,,403-01570,,,,,
CO4526689c,I1570 22.08.30 TF,,403-01570,,,,,
CO4526689c,I1570 22.02.01 WW,,403-01570,,,,,
CO4526689c,I1570 22.05.17 MI,,403-01570,,,,,
CO4526689c,I1570 22.11.08. SN,,403-01570,,,,,
CO4526689c,I1570 22.02.25 BB,,403-01570,,,,,
CO4526689c,I1570 22.05.17 OG,,403-01570,,,,,
CO4526689c,I1570 22.05.17 OK,,403-01570,,,,,
CO4533790,082823WCZ.F,,,,,403R-00691,,
CO4533790,082823ZP.F,,,,,403R-00691,,
CO4533790,082823KLM.F,,,,,403R-00691,,
CO4533790,082823JJ.F,,,,,403R-00691,,
CO4533790,082823FIZZ.F,,,,,403R-00691,,
CO4533790,081523MC.B,,,,,403R-00691,,
CO4533790,081523GMO.B,,,,,403R-00691,,
CO4533790,081523SB.B,,,,,403R-00691,,
CO4533790,08152023CP.B,,,,,403R-00691,,
CO4533790,080123CP.A,,,,,403R-00691,,
CO4533790,080123FC.A,,,,,403R-00691,,
CO4533790,080123JM.A,,,,,403R-00691,,
CO4533790,080123JJ.A,,,,,403R-00691,,
CO4533790,080123PC.A,,,,,403R-00691,,
CO4533790,080123KLM.A,,,,,403R-00691,,
CO4533790,072423JJ.C,,,,,403R-00691,,
CO4533790,072423WCZ.C,,,,,403R-00691,,
CO4533790,072423GMO.C,,,,,403R-00691,,
CO4533790,072423SB.C,,,,,403R-00691,,
CO4533790,071023PC.D,,,,,403R-00691,,
CO4533790,2023-07-10- DRY ROOM-H,,,,,403R-00691,,
CO4533790,071023KLM.D,,,,,403R-00691,,
CO4533790,071023MC.D,,,,,403R-00691,,
CO4533790,062623KLM.F,,,,,403R-00691,,
CO4533790,062623GCT.F,,,,,403R-00691,,
CO4533790,062623GMO.F,,,,,403R-00691,,
CO4533790,061223PC.B,,,,,403R-00691,,
CO4533790,061223WCZ.B,,,,,403R-00691,,
CO4533790,061223MC.B,,,,,403R-00691,,
CO4533790,053123FJ2.A,,,,,403R-00691,,
CO4533790,053123FJ.A,,,,,403R-00691,,
CO4533790,053123FJ1.A,,,,,403R-00691,,
CO4533790,053123AD.A,,,,,403R-00691,,
CO4533790,2023-05-31- DRY ROOM-H,,,,,403R-00691,,
CO4533790,053123GST.A,,,,,403R-00691,,
CO4533790,053123PC.A,,,,,403R-00691,,
CO4533790,053123MC.A,,,,,403R-00691,,
CO4533790,052223BC.C,,,,,403R-00691,,
CO4533790,052223GST.C,,,,,403R-00691,,
CO4533790,052223PC.C,,,,,403R-00691,,
CO4533790,052223GCT.C,,,,,403R-00691,,
CO4533790,052223PG.D,,,,,403R-00691,,
CO4533790,050823KLM.D,,,,,403R-00691,,
CO4533790,050823CR.D,,,,,403R-00691,,
CO4533790,05082023PG.D,,,,,403R-00691,,
CO4533790,042423CP.F,,,,,403R-00691,,
CO4533790,042423WZ.F,,,,,403R-00691,,
CO4533790,042423BC.F,,,,,403R-00691,,
CO4533790,041023PG.B,,,,,403R-00691,,
CO4533790,41023SB.B,,,,,403R-00691,,
CO4533790,41023KLM.B,,,,,403R-00691,,
CO4533790,041023KLM.B,,,,,403R-00691,,
CO4533790,041023SB.B,,,,,403R-00691,,
CO4533790,041023JJ.B,,,,,403R-00691,,
CO4533790,41023CR.B,,,,,403R-00691,,
CO4533790,041023CR.B,,,,,403R-00691,,
CO4533790b,052223PG.D ,,,,,403R-00691,,
CO4533790b,053123MC,,,,,403R-00691,,
CO4533790c,061223MC.B,,,,,403R-00691,,
CO4533790c,052223PC.C,,,,,403R-00691,,
CO4534391,CPNH08023R,,,,,403R-01183,,
CO4534391,TRFL06143R,,,,,403R-01183,,
CO4534391b,TRFL06143R,,,,,403R-01183,,
CO4534391b,GRCN05033R,,,,,403R-01183,,
CO4534391b,GBAL06073R,,,,,403R-01183,,
CO4534391b,RNRY05313R,,,,,403R-01183,,
CO4534391c,GOCK07123R,,,,,403R-01183,,
CO4534391c,WGCK08023R,,,,,403R-01183,,
CO4534391c,GOCK07123R,,,,,403R-01183,,
CO4534391c,SRBF07193R,,,,,403R-01183,,
CO4534391c,ICCK07263R,,,,,403R-01183,,
CO4534391c,CPNH06073R,,,,,403R-01183,,
CO4534391c,TBAN07053R,,,,,403R-01183,,
CO4534391c,CPNH08023R,,,,,403R-01183,,
CO4534391c,SPIE05243R,,,,,403R-01183,,
CO4534391c,BLGC10192R,,,,,403R-01183,,
CO4534391c,GRCN06143R,,,,,403R-01183,,
CO4534391c,GOCK07123R,,,,,403R-01183,,
CO4534391c,GYPN05173R,,,,,403R-01183,,
CO4534391c,WGCK08023R,,,,,403R-01183,,
CO4534391c,AMNT08093R,,,,,403R-01183,,
CO4534391c,GRCN05033R,,,,,403R-01183,,
CO4534391c,GOCK07123R,,,,,403R-01183,,
CO4534391c,GOCK07123R,,,,,403R-01183,,
CO4534391c,TRFL05033R,,,,,403R-01183,,
CO4534391c,OIPS06283R,,,,,403R-01183,,
CO4534391c,CPNH08023R,,,,,403R-01183,,
CO4534391c,VFOG04123R,,,,,403R-01183,,
CO4534391c,DINF08093R,,,,,403R-01183,,
CO4534391c,DINF08093R,,,,,403R-01183,,
CO4534391c,GPGS07193R,,,,,403R-01183,,
CO4534391c,GBAL07123R,,,,,403R-01183,,
CO4534391c,WGCK08023R,,,,,403R-01183,,
CO4534391c,WGCK08023R,,,,,403R-01183,,
CO4534391c,GOCK07123R,,,,,403R-01183,,
CO4534391c,GOCK07123R,,,,,403R-01183,,
CO4534391c,GOCK07123R,,,,,403R-01183,,
CO4534391c,GPGS07193R,,,,,403R-01183,,
CO4534391c,GOCK07123R,,,,,403R-01183,,
CO4534391c,RPKI07193R,,,,,403R-01183,,
CO4534391c,OIPS05243R,,,,,403R-01183,,
CO4534391c,AFTR07053R,,,,,403R-01183,,
CO4534391c,WTMN07123R,,,,,403R-01183,,
CO4534391c,VFOG07053R,,,,,403R-01183,,
CO4534391c,RNRY05313R,,,,,403R-01183,,
CO4534391c,OREO04053R,,,,,403R-01183,,
CO4534391c,GYPN03083R,,,,,403R-01183,,
CO4534391c,DINF08093R,,,,,403R-01183,,
CO4534391c,CPNH02223R,,,,,403R-01183,,
CO4534391c,CPNH08023R,,,,,403R-01183,,
CO4534391c,SBCK07263R,,,,,403R-01183,,
CO4534391c,RNRY05313R,,,,,403R-01183,,
CO4534391c,WTMN05173R,,,,,403R-01183,,
CO4534391c,GPGS07193R,,,,,403R-01183,,
CO4534391c,TBAN03153R,,,,,403R-01183,,
CO4534391c,DINF02153R,,,,,403R-01183,,
CO4534391c,SRBF04053R,,,,,403R-01183,,
CO4534391c,PHBH03223R,,,,,403R-01183,,
CO4534391c,GOCK07123R,,,,,403R-01183,,
CO4534391c,GOCK07123R,,,,,403R-01183,,
CO4534391c,RNRY05313R,,,,,403R-01183,,
CO4534391c,GPGS07193R,,,,,403R-01183,,
CO4534391c,OIPS05243R,,,,,403R-01183,,
CO4534391c,TRFL03083R,,,,,403R-01183,,
CO4534391c,GOCK07123R,,,,,403R-01183,,
CO4534391c,OIPS05243R,,,,,403R-01183,,
CO4534391c,RPKI07193R,,,,,403R-01183,,
CO4534391c,SBCK07263R,,,,,403R-01183,,
CO4534391c,OIPS05243R,,,,,403R-01183,,
CO4534391c,SBCK06283R,,,,,403R-01183,,
CO4534391c,WDGP07053R,,,,,403R-01183,,
CO4534391c,WGCK08023R,,,,,403R-01183,,
CO4534391c,RPKI08023R,,,,,403R-01183,,
CO4534391c,SRBF07193R,,,,,403R-01183,,
CO4534391c,GBAL06073R,,,,,403R-01183,,
CO4534391c,DINF04053R,,,,,403R-01183,,
CO4534391c,WDGP07053R,,,,,403R-01183,,
CO4534391c,GRCN02223R,,,,,403R-01183,,
CO4534391c,DVPT05033R,,,,,403R-01183,,
CO4534391c,PHBH03223R,,,,,403R-01183,,
CO4534391c,SRBF04053R,,,,,403R-01183,,
CO4534391c,GYPN05173R,,,,,403R-01183,,
CO4534391c,GRCN06143R,,,,,403R-01183,,
CO4534391c,GOCK05313R,,,,,403R-01183,,
CO4534391c,RNRY03083R,,,,,403R-01183,,
CO4534391c,WTMN06073R,,,,,403R-01183,,
CO4534391c,CPNH02223R,,,,,403R-01183,,
CO4534391c,CPNH08023R,,,,,403R-01183,,
CO4534391c,WTMN06073R,,,,,403R-01183,,
CO4534391c,SRBF06143R,,,,,403R-01183,,
CO4534391c,SBCK06283R,,,,,403R-01183,,
CO4534391c,SBCK07263R,,,,,403R-01183,,
CO4534391c,RNRY05313R,,,,,403R-01183,,
CO4534391c,RNRY03083R,,,,,403R-01183,,
CO4534391c,SBCK06283R,,,,,403R-01183,,
CO4534391c,OIPS05243R,,,,,403R-01183,,
CO4534391c,GPGS04123R,,,,,403R-01183,,
CO4534391c,SBCK06283R,,,,,403R-01183,,
CO4534391c,VFOG07053R,,,,,403R-01183,,
CO4534391c,AFTR07053R,,,,,403R-01183,,
CO4534391c,DINF08093R,,,,,403R-01183,,
CO4534391c,WTMN07123R,,,,,403R-01183,,
CO4534391c,SBCK03223R,,,,,403R-01183,,
CO4534391c,WDGP07053R,,,,,403R-01183,,
CO4534391c,GOCK07123R,,,,,403R-01183,,
CO4534391c,SBCK06283R,,,,,403R-01183,,
CO4534391c,SRBF07193R,,,,,403R-01183,,
CO4534391c,SBCK07263R,,,,,403R-01183,,
CO4534391c,RPKI07193R,,,,,403R-01183,,
CO4535792,Fall 2023 MF,,,,,403R-01004,,